image,set,K,n_bits,bpp,embed_s,fix_passes,error,extract_s,exact,ber,psnr_luma,ssim_luma,psnr_color,ssim_color,changed_px_frac
071.png,ft,38,38904,0.5936279296875,116.07558419999987,7,,0.1731141000000207,True,0.0,30.307438591063143,0.992677370898198,29.268255969335577,0.9903993014847582,0.9394989013671875
071.png,base,38,38904,0.5936279296875,11.154031999999916,10,,0.16944229999990057,True,0.0,30.728745743292695,0.7310449538573877,30.572989881251004,0.7235562884663058,0.9827880859375
103.png,ft,38,39024,0.595458984375,415.4290827,14,,0.16451039999992645,True,0.0,30.34619417661702,0.9604125266521023,26.111635446367,0.9448790048643264,0.909423828125
103.png,base,38,39024,0.595458984375,186.17186249999986,10,,0.1511860999999044,True,0.0,32.76791582085488,0.9152729440699632,29.505005503393313,0.8931536816140727,0.888946533203125
117.png,ft,38,38936,0.5941162109375,124.88090590000002,10,,0.1663047000001825,True,0.0,30.031617140766002,0.9847620817393216,29.05220839277895,0.9822169577590892,0.910247802734375
117.png,base,38,38936,0.5941162109375,45.626056399999925,10,,0.1847594000000754,True,0.0,29.67725749853921,0.6904133281026158,29.29314468600055,0.6851200003762576,0.931640625
156.png,ft,38,39304,0.5997314453125,51.79115180000008,12,,0.16429400000015448,True,0.0,30.304780193616686,0.9811843262435572,29.857409883694434,0.9787336854156958,0.9174652099609375
156.png,base,38,39304,0.5997314453125,70.20705749999979,11,,0.16938729999992574,True,0.0,31.28059561171763,0.86350537175818,30.555034300965765,0.8586873525156041,0.9085693359375
161.png,ft,38,39272,0.5992431640625,42.008547200000066,10,,0.16489170000022568,True,0.0,30.518066152232702,0.98494235773222,30.06623219369205,0.9791048082602174,0.93157958984375
161.png,base,38,39272,0.5992431640625,33.93842080000013,10,,0.1763043999999354,True,0.0,31.23632537186552,0.9085291160915636,30.791112587359034,0.8767354839213488,0.923492431640625
329.png,ft,38,39160,0.5975341796875,315.7555643999999,10,,0.1551131000001078,True,0.0,30.321946802396845,0.9746870539703423,27.87923499304755,0.9688343967346613,0.9319000244140625
329.png,base,38,39160,0.5975341796875,116.27059599999984,11,,0.1744978000001538,True,0.0,31.785593652016097,0.863003949193001,29.856322569925837,0.8458318381941173,0.86199951171875
003.png,ft,37,38192,0.582763671875,244.67669849999993,9,,0.17511000000013155,True,0.0,30.455301239518736,0.9922871470773825,27.91235082727659,0.9846089138612267,0.94732666015625
003.png,base,37,38192,0.582763671875,448.03228679999984,6,,0.16148840000005293,True,0.0,30.410824137629593,0.857178722898854,22.789137904939846,0.7859695899781883,0.97589111328125
033.png,ft,37,38112,0.58154296875,292.8882840000001,9,,0.151079899999786,True,0.0,30.055652756133924,0.9750198531103358,27.339022073416448,0.9657887596652821,0.91998291015625
033.png,base,37,38112,0.58154296875,325.05740479999986,13,,0.14249310000013793,True,0.0,31.05473933745689,0.8536132667099382,26.373060377517035,0.8003392503502745,0.9494781494140625
040.png,ft,37,38048,0.58056640625,347.8558954,9,,0.1681866000003538,True,0.0,30.462177592291685,0.9765421108697082,26.902463039960715,0.9661127272076447,0.9213104248046875
040.png,base,37,38048,0.58056640625,198.44257370000014,10,,0.14208149999967645,True,0.0,30.90031432028163,0.8750016210335758,27.06659853784611,0.8438474066548555,0.9286651611328125
043.png,ft,37,38776,0.5916748046875,116.97980849999976,14,,0.17532970000002024,True,0.0,30.367159448250774,0.9926549405685522,29.431358892674034,0.9908113934258491,0.9323883056640625
043.png,base,37,38776,0.5916748046875,86.73892580000029,11,,0.1736746999999923,True,0.0,29.60754821654628,0.8852541917039252,28.96222084172535,0.8710323837241728,0.9277191162109375
063.png,ft,37,38032,0.580322265625,195.50276840000015,9,,0.1478740999996262,True,0.0,30.37863633678348,0.960657280887947,28.088721387128256,0.9512695785322421,0.9217529296875
063.png,base,37,38032,0.580322265625,129.51188749999983,11,,0.15681630000017321,True,0.0,30.719451910375383,0.8836634972002062,27.961059234423814,0.8494631702137735,0.938568115234375
113.png,ft,37,38704,0.590576171875,151.38486280000006,8,,0.16325460000007297,True,0.0,30.316374896318223,0.9859807021104562,28.602929562956106,0.9775130725649904,0.9263458251953125
113.png,base,37,38704,0.590576171875,210.75555740000027,9,,0.15530950000038501,True,0.0,30.735643177574225,0.8185075901061964,27.514568494792584,0.7863738078164788,0.91766357421875
169.png,ft,37,38344,0.5850830078125,251.84646269999985,10,,0.16262289999986024,True,0.0,30.425654363440884,0.9902663386512174,28.20631086761995,0.9848271825769975,0.9559478759765625
169.png,base,37,38344,0.5850830078125,145.07285460000003,11,,0.1747994999996081,True,0.0,29.920922772460802,0.9401922383124188,28.648396516252422,0.9170244292289126,0.9637451171875
222.png,ft,37,38816,0.59228515625,394.38895,11,,0.15042629999970814,True,0.0,30.365772283915724,0.9791310666098767,27.103329425788345,0.9653441436069565,0.964508056640625
222.png,base,37,38816,0.59228515625,181.49478080000017,11,,0.14544999999998254,True,0.0,31.09805517277744,0.8256307488335088,27.907275867634915,0.7416644278443053,0.9605255126953125
233.png,ft,37,38368,0.58544921875,92.8690176,6,,0.146299700000327,True,0.0,31.11806769077227,0.9954729013971516,29.89217744955818,0.9924463088071924,0.9764251708984375
233.png,base,37,38368,0.58544921875,38.50522099999989,8,,0.1480397999998786,True,0.0,30.555411841796307,0.9576167629760312,29.852950933336082,0.9450592573187283,0.9596405029296875
234.png,ft,37,37968,0.579345703125,166.37272359999997,10,,0.16286970000010115,True,0.0,31.110249006281737,0.9870144546566604,29.295710079836788,0.9812285281330823,0.958953857421875
234.png,base,37,37968,0.579345703125,219.95285969999986,10,,0.14795550000008006,True,0.0,29.84309022409148,0.8441675004304698,27.715554408228023,0.8241648212009677,0.9330902099609375
242.png,ft,37,37840,0.577392578125,69.77652649999982,11,,0.15366889999995692,True,0.0,30.899708739194637,0.9808558533854206,30.022224669175017,0.9756710464631966,0.9158172607421875
242.png,base,37,37840,0.577392578125,12.131871099999898,7,,0.15240869999979623,True,0.0,33.99466103618894,0.9162020199247976,33.60044000572839,0.8996196732090719,0.9036407470703125
245.png,ft,37,38728,0.5909423828125,63.33490690000008,10,,0.15839169999981095,True,0.0,30.1059612003867,0.9803896197742076,29.466343980622604,0.9773828222695208,0.9030303955078125
245.png,base,37,38728,0.5909423828125,20.284393700000237,9,,0.14151240000001053,True,0.0,32.05744800249103,0.938905517943841,31.77495362505388,0.9256862001877968,0.95361328125
248.png,ft,37,37936,0.578857421875,61.547559900000124,14,,0.13763299999982337,True,0.0,30.213938228433882,0.9583331931674205,29.523197239578437,0.9510391971588703,0.8780670166015625
248.png,base,37,37936,0.578857421875,6.5365310000001955,4,,0.1855681000001823,True,0.0,32.358805191913575,0.8185878268254706,32.448305801774055,0.8241441339734159,0.9735107421875
289.png,ft,37,38152,0.5821533203125,105.49921180000001,10,,0.15523290000010093,True,0.0,30.524212406309825,0.9911365228236144,29.52100591994748,0.9880629618632869,0.9405364990234375
289.png,base,37,38152,0.5821533203125,113.70029199999999,8,,0.14602549999972325,True,0.0,30.71042276469328,0.94253361919237,29.190332348636908,0.922867114904066,0.956634521484375
301.png,ft,37,38744,0.5911865234375,37.142569000000094,9,,0.13684869999997318,True,0.0,30.07064742106457,0.9795061584098814,29.769146927664387,0.9783812374234276,0.9005584716796875
301.png,base,37,38744,0.5911865234375,459.6043414999999,9,,0.16594510000004448,True,0.0,31.811324111322634,0.9169344534844601,24.734423374141542,0.8561443702466834,0.9232330322265625
320.png,ft,37,38808,0.5921630859375,42.26141920000009,6,,0.15944339999987278,True,0.0,30.717538783685107,0.9941952092044868,30.044655569004387,0.9910615718748014,0.96923828125
320.png,base,37,38808,0.5921630859375,65.2021206000004,7,,0.15352119999988645,True,0.0,29.860319161786123,0.9139436829044633,28.7109558434316,0.8950931568441782,0.977508544921875
344.png,ft,37,38792,0.5919189453125,129.64810380000017,7,,0.15447489999996833,True,0.0,30.317158698992248,0.9899808051683823,28.977580036812647,0.9858001175629832,0.9476318359375
344.png,base,37,38792,0.5919189453125,381.2270975000001,10,,0.1498796000000766,True,0.0,29.283611384447333,0.8982250865024615,25.722920039744594,0.846696076060915,0.9520263671875
363.png,ft,37,37968,0.579345703125,88.83318989999998,11,,0.15438089999997828,True,0.0,30.43479133459568,0.9776283468927394,29.525231917535354,0.9731299966833286,0.89630126953125
363.png,base,37,37968,0.579345703125,135.12612229999968,12,,0.1488496999995732,True,0.0,30.24285851796909,0.7083630545671936,26.533942960334223,0.6798837204989566,0.8304290771484375
369.png,ft,37,38248,0.5836181640625,141.49347420000004,13,,0.14117309999983263,True,0.0,30.118428029892627,0.9813628380711331,28.963214452811044,0.9775164171124827,0.8928070068359375
369.png,base,37,38248,0.5836181640625,42.8200096999999,9,,0.16292470000007597,True,0.0,30.509954565246275,0.8269741143999575,29.26482329090469,0.7888691411438905,0.8724365234375
394.png,ft,37,38344,0.5850830078125,239.76053310000043,11,,0.15141859999994267,True,0.0,29.91780762120651,0.9836041863728469,27.668116149174907,0.9777033896510193,0.928009033203125
394.png,base,37,38344,0.5850830078125,272.490628,9,,0.15992970000024798,True,0.0,29.4491507444906,0.8990212423425314,25.666666921571498,0.8526980491761744,0.95037841796875
004.png,ft,36,37056,0.5654296875,200.6357508000001,9,,0.1344278999999915,True,0.0,30.934670708491446,0.9842136855336443,28.14100119631755,0.9761506167839392,0.9338226318359375
004.png,base,36,37056,0.5654296875,934.6727461,12,,0.16097019999961049,True,0.0,30.994370819723734,0.9144651787948594,22.31884854521671,0.8344009135804452,0.949310302734375
020.png,ft,36,37528,0.5726318359375,90.52481919999991,9,,0.1536959999998544,True,0.0,30.83571706778226,0.9946813214584117,29.720503887356205,0.9909003821983368,0.97088623046875
020.png,base,36,37528,0.5726318359375,13.853894800000035,6,,0.13983460000008563,True,0.0,30.517176361563415,0.9403318061857373,30.38694020441011,0.942633811034573,0.98321533203125
062.png,ft,36,36792,0.5614013671875,119.0144607000002,11,,0.11752290000003995,True,0.0,30.925061020276633,0.9655367566129318,29.804917063977513,0.9625290567622199,0.926361083984375
062.png,base,36,36792,0.5614013671875,299.9826417999998,13,,0.13694130000021687,True,0.0,30.192913825115898,0.7667429016977572,26.849268597834843,0.7528180445171918,0.9048919677734375
074.png,ft,36,37296,0.569091796875,49.94770070000004,10,,0.15825599999971018,True,0.0,30.979327179011896,0.9912283087682939,30.1432810220934,0.9872852597605687,0.9447784423828125
074.png,base,36,37296,0.569091796875,32.22706329999983,7,,0.15370179999990796,True,0.0,32.97408560565038,0.9428449312462039,32.135294443866115,0.9201856110304097,0.935882568359375
085.png,ft,36,36968,0.5640869140625,53.073601900000085,9,,0.15274429999999484,True,0.0,31.11302002566839,0.9916198460171868,30.421607760183555,0.9889674327990612,0.9459228515625
085.png,base,36,36968,0.5640869140625,33.20394320000014,7,,0.14593229999991308,True,0.0,30.790559127509756,0.9372570312866283,30.273240485645125,0.9210360826487429,0.955718994140625
087.png,ft,36,37496,0.5721435546875,115.4179809999996,10,,0.15728690000014467,True,0.0,30.587682874434975,0.9848036433740477,29.35029060523016,0.9805177124471617,0.9166259765625
087.png,base,36,37496,0.5721435546875,137.9430327,9,,0.1445480000002135,True,0.0,30.582463464733223,0.8932463865772534,28.972564560205324,0.8826579065261687,0.9011077880859375
088.png,ft,36,37056,0.5654296875,95.70107830000006,12,,0.15277860000014698,True,0.0,30.659700528963842,0.9877331216962936,29.177597244945392,0.983279163111581,0.9240264892578125
088.png,base,36,37056,0.5654296875,43.58477780000021,13,,0.15352359999997134,True,0.0,30.847070085278794,0.8967632692278146,29.5576473858084,0.8919901758765408,0.908905029296875
102.png,ft,36,37008,0.564697265625,80.90300279999974,8,,0.12676060000012512,True,0.0,30.61664324444406,0.9902469464800523,29.831775452378405,0.9878056284234518,0.8970947265625
102.png,base,36,37008,0.564697265625,13.987783600000057,3,,0.1361363999999412,True,0.0,33.876284957183756,0.9239181460358348,33.550865386112456,0.9137662060676398,0.948211669921875
132.png,ft,36,37616,0.573974609375,116.55253779999975,12,,0.15512519999992946,True,0.0,30.76007721229758,0.9857442266156707,28.7746162727256,0.9799344259229256,0.9057159423828125
132.png,base,36,37616,0.573974609375,43.674487699999645,9,,0.1582581000002392,True,0.0,32.011164157305544,0.8846474187159986,30.493413995428128,0.8702552851721871,0.92181396484375
141.png,ft,36,37392,0.570556640625,193.18891470000017,13,,0.14122609999958513,True,0.0,30.797624090845552,0.9918601395021914,27.672709722488626,0.9810406382980305,0.9397125244140625
141.png,base,36,37392,0.570556640625,19.97813350000024,5,,0.13567409999996016,True,0.0,31.66861237204418,0.9473769799543721,31.266717625783215,0.913095106171525,0.980438232421875
231.png,ft,36,36888,0.5628662109375,52.167159399999946,8,,0.16147159999991345,True,0.0,30.66343541665153,0.9731338406344063,30.11044106747104,0.9711007435438429,0.9131317138671875
231.png,base,36,36888,0.5628662109375,64.00690739999982,13,,0.15416529999993145,True,0.0,31.037866113387146,0.8766471384094842,30.13003842876359,0.8315318709329739,0.916595458984375
355.png,ft,36,37048,0.5653076171875,51.158252999999604,10,,0.1580103000001145,True,0.0,31.23523494155576,0.9935011396386172,30.633183249271333,0.9912575312354281,0.9233245849609375
355.png,base,36,37048,0.5653076171875,43.68635289999975,8,,0.15119849999973667,True,0.0,31.39659721858434,0.8397562520958233,30.91657073123134,0.8280596222197284,0.9182586669921875
357.png,ft,36,37312,0.5693359375,157.45209269999987,9,,0.13700710000011895,True,0.0,31.132105735447762,0.9911800295089273,29.372887014687855,0.9870965367151521,0.9366455078125
357.png,base,36,37312,0.5693359375,20.01994229999991,12,,0.1499877999999626,True,0.0,30.299986944630497,0.9268164272426086,30.066529530118142,0.918186169335228,0.9253387451171875
377.png,ft,36,36832,0.56201171875,111.25305370000024,10,,0.12086890000000494,True,0.0,30.590165343896814,0.9796471479242711,29.30539477673505,0.9767022006388072,0.90582275390625
377.png,base,36,36832,0.56201171875,152.76204890000008,13,,0.14311640000005355,True,0.0,30.997053472447927,0.8669739590521549,29.658401796907512,0.861848792750021,0.904449462890625
022.png,ft,35,35824,0.546630859375,51.325176700000156,11,,0.14402289999998175,True,0.0,30.80598866062314,0.9785779393294721,30.193257965097807,0.9716773551203003,0.8889007568359375
022.png,base,35,35824,0.546630859375,34.30708259999983,9,,0.1394894000000022,True,0.0,30.86470261957431,0.8038111766801632,30.239938133975286,0.7753565405337217,0.8942718505859375
047.png,ft,35,36608,0.55859375,80.63204619999988,10,,0.1423733000001448,True,0.0,31.22436998853363,0.9955531992148127,29.733081802918058,0.9923442125049048,0.946136474609375
047.png,base,35,36608,0.55859375,15.388011099999858,2,,0.1261580000000322,True,0.0,30.650730703150984,0.9014829747570942,30.15841590002993,0.8758018667661321,0.984954833984375
067.png,ft,35,35984,0.549072265625,98.98928230000001,12,,0.1424498000001222,True,0.0,30.471929151849753,0.9299860960052323,29.379200011892877,0.9248409084659684,0.904449462890625
067.png,base,35,35984,0.549072265625,154.70698430000039,9,,0.13702899999998408,True,0.0,30.305137686718737,0.7791440139415267,28.520925066965255,0.7460336374276831,0.925537109375
078.png,ft,35,36568,0.5579833984375,145.4670696000003,11,,0.12744870000005903,True,0.0,30.987139889127278,0.9848479237950933,28.94227531916005,0.9774623620374298,0.9233856201171875
078.png,base,35,36568,0.5579833984375,136.59653060000028,13,,0.1326042000000598,True,0.0,32.06729900089688,0.9157564998393901,29.366204448997753,0.8715434959601628,0.9498138427734375
098.png,ft,35,35904,0.5478515625,82.67580129999988,13,,0.12450770000032207,True,0.0,31.17191193318196,0.9826820945353002,30.217612217441907,0.9795056358405102,0.9139862060546875
098.png,base,35,35904,0.5478515625,216.5071267999997,17,,0.15412080000032802,True,0.0,30.25969831949937,0.8128646049363668,27.05406193344959,0.7834359535807246,0.89892578125
106.png,ft,35,35912,0.5479736328125,146.20500139999967,9,,0.1335825000001023,True,0.0,30.67906607517351,0.9808095456842894,29.23046422300115,0.9766813454156095,0.919708251953125
106.png,base,35,35912,0.5479736328125,71.74104129999978,8,,0.14005420000012236,True,0.0,29.819835949137342,0.9238307183145434,29.027323562959367,0.9079882899601013,0.955535888671875
110.png,ft,35,36056,0.5501708984375,211.85139879999997,9,,0.14371610000034707,True,0.0,30.8880886748306,0.976642478291165,28.67170903625482,0.9708078021152343,0.9014434814453125
110.png,base,35,36056,0.5501708984375,244.43871900000022,11,,0.14669279999998253,True,0.0,31.693247641979134,0.833506548007064,27.499806277427815,0.8080696797431942,0.878875732421875
144.png,ft,35,36184,0.5521240234375,83.6339254999998,10,,0.13548720000017056,True,0.0,30.579067688022512,0.9703179938037528,29.689451580959812,0.9680250253788186,0.899444580078125
144.png,base,35,36184,0.5521240234375,120.2530324000004,12,,0.13792760000023918,True,0.0,29.74627522669442,0.8557137767309458,28.41958664687632,0.8325259033322799,0.9362335205078125
145.png,ft,35,36432,0.555908203125,502.6514331999997,9,,0.1246962999994139,True,0.0,31.112104933009107,0.9885866170550878,27.01724586098819,0.9799232607048846,0.958892822265625
145.png,base,35,36432,0.555908203125,281.8661421000006,5,,0.15638659999967786,True,0.0,34.308988066406506,0.935419037778627,27.702616411945066,0.8873868297780211,0.9662933349609375
166.png,ft,35,35992,0.5491943359375,144.39234369999986,8,,0.14430059999995137,True,0.0,31.25397010228333,0.9918651635813435,29.41514942894971,0.9832568988380276,0.945831298828125
166.png,base,35,35992,0.5491943359375,48.63808319999998,8,,0.14219469999989087,True,0.0,31.05852964958414,0.7777527313898343,30.595254541595203,0.7795351516849829,0.93438720703125
195.png,ft,35,36000,0.54931640625,53.02213840000013,10,,0.13360190000003058,True,0.0,31.562809565173197,0.9840113167362562,30.838195507724233,0.9814692617180879,0.9419097900390625
195.png,base,35,36000,0.54931640625,29.18620400000009,10,,0.15595699999994395,True,0.0,30.117237424745113,0.8739098181969948,29.810679953668785,0.8595352389862757,0.9456024169921875
205.png,ft,35,36616,0.5587158203125,101.93552670000008,10,,0.15566629999966608,True,0.0,30.318101642093005,0.9704544903209003,29.392884085795387,0.9668534266558256,0.8821258544921875
205.png,base,35,36616,0.5587158203125,218.09851709999975,13,,0.10313959999984945,True,0.0,30.908881739858053,0.696408656094315,29.0761748518231,0.6331628872492029,0.9270172119140625
220.png,ft,35,36176,0.552001953125,121.66541129999996,7,,0.1409360999996352,True,0.0,31.48398253381498,0.9944842909687601,30.07760410410672,0.9898569655129149,0.9308013916015625
220.png,base,35,36176,0.552001953125,35.40317959999993,11,,0.14753990000008343,True,0.0,30.517144217699546,0.9117626155259798,30.173747961409283,0.8787117824808447,0.9684295654296875
225.png,ft,35,36280,0.5535888671875,118.16903430000002,9,,0.15293449999990116,True,0.0,30.782209551148725,0.9761937353487811,29.5263344455986,0.9729870350145635,0.9012451171875
225.png,base,35,36280,0.5535888671875,40.67697920000046,7,,0.12397209999926417,True,0.0,33.65724280468618,0.9484971027495263,32.36867323678674,0.9198728215365642,0.948455810546875
269.png,ft,35,36552,0.5577392578125,56.88606779999964,7,,0.136332599999605,True,0.0,31.181138500244426,0.9947084085457608,30.46957805932575,0.9925253015949478,0.9523162841796875
269.png,base,35,36552,0.5577392578125,94.44393329999957,13,,0.11723770000025979,True,0.0,29.492526137093552,0.8420508180650181,28.62272969148095,0.8408177487329764,0.927886962890625
285.png,ft,35,35968,0.548828125,147.53052349999962,6,,0.09396129999913683,True,0.0,31.2403847203441,0.9942413614213127,29.35794369170931,0.9884007745141409,0.963836669921875
285.png,base,35,35968,0.548828125,365.31511649999993,3,,0.16891189999932976,True,0.0,31.56261240059838,0.9390974942749355,24.994305284605453,0.8631796861491553,0.9706878662109375
325.png,ft,35,36584,0.5582275390625,46.871132999999645,9,,0.12470690000009199,True,0.0,31.120723660047975,0.9899024006461268,30.44824140633576,0.9861325177218281,0.9299468994140625
325.png,base,35,36584,0.5582275390625,22.903196399999615,9,,0.15384069999981875,True,0.0,30.966461062520388,0.9302413173035889,30.693080035510107,0.9164565563830589,0.9639739990234375
339.png,ft,35,36056,0.5501708984375,172.89372060000005,9,,0.12765719999970315,True,0.0,30.60120832939468,0.9700362467180251,28.83325650805276,0.9652200271550502,0.9106903076171875
339.png,base,35,36056,0.5501708984375,71.72536459999992,9,,0.12961380000069767,True,0.0,30.54092901726724,0.6967374460161566,28.374807991282232,0.6468447100655477,0.88397216796875
365.png,ft,35,36056,0.5501708984375,119.16784170000028,10,,0.11426810000011756,True,0.0,31.14008050669002,0.9927661808917994,29.488615370645302,0.9884417103101072,0.91339111328125
365.png,base,35,36056,0.5501708984375,62.58909369999947,7,,0.12765349999972386,True,0.0,32.50469707486248,0.9421346587732969,31.206988399093433,0.8934852854020926,0.9468536376953125
366.png,ft,35,36616,0.5587158203125,124.09859569999935,11,,0.16007319999971514,True,0.0,30.797647357888593,0.975185280002404,29.08870122267142,0.9699943187869943,0.900848388671875
366.png,base,35,36616,0.5587158203125,53.93226299999969,8,,0.11855500000001484,True,0.0,33.08399897085727,0.8909774594867341,31.526980500154473,0.8633034755454884,0.8314666748046875
370.png,ft,35,36736,0.560546875,248.51696489999995,8,,0.32218879999982164,True,0.0,30.850887889052153,0.9936078249557633,28.267510261789397,0.9868516476320099,0.9278717041015625
370.png,base,35,36736,0.560546875,76.2597396000001,5,,0.22042460000011488,True,0.0,31.63713349955212,0.9635960593823605,30.569156500338025,0.9487801796280729,0.9671478271484375
390.png,ft,35,36704,0.56005859375,205.9407828000003,12,,0.12832890000026964,True,0.0,30.955217409180918,0.9809074930717797,28.890053705357484,0.9748250681316449,0.908782958984375
390.png,base,35,36704,0.56005859375,160.0410598999997,11,,0.1582750000006854,True,0.0,30.757873081443353,0.8163377321803377,28.45673403352761,0.8064528214518827,0.8554229736328125
016.png,ft,34,34864,0.531982421875,46.97378649999973,7,,0.10328470000058587,True,0.0,31.360948512791733,0.9949175561411866,30.71226111362315,0.9933249477035991,0.931304931640625
016.png,base,34,34864,0.531982421875,38.568284299999505,7,,0.13691380000000208,True,0.0,31.725261715835913,0.8645129694117906,31.06872677835351,0.8330305393663261,0.945831298828125
024.png,ft,34,35440,0.540771484375,214.6925965999999,10,,0.16620180000063556,True,0.0,31.556131401772085,0.9839628079911122,29.704225908529487,0.9783092680127131,0.9598388671875
024.png,base,34,35440,0.540771484375,11.452903999999762,10,,0.1934979999996358,True,0.0,30.283044890594706,0.7419088494069657,30.206622361986547,0.7416344464277502,0.971038818359375
058.png,ft,34,34896,0.532470703125,60.5805248000006,7,,0.13651190000018687,True,0.0,31.239992851495355,0.9936387911705669,30.3757732523948,0.9913099651103582,0.903594970703125
058.png,base,34,34896,0.532470703125,43.654611099999784,6,,0.25612720000026457,True,0.0,32.29019366520642,0.9130611813121597,31.684509632585062,0.9095742137066277,0.9417266845703125
091.png,ft,34,35656,0.5440673828125,41.234376899999916,9,,0.14301439999962895,True,0.0,30.85498823650425,0.9819480770173262,30.267850996980734,0.977007727312193,0.923858642578125
091.png,base,34,35656,0.5440673828125,15.445666800000254,8,,0.1285561000004236,True,0.0,30.912807108345483,0.821687494237767,30.462669582101654,0.7813400328838891,0.96484375
093.png,ft,34,34928,0.532958984375,48.966285500000595,6,,0.13579769999978453,True,0.0,31.757007969215742,0.9903096427792558,30.961934925838897,0.9879373942341262,0.946044921875
093.png,base,34,34928,0.532958984375,56.97926170000028,7,,0.15196330000071612,True,0.0,32.34325310864604,0.9657270548445099,31.41027999996385,0.9559210059703447,0.9461669921875
121.png,ft,34,34968,0.5335693359375,58.32036340000013,8,,0.5164936999999554,True,0.0,31.782828771952367,0.9888774089108022,30.77045423405334,0.983791065339366,0.9427337646484375
121.png,base,34,34968,0.5335693359375,45.24562950000018,7,,0.15211589999944408,True,0.0,32.16931099185214,0.9142832822019202,31.106177083822445,0.8984144575515521,0.91937255859375
125.png,ft,34,35152,0.536376953125,73.97652480000033,10,,0.16391849999945407,True,0.0,30.99415812409965,0.9873020785540948,30.354767931928,0.9855984310306346,0.88690185546875
125.png,base,34,35152,0.536376953125,19.293849599999703,8,,0.15331619999960822,True,0.0,32.44641390250642,0.9175892429745071,32.255621126127174,0.91286271812959,0.890869140625
152.png,ft,34,35680,0.54443359375,47.399285299999974,11,,0.17269430000033026,True,0.0,31.056489800997454,0.9816277081450108,30.66878322825444,0.9796636623116336,0.91162109375
152.png,base,34,35680,0.54443359375,18.617393499999707,9,,0.15279780000037135,True,0.0,31.066907099215175,0.9488988333948326,30.8326132900028,0.936473981371324,0.9425811767578125
163.png,ft,34,35720,0.5450439453125,47.835003099999994,12,,0.14709099999981845,True,0.0,30.92588834371216,0.9626613028953229,30.524272582774124,0.9602810665038155,0.8783111572265625
163.png,base,34,35720,0.5450439453125,36.97577320000073,11,,0.15977029999976367,True,0.0,30.132203910780596,0.8432672102820277,29.883078136498046,0.8421338262769207,0.864288330078125
180.png,ft,34,34904,0.5325927734375,59.956741500000135,10,,0.1595419999994192,True,0.0,31.43886412923709,0.9891371275313127,30.74011341834824,0.9864222721597525,0.9130859375
180.png,base,34,34904,0.5325927734375,54.555945000000065,8,,0.18593000000055326,True,0.0,32.580950929813156,0.8966960243215808,31.919572659178314,0.8768639260459713,0.9049835205078125
206.png,ft,34,35512,0.5418701171875,19.76873700000033,9,,0.13864379999995435,True,0.0,31.11001476835749,0.9868436892042982,30.887083923466662,0.9859832697118768,0.888580322265625
206.png,base,34,35512,0.5418701171875,7.543936000000031,12,,0.14785179999944376,True,0.0,31.09564910110913,0.7459237367431166,31.08238151282879,0.7474349620530348,0.869171142578125
208.png,ft,34,34752,0.5302734375,187.89555329999985,10,,0.1473336000008203,True,0.0,31.3718675040396,0.9914684567939187,29.463012035332184,0.9868377013721904,0.932586669921875
208.png,base,34,34752,0.5302734375,108.66213779999998,10,,0.15044140000009065,True,0.0,30.916071522883644,0.7912724380493014,27.25630539950181,0.7468061572652643,0.9682464599609375
213.png,ft,34,35000,0.5340576171875,37.85946890000014,8,,0.1688734999997905,True,0.0,31.24074272140913,0.9922764213564058,30.743053408823858,0.9900178734361779,0.922821044921875
213.png,base,34,35000,0.5340576171875,20.531530300000668,8,,0.18099029999939376,True,0.0,32.50068040064448,0.9311822341565441,32.25139864163375,0.9057124005680883,0.9122314453125
235.png,ft,34,35688,0.5445556640625,112.30908519999957,12,,0.1551752999994278,True,0.0,30.9653663153312,0.9867114202979378,29.71095651627561,0.9786558265799005,0.9345855712890625
235.png,base,34,35688,0.5445556640625,106.54364590000023,8,,0.12833839999984775,True,0.0,30.620315407534754,0.8512210675733172,29.721872516728467,0.8346761004601199,0.9527587890625
238.png,ft,34,35104,0.53564453125,58.68002410000008,8,,0.17644339999969816,True,0.0,31.090779378324594,0.9792385882688699,30.49871831024197,0.9765820891779468,0.9149322509765625
238.png,base,34,35104,0.53564453125,168.0602374,10,,0.14241320000019186,True,0.0,31.366407368729632,0.8841429238339119,28.575396385376752,0.8467597610394031,0.9117584228515625
247.png,ft,34,35512,0.5418701171875,90.30707310000071,11,,0.17027150000012625,True,0.0,30.976938756815187,0.9799255031957946,30.183737235705763,0.9750385065443284,0.914520263671875
247.png,base,34,35512,0.5418701171875,52.35215570000037,8,,0.14808450000055018,True,0.0,31.285499415328616,0.8454877073539026,30.22090470346706,0.8103274830318329,0.9434967041015625
249.png,ft,34,34800,0.531005859375,70.21643630000017,9,,0.2308818000001338,True,0.0,31.276929252240777,0.9838127051433635,30.370427855139937,0.9798211602141113,0.9468231201171875
249.png,base,34,34800,0.531005859375,28.992537600000105,11,,0.16118749999986903,True,0.0,30.990931809792606,0.9212965889299861,30.733300182939196,0.9098516800232611,0.9585113525390625
258.png,ft,34,35352,0.5394287109375,42.99459130000014,8,,0.17974929999945743,True,0.0,31.21964534869403,0.992687071832102,30.6882877239184,0.9898244077439022,0.9157257080078125
258.png,base,34,35352,0.5394287109375,45.091323900000134,6,,0.15297590000045602,True,0.0,32.292354436144706,0.9416187851036749,31.677985265860393,0.9273306937184174,0.955718994140625
281.png,ft,34,35552,0.54248046875,35.825452200000655,9,,0.18198589999974502,True,0.0,31.233624856341407,0.9858864037507392,30.879385769525825,0.9845775955191093,0.8943023681640625
281.png,base,34,35552,0.54248046875,37.857740399999784,10,,0.15509620000011637,True,0.0,30.805744506673314,0.8733700915518924,30.44020493744346,0.8589045638030881,0.90875244140625
290.png,ft,34,35720,0.5450439453125,167.70231990000048,8,,0.12813160000041535,True,0.0,31.00105938654092,0.9884123968276717,29.04295303073459,0.9823916380092949,0.9534454345703125
290.png,base,34,35720,0.5450439453125,43.04460290000043,10,,0.15985319999981584,True,0.0,31.50069055737554,0.8406843785474405,30.86596675515905,0.7971754727557525,0.9657135009765625
295.png,ft,34,34960,0.533447265625,84.66094160000011,7,,0.138776499999949,True,0.0,31.348701195950206,0.9927582852278696,30.311303878755396,0.9899798813570825,0.9309539794921875
295.png,base,34,34960,0.533447265625,11.53444010000021,1,,0.13782160000027943,True,0.0,34.004246676736635,0.8554848558065052,33.708652343663886,0.859262129391702,0.905670166015625
307.png,ft,34,34960,0.533447265625,74.85014550000051,9,,0.13626969999950234,True,0.0,30.86377247732466,0.9615151642630373,29.939424903510638,0.9570777393846046,0.8953399658203125
307.png,base,34,34960,0.533447265625,45.20458800000051,12,,0.14863439999953698,True,0.0,31.737660507397806,0.7439734035337777,30.85958888662666,0.7177316930755419,0.9112396240234375
318.png,ft,34,35440,0.540771484375,169.1096651000007,10,,0.14984520000052726,True,0.0,30.74534077267158,0.9717157969614838,27.579992058089825,0.9552470848820125,0.8726654052734375
318.png,base,34,35440,0.540771484375,28.271101300000737,10,,0.14313250000031985,True,0.0,32.276282376886975,0.9230330713028989,31.834475299437926,0.9093875238404231,0.884063720703125
319.png,ft,34,34968,0.5335693359375,41.36094669999966,8,,0.16276400000060676,True,0.0,31.169368555041657,0.989479653767351,30.674482819054806,0.9862753478265142,0.89215087890625
319.png,base,34,34968,0.5335693359375,28.342583800000284,5,,0.13788899999963178,True,0.0,34.80014810611178,0.95841818956832,34.04024184610682,0.9264121588622363,0.928802490234375
333.png,ft,34,35168,0.53662109375,139.1253884000007,6,,0.1492132000003039,True,0.0,31.385754765763146,0.9948670214489175,29.541639120624783,0.9916206999199981,0.9395904541015625
333.png,base,34,35168,0.53662109375,68.6470303999995,3,,0.14486940000006143,True,0.0,34.00534608994218,0.9619467351809312,32.665706820725234,0.9594016354981868,0.9622802734375
364.png,ft,34,35592,0.5430908203125,300.58409550000033,8,,0.1435568000006242,True,0.0,31.030314394106846,0.9757979521836855,27.352901903788393,0.9663190392864188,0.9306488037109375
364.png,base,34,35592,0.5430908203125,161.07383649999974,8,,0.12538339999991877,True,0.0,32.70026834153886,0.8665986283111758,28.849029929418002,0.8200218861387482,0.928497314453125
389.png,ft,34,35504,0.541748046875,128.36138160000064,8,,0.14670600000044942,True,0.0,30.886984752817533,0.973224483301394,27.663051588279266,0.9599143323405528,0.9299774169921875
389.png,base,34,35504,0.541748046875,93.00099249999948,11,,0.1520951000002242,True,0.0,32.54212044084691,0.8612230066434411,27.729924239407325,0.8039440291923073,0.93707275390625
002.png,ft,33,34536,0.5269775390625,59.77564339999935,11,,0.14892310000050202,True,0.0,31.558900075593908,0.9931764261583957,30.589250154759647,0.9907506443955252,0.9588165283203125
002.png,base,33,34536,0.5269775390625,67.74610909999956,8,,0.13907749999998487,True,0.0,32.382260288019495,0.9601834779435462,31.188409282874908,0.9493553923100025,0.921356201171875
092.png,ft,33,34696,0.5294189453125,188.34886879999976,9,,0.14679700000033336,True,0.0,31.240466081631194,0.9794512369007958,28.823674470388326,0.9714840670566368,0.921630859375
092.png,base,33,34696,0.5294189453125,102.91403510000055,11,,0.140988400000424,True,0.0,30.656092121336144,0.8009549851858524,28.750720814527337,0.7635015283231956,0.9061279296875
119.png,ft,33,34144,0.52099609375,74.76683520000006,10,,0.14450630000010278,True,0.0,31.460922457661216,0.9917235336082059,30.43083262112457,0.9897929461040502,0.91455078125
119.png,base,33,34144,0.52099609375,37.07490009999947,8,,0.13564679999944929,True,0.0,32.86145788959486,0.907675774729154,32.1049942843828,0.8855969263540554,0.9097442626953125
133.png,ft,33,33944,0.5179443359375,118.28668319999997,12,,0.13115509999988717,True,0.0,31.816734124556678,0.990104478650979,30.2958556894733,0.9855440631695244,0.9082794189453125
133.png,base,33,33944,0.5179443359375,50.160981099999844,11,,0.1443717000001925,True,0.0,31.352272836365124,0.848790536478409,30.666251859754432,0.81769951758703,0.943695068359375
136.png,ft,33,33904,0.517333984375,140.73744110000007,11,,0.14681669999936275,True,0.0,31.37699865762808,0.978919443840526,28.93482122850724,0.9719643361156626,0.8948822021484375
136.png,base,33,33904,0.517333984375,65.16742949999934,8,,0.12137500000062573,True,0.0,31.88594094016714,0.9260172401390694,29.951460036356657,0.8746382207962139,0.9577484130859375
175.png,ft,33,33904,0.517333984375,62.811643100000765,8,,0.13571409999985917,True,0.0,31.798133761501525,0.989721419295392,30.974480645376225,0.9875099781591506,0.913787841796875
175.png,base,33,33904,0.517333984375,48.399810799999614,9,,0.15508020000015676,True,0.0,33.2341931033759,0.9080169916129388,31.417411592096293,0.8765355666268588,0.8845672607421875
177.png,ft,33,33936,0.517822265625,126.33073859999968,7,,0.15134870000019873,True,0.0,31.541531008058996,0.9919995454967641,29.990151287219547,0.9884107131858023,0.9270172119140625
177.png,base,33,33936,0.517822265625,32.148631600000044,8,,0.12708800000018527,True,0.0,32.820357167958505,0.9145252912937091,32.32444254686071,0.9071647821097216,0.9175567626953125
197.png,ft,33,33768,0.5152587890625,76.03880329999993,9,,0.14304590000028838,True,0.0,31.500542263612587,0.9887317802928479,30.56877156697613,0.9856793580525892,0.90728759765625
197.png,base,33,33768,0.5152587890625,30.207494499999484,6,,0.1408805000000939,True,0.0,33.046690158986934,0.9150182595469452,32.29151602380349,0.8819548403843328,0.967193603515625
203.png,ft,33,34032,0.519287109375,43.01282639999954,16,,0.14505349999944883,True,0.0,31.244937871640303,0.9887768906216972,30.79191396570949,0.987675529729132,0.8748321533203125
203.png,base,33,34032,0.519287109375,7.195581999999376,8,,0.1477125999999771,True,0.0,31.28843256607692,0.9438685127885341,31.24269235620607,0.9435349536864761,0.886383056640625
214.png,ft,33,34312,0.5235595703125,54.4707470000003,8,,0.1444509000002654,True,0.0,31.90679657041658,0.9908599904073447,31.11435724154948,0.9887614880842243,0.9136199951171875
214.png,base,33,34312,0.5235595703125,7.6949815999996645,7,,0.1366728000002695,True,0.0,31.348777660590898,0.9021401778796302,31.27283516225489,0.9006230509599448,0.9203033447265625
219.png,ft,33,33856,0.5166015625,50.58827500000007,10,,0.14388120000057825,True,0.0,31.472984365633913,0.9709422499534963,30.819621284451436,0.9669797807756965,0.878173828125
219.png,base,33,33856,0.5166015625,15.701849800000673,8,,0.1330551999999443,True,0.0,31.2623873639037,0.8322866207552492,31.116374819649202,0.8245055210227927,0.91522216796875
250.png,ft,33,34736,0.530029296875,79.7063347000003,7,,0.14302000000043336,True,0.0,31.643300648512547,0.9956265728837899,30.308800314844824,0.9920452482426628,0.9473724365234375
250.png,base,33,34736,0.530029296875,15.525761599999896,9,,0.13801539999985835,True,0.0,31.886054220958503,0.8924478036130101,31.563394295966244,0.8625280310582375,0.947235107421875
255.png,ft,33,34264,0.5228271484375,157.96834769999987,7,,0.13945409999996627,True,0.0,31.44947872632979,0.9880174870660561,29.3524460170574,0.9828629608328369,0.91851806640625
255.png,base,33,34264,0.5228271484375,692.0665089999993,11,,0.1432793000003585,True,0.0,30.887548555615503,0.8841606385897206,24.0121792815009,0.8215934467603594,0.9567108154296875
257.png,ft,33,34432,0.525390625,75.36862269999983,8,,0.1332715000007738,True,0.0,31.150530483098468,0.9888583733420835,29.522435127740792,0.9830040494457549,0.9001922607421875
257.png,base,33,34432,0.525390625,52.224578100000144,8,,0.1436996000002182,True,0.0,30.76032852512258,0.8833549611310081,30.161486094389623,0.8368210172306497,0.9441986083984375
272.png,ft,33,34008,0.5189208984375,54.324162400000205,9,,0.14220149999982823,True,0.0,31.39228816348809,0.9900769945019213,30.49603126058674,0.9866387594090575,0.906341552734375
272.png,base,33,34008,0.5189208984375,123.6579527999993,8,,0.12307280000004539,True,0.0,31.624850598238453,0.9189852976488172,29.136277491961586,0.8693194684814213,0.9268646240234375
273.png,ft,33,33848,0.5164794921875,61.91185850000056,8,,0.13244200000008277,True,0.0,31.636736830062407,0.983210215855397,30.932410292320768,0.9811401639637397,0.8863067626953125
273.png,base,33,33848,0.5164794921875,44.50650169999972,7,,0.14524669999991602,True,0.0,34.642830160437924,0.9274343980817117,32.87411236571287,0.9202121732539484,0.885528564453125
275.png,ft,33,33904,0.517333984375,104.35507700000016,9,,0.1439885999998296,True,0.0,31.57355322102399,0.9916139480181311,30.346317054803595,0.9889353511294342,0.952545166015625
275.png,base,33,33904,0.517333984375,145.46370639999986,10,,0.1344453000001522,True,0.0,31.263487360368934,0.8822157642010205,28.93059358597201,0.8406099587973969,0.959625244140625
276.png,ft,33,33912,0.5174560546875,94.55414800000017,9,,0.1431603000000905,True,0.0,31.31856795339568,0.9681259688336792,29.89762370707934,0.9621290395130622,0.9093780517578125
276.png,base,33,33912,0.5174560546875,281.6198878999994,10,,0.14120350000030157,True,0.0,30.718968438639344,0.7823935782787907,25.513730274946628,0.7053612465301429,0.9111328125
300.png,ft,33,34560,0.52734375,237.93974770000023,9,,0.1370550000001458,True,0.0,31.406989117677696,0.9911394047918856,28.27047152659179,0.9830147151469188,0.928924560546875
300.png,base,33,34560,0.52734375,241.1899354999996,11,,0.14268819999961124,True,0.0,31.449778966888573,0.9468923196230195,27.264974849465222,0.9176075015242486,0.9627227783203125
314.png,ft,33,34416,0.525146484375,117.77330940000047,6,,0.11507840000012948,True,0.0,31.580061756587888,0.9929859040360217,30.240020346156612,0.9893540862259931,0.9674835205078125
314.png,base,33,34416,0.525146484375,327.67090629999984,7,,0.14677709999978106,True,0.0,31.633207027756562,0.9169057462524711,28.605661949855865,0.8902700519994537,0.950439453125
317.png,ft,33,34640,0.528564453125,20.70824089999951,10,,0.13725780000004306,True,0.0,31.216449444068047,0.9880653216144615,30.968402159008846,0.9867675640724721,0.86419677734375
317.png,base,33,34640,0.528564453125,99.50135630000023,9,,0.14477760000045237,True,0.0,31.359939243701376,0.9286835872991186,29.7405225516316,0.9175093259061669,0.880767822265625
351.png,ft,33,33976,0.5184326171875,18.626375600000756,9,,0.131083000000217,True,0.0,31.472277699837257,0.9918791591310961,31.271921284809263,0.9911608937783454,0.8916168212890625
351.png,base,33,33976,0.5184326171875,8.133508100000654,10,,0.1219637000003786,True,0.0,32.314379174312236,0.9532314922569785,32.261431323594685,0.9513852956916518,0.912689208984375
007.png,ft,32,33176,0.5062255859375,12.050006899999971,10,,0.12763690000065253,True,0.0,31.971694299991906,0.9913402552741303,31.839199763431438,0.9909387411678495,0.881927490234375
007.png,base,32,33176,0.5062255859375,14.381624899999224,10,,0.1254490999999689,True,0.0,32.0665707173891,0.9360776430599267,31.72703246729593,0.9336921876873068,0.9140625
009.png,ft,32,33016,0.5037841796875,94.18777219999993,8,,0.12893590000021504,True,0.0,31.959264458200188,0.9931254774980722,30.601514602292973,0.9898084562050519,0.9227447509765625
009.png,base,32,33016,0.5037841796875,39.16818839999996,7,,0.13588110000000597,True,0.0,32.17144435851318,0.9327886631867526,31.55720773646141,0.9140441650870517,0.9658203125
056.png,ft,32,32768,0.5,30.98000779999984,8,,0.1298479999995834,True,0.0,31.91239813892593,0.9908587231558086,31.44485205018546,0.9895120652733436,0.8923492431640625
056.png,base,32,32768,0.5,7.685679399999572,5,,0.12482720000025438,True,0.0,35.292307650121366,0.9057864587220599,35.20813222432466,0.8889350266199284,0.8807830810546875
061.png,ft,32,33112,0.5052490234375,46.553948599999785,8,,0.12547410000024684,True,0.0,31.88104279970824,0.989022683810395,31.230634219153938,0.9875675192847657,0.8968963623046875
061.png,base,32,33112,0.5052490234375,34.41351550000036,8,,0.13083829999959562,True,0.0,30.7305878468885,0.8702636739728954,29.71432780331975,0.857048027881628,0.900390625
065.png,ft,32,33424,0.510009765625,37.37346840000009,9,,0.13364810000075522,True,0.0,31.655186828164954,0.9819477123704093,31.03925849397227,0.9805584694719071,0.9170989990234375
065.png,base,32,33424,0.510009765625,20.428986600000826,7,,0.1098400999999285,True,0.0,31.91855221023255,0.8641659536946781,31.43476441883989,0.8392227048048623,0.9095916748046875
070.png,ft,32,32800,0.50048828125,26.88806310000018,7,,0.12516199999936362,True,0.0,32.065557228734896,0.9933315436960373,31.65262348834965,0.9908139909520344,0.90576171875
070.png,base,32,32800,0.50048828125,12.937306199999512,5,,0.11075679999976273,True,0.0,32.67368574679011,0.950889105334661,32.47193611442992,0.9311052481482553,0.9725799560546875
072.png,ft,32,32848,0.501220703125,185.9108784,6,,0.12811489999967307,True,0.0,31.917089333285897,0.9913000545666467,28.38853707361523,0.9793440806598667,0.9546051025390625
072.png,base,32,32848,0.501220703125,69.51068229999964,7,,0.13739540000005945,True,0.0,33.54725655255094,0.8979046629015748,31.36953724876115,0.8564064230201026,0.8956451416015625
081.png,ft,32,33344,0.5087890625,63.48773869999968,6,,0.12738420000005135,True,0.0,31.92149847827824,0.9926448501532465,30.909656142043215,0.9896134748282068,0.961456298828125
081.png,base,32,33344,0.5087890625,55.537655500000255,9,,0.12416709999979503,True,0.0,31.356506139532815,0.9289954839926784,30.549053231066353,0.9207187803326349,0.9271392822265625
108.png,ft,32,33472,0.5107421875,42.83496330000071,7,,0.12784740000006423,True,0.0,32.08912700150451,0.9931833494331249,31.343534379616273,0.9908168023798559,0.9261932373046875
108.png,base,32,33472,0.5107421875,16.4279377999992,7,,0.13190039999972214,True,0.0,32.12780699075776,0.9315110648559167,31.86151050976821,0.9258328540861962,0.8895416259765625
129.png,ft,32,33424,0.510009765625,48.02429940000002,6,,0.12400450000041019,True,0.0,32.04556057445976,0.9959022574737305,31.27531685184392,0.9942991863752639,0.9639129638671875
129.png,base,32,33424,0.510009765625,7.7116848999994545,8,,0.12489769999956479,True,0.0,32.96241812969933,0.9743221412037695,32.87134517977287,0.972904658494593,0.9331512451171875
146.png,ft,32,33296,0.508056640625,148.22693249999975,9,,0.13303649999943445,True,0.0,31.704993814134426,0.9866870358080168,29.88821434944873,0.9827656235039881,0.9026641845703125
146.png,base,32,33296,0.508056640625,156.10679900000014,7,,0.12995729999965988,True,0.0,32.68401376074876,0.8941685405271743,28.21741756721771,0.8600916475685212,0.885894775390625
149.png,ft,32,33648,0.513427734375,36.89540410000063,8,,0.12395620000006602,True,0.0,32.131484729430305,0.9919853465749865,31.520655593871783,0.990634797410788,0.9290924072265625
149.png,base,32,33648,0.513427734375,141.14890509999987,7,,0.13588010000057693,True,0.0,31.57308472501539,0.9372037369681774,29.55846142526365,0.9221730516013981,0.9250030517578125
179.png,ft,32,33112,0.5052490234375,67.10750860000007,9,,0.1250997000006464,True,0.0,31.9026992369514,0.9938165793194207,30.636750637361597,0.9912199032922655,0.9339447021484375
179.png,base,32,33112,0.5052490234375,149.50086720000036,5,,0.1293590999994194,True,0.0,31.27535558254091,0.9462841239162096,29.211670137043132,0.9124265830248528,0.97381591796875
181.png,ft,32,33128,0.5054931640625,133.03321589999996,8,,0.14015539999945759,True,0.0,31.759765624000806,0.9778164736492004,29.31693521290938,0.9653284898633482,0.9171905517578125
181.png,base,32,33128,0.5054931640625,40.18800250000004,8,,0.14389519999986078,True,0.0,33.56435349969121,0.9113609557732588,32.78638734489291,0.8603181997350099,0.958526611328125
223.png,ft,32,32928,0.50244140625,38.432519399999364,9,,0.13101369999913004,True,0.0,32.114543108383856,0.995943056693809,31.40652979534122,0.99305487574039,0.9231414794921875
223.png,base,32,32928,0.50244140625,19.353590600000643,7,,0.12219009999989794,True,0.0,31.891597574850692,0.9329052049767141,31.637084471023698,0.9350144842716501,0.9656982421875
226.png,ft,32,32928,0.50244140625,20.6823088000001,8,,0.1393991000004462,True,0.0,32.34285457568048,0.9949912697277902,31.99883790916808,0.9944383294013818,0.901275634765625
226.png,base,32,32928,0.50244140625,17.176214000000073,7,,0.14499359999990702,True,0.0,33.01292844301389,0.9732633940630138,32.683212172812624,0.9695384398295444,0.9296417236328125
278.png,ft,32,33048,0.5042724609375,136.2979495999998,8,,0.13945719999992434,True,0.0,31.691751887271025,0.9612181936881691,29.340322401971367,0.9536434136650292,0.910858154296875
278.png,base,32,33048,0.5042724609375,188.43604969999978,8,,0.14375480000035168,True,0.0,32.121483905546036,0.84974109663536,27.98651825278551,0.7798197958178958,0.955108642578125
287.png,ft,32,33328,0.508544921875,30.710570800000824,10,,0.13843250000081753,True,0.0,31.533846560041884,0.987201501362978,31.161492558725882,0.9862974678307149,0.8659820556640625
287.png,base,32,33328,0.508544921875,53.404118800000106,9,,0.1411791999998968,True,0.0,32.71427009634377,0.9063350525331259,31.730369689876454,0.8916322878002294,0.8673553466796875
305.png,ft,32,33112,0.5052490234375,67.61386980000043,10,,0.12292909999996482,True,0.0,31.89149360138648,0.987716530455188,30.63165111186393,0.9849921757306132,0.925262451171875
305.png,base,32,33112,0.5052490234375,131.83120750000035,10,,0.14084360000015295,True,0.0,31.308631808905055,0.7494646666196637,28.424041895181542,0.7033604668906189,0.95263671875
312.png,ft,32,32760,0.4998779296875,118.33840090000012,10,,0.118093900000531,True,0.0,32.06756475637291,0.9895102858825015,30.69011672505427,0.9868292232608917,0.9080657958984375
312.png,base,32,32760,0.4998779296875,17.741939000000457,11,,0.15920890000052168,True,0.0,32.33424785144275,0.8833569489790295,32.06510358606478,0.8814919953155087,0.8764801025390625
313.png,ft,32,33312,0.50830078125,59.97254029999931,13,,0.1378775000002861,True,0.0,32.01264125468157,0.9940559489450765,31.084771521312344,0.9910014607875152,0.9012298583984375
313.png,base,32,33312,0.50830078125,48.547320100000434,8,,0.12942889999976614,True,0.0,31.178881157839022,0.9258608763139866,30.37807557644596,0.8992948251563155,0.928070068359375
334.png,ft,32,33544,0.5118408203125,146.86139550000007,9,,0.1433444000003874,True,0.0,31.693488455466646,0.9788241156991387,29.598593185526173,0.9727477884321444,0.9149169921875
334.png,base,32,33544,0.5118408203125,137.6831162999997,9,,0.1376976999999897,True,0.0,31.861287835231543,0.8737027886664785,29.872710413026912,0.8478366971952921,0.9348907470703125
337.png,ft,32,33096,0.5050048828125,47.75768049999988,11,,0.14024109999991197,True,0.0,31.715357214371824,0.9914372121617986,31.052948885438386,0.9901119639490775,0.8937225341796875
337.png,base,32,33096,0.5050048828125,39.72419170000012,10,,0.1472807999998622,True,0.0,31.645358808679404,0.9512913702951555,31.083878929025804,0.9451907033079591,0.91986083984375
378.png,ft,32,33312,0.50830078125,208.3692106999997,10,,0.14452580000033777,True,0.0,31.855915818829736,0.9924552813691909,29.59221248325739,0.9870733602076164,0.9389495849609375
378.png,base,32,33312,0.50830078125,170.30231129999993,10,,0.14395130000048084,True,0.0,31.115181463112656,0.8461696607000784,27.35905942317402,0.8086079727891627,0.919769287109375
381.png,ft,32,33200,0.506591796875,75.51459810000051,11,,0.1418930999998338,True,0.0,31.765567761056538,0.9852598704849846,30.852456792439085,0.9830056215766801,0.9056854248046875
381.png,base,32,33200,0.506591796875,63.32718670000031,9,,0.1398524999995061,True,0.0,31.833879855948283,0.8310093753730176,30.991253181019466,0.7964363836800588,0.9259033203125
388.png,ft,32,33584,0.512451171875,16.687058200000138,9,,0.1177627000006396,True,0.0,31.055350035243592,0.9761367495672223,30.868606912744625,0.9756877710363968,0.856353759765625
388.png,base,32,33584,0.512451171875,181.17353450000064,9,,0.12864620000073046,True,0.0,31.31814411724307,0.8774108954513715,29.39585905942686,0.8527591218890201,0.959320068359375
398.png,ft,32,33696,0.51416015625,15.514685400000417,7,,0.13809860000037588,True,0.0,31.88537929988658,0.9955028094760894,31.670249883896236,0.9950898759514478,0.8838348388671875
398.png,base,32,33696,0.51416015625,46.649324799999704,10,,0.13916380000046047,True,0.0,32.63471636157908,0.9484965475683382,31.95111420472135,0.9472608309082465,0.915069580078125
028.png,ft,31,32224,0.49169921875,26.563648499999545,8,,0.1382965000002514,True,0.0,32.28735227329472,0.9921046234746268,31.92322467015973,0.9907490335130804,0.851959228515625
028.png,base,31,32224,0.49169921875,33.91203239999959,10,,0.13356819999989966,True,0.0,31.43333759296414,0.8352088402675552,31.04877677151827,0.8211914871938535,0.921295166015625
107.png,ft,31,31984,0.488037109375,43.572687299999416,12,,0.13566639999953622,True,0.0,31.936625971643814,0.9682083796387797,31.27285474419491,0.9661090750893965,0.893524169921875
107.png,base,31,31984,0.488037109375,6.474701299999651,8,,0.13660559999971156,True,0.0,33.02887573301796,0.7967962313866009,32.98170925686875,0.8018286091027512,0.8784332275390625
162.png,ft,31,32448,0.4951171875,50.03738669999984,8,,0.13707650000014837,True,0.0,32.25495648895705,0.9900055529487907,31.207954662685985,0.9848321654086966,0.9356536865234375
162.png,base,31,32448,0.4951171875,37.351644000000306,7,,0.13950130000011995,True,0.0,32.03790565967315,0.8814180028575019,31.559212355050235,0.8568132323321999,0.9197998046875
182.png,ft,31,32408,0.4945068359375,33.123384700000315,8,,0.13354770000023564,True,0.0,32.276633532797426,0.9946671585044301,31.73515035953587,0.9925137967548382,0.9390716552734375
182.png,base,31,32408,0.4945068359375,19.387180300000182,8,,0.13833009999962087,True,0.0,32.49193817248885,0.9264216253400579,32.277840417364665,0.9269187165945235,0.9575347900390625
229.png,ft,31,31752,0.4844970703125,33.868454099999326,8,,0.13530340000033902,True,0.0,31.953276167998563,0.9846715425020196,31.3281749478025,0.983071567745668,0.8936920166015625
229.png,base,31,31752,0.4844970703125,87.97880030000033,11,,0.12724280000020372,True,0.0,31.300487487919334,0.9107385423860682,29.992752723287737,0.8809093351926967,0.9578399658203125
243.png,ft,31,32104,0.4898681640625,108.43471119999958,8,,0.11995670000032987,True,0.0,32.145490279269325,0.9841562615099193,30.415942860968137,0.9810148070547832,0.885223388671875
243.png,base,31,32104,0.4898681640625,25.588663800000177,11,,0.12003529999947204,True,0.0,31.72740915471786,0.8498604035216982,31.285071943812397,0.8387445667830056,0.865478515625
296.png,ft,31,31968,0.48779296875,45.83594730000004,5,,0.13870510000015202,True,0.0,32.35173409434093,0.9951298892329988,31.415838907028466,0.9927920009779584,0.9624481201171875
296.png,base,31,31968,0.48779296875,66.01096739999957,4,,0.14670070000011037,True,0.0,31.748134254684025,0.9538290696057119,30.351627683070742,0.931594170736331,0.973968505859375
306.png,ft,31,32584,0.4971923828125,90.63075280000066,7,,0.13441019999936543,True,0.0,32.227563785430235,0.9924468809770552,31.09819821465009,0.9896418953270096,0.9467010498046875
306.png,base,31,32584,0.4971923828125,58.73408980000022,7,,0.13181799999983923,True,0.0,31.623627030698273,0.9448245690883437,30.798905188295507,0.9422518556800082,0.9405670166015625
343.png,ft,31,31808,0.4853515625,59.3763514000002,8,,0.11993789999996807,True,0.0,32.34422337467523,0.9854055774104139,31.37532909706828,0.9830109730156328,0.9393157958984375
343.png,base,31,31808,0.4853515625,57.8938234999996,12,,0.1156027000006361,True,0.0,31.266775379659247,0.8591133712860887,29.853017598235713,0.8442032623080803,0.8977508544921875
345.png,ft,31,31776,0.48486328125,88.12168930000007,10,,0.13034259999949427,True,0.0,31.76657176364955,0.9658783142165852,30.791098729624167,0.9627566577246197,0.857177734375
345.png,base,31,31776,0.48486328125,126.49468249999973,9,,0.12865689999944152,True,0.0,31.20980480045828,0.7781734805577578,28.34750419210443,0.7538130265969564,0.8858489990234375
354.png,ft,31,32200,0.4913330078125,55.618627099999685,9,,0.1156143999996857,True,0.0,32.185021646589334,0.972895476951715,31.31084048053088,0.9699221847039049,0.9049530029296875
354.png,base,31,32200,0.4913330078125,25.939952199999425,8,,0.1192191999998613,True,0.0,32.56910968888881,0.9451855551884697,31.87529473100919,0.9291083280973115,0.9033050537109375
356.png,ft,31,32480,0.49560546875,52.57222300000012,8,,0.13508249999995314,True,0.0,32.482764014564644,0.9872999989475716,31.464008438311918,0.9845293619562293,0.9144134521484375
356.png,base,31,32480,0.49560546875,21.411063800000193,10,,0.13599770000018907,True,0.0,30.925834108842842,0.9305052554858477,30.549900996500483,0.9193148375774873,0.904998779296875
386.png,ft,31,31976,0.4879150390625,56.55812499999956,7,,0.11674110000058135,True,0.0,32.216173086925124,0.9917491238889502,31.38412108205199,0.9902347945628595,0.89227294921875
386.png,base,31,31976,0.4879150390625,58.45683099999951,7,,0.13830219999999827,True,0.0,32.89288143714711,0.9024705792149149,31.925607243633564,0.8995213146246578,0.83380126953125
000.png,ft,30,31280,0.477294921875,7.16365179999957,9,,0.11476340000081109,True,0.0,31.982393154893277,0.9819801440211221,31.90981502523703,0.9813128793747058,0.8762359619140625
000.png,base,30,31280,0.477294921875,5.460982300000069,7,,0.1326097999999547,True,0.0,33.43548224057993,0.8548586155450227,33.394173798474974,0.8573310420992065,0.88665771484375
012.png,ft,30,31088,0.474365234375,50.49586369999997,10,,0.12417829999958485,True,0.0,32.41579586037624,0.9624715626497653,31.539404759318494,0.9584014945807393,0.9235687255859375
012.png,base,30,31088,0.474365234375,46.784354800000074,7,,0.12968580000051588,True,0.0,31.556498900699243,0.9019375714743522,30.815833315374924,0.8870948929143792,0.937164306640625
039.png,ft,30,31256,0.4769287109375,300.6652750000003,8,,0.11145420000048034,True,0.0,32.51423772726576,0.9902284953286261,26.86418300614335,0.9761579813217113,0.9346923828125
039.png,base,30,31256,0.4769287109375,237.1517506,5,,0.11968079999951442,True,0.0,33.61489448474743,0.9120767027439668,25.49563157726217,0.8450173717149632,0.9723358154296875
118.png,ft,30,30672,0.468017578125,47.37586110000029,11,,0.10544719999961671,True,0.0,32.6931990930565,0.9868507085144073,31.812664122603746,0.9840852839383546,0.9156494140625
118.png,base,30,30672,0.468017578125,12.417828399999962,7,,0.13466450000032637,True,0.0,33.483975646840726,0.9122054367899667,33.2184281272579,0.9027671685650885,0.914886474609375
123.png,ft,30,30728,0.4688720703125,46.465351299999384,3,,0.1291246000000683,True,0.0,32.80523587319805,0.9968003295291767,31.76468230912697,0.9946007731032811,0.9720916748046875
123.png,base,30,30728,0.4688720703125,351.3159531000001,7,,0.111764299999777,True,0.0,31.281355263473717,0.9477137719233757,24.796100135972722,0.9220161807646402,0.9716796875
137.png,ft,30,31456,0.47998046875,67.3542325999997,7,,0.1173118999995495,True,0.0,32.20006538795807,0.9959459314581968,31.372081355831472,0.9947619991120202,0.9062042236328125
137.png,base,30,31456,0.47998046875,13.56616269999995,9,,0.12319019999995362,True,0.0,31.31116023162573,0.9713794723526011,31.182560639876247,0.9692302264961045,0.9595947265625
170.png,ft,30,31280,0.477294921875,110.35521859999972,6,,0.1334633999995276,True,0.0,32.22493996823073,0.9923752559264428,30.722199420439434,0.9893935220540985,0.9108734130859375
170.png,base,30,31280,0.477294921875,212.08841159999974,10,,0.13683670000045822,True,0.0,32.92552131958281,0.854942864939857,27.35389368717559,0.7813476033242351,0.94134521484375
178.png,ft,30,31208,0.4761962890625,34.31044329999986,7,,0.13427240000055463,True,0.0,32.68569492912688,0.995960855015561,32.02001697836476,0.9944960148611873,0.921600341796875
178.png,base,30,31208,0.4761962890625,27.35432159999982,6,,0.13431279999986145,True,0.0,33.11360634514485,0.966622812674054,32.417427296715715,0.9581960715561241,0.943023681640625
185.png,ft,30,31312,0.477783203125,122.9630419999994,8,,0.11295119999977032,True,0.0,32.44543664460852,0.9926330473403991,30.39512157060916,0.9882656657547786,0.9317626953125
185.png,base,30,31312,0.477783203125,148.00967649999984,8,,0.13982209999994666,True,0.0,32.105163620281026,0.8343284969730512,26.35734649229731,0.7816205426535342,0.9441375732421875
187.png,ft,30,31536,0.481201171875,137.49275149999994,8,,0.10373220000019501,True,0.0,32.34338071684265,0.9886200220796229,30.408188667491224,0.9846654761645266,0.9206695556640625
187.png,base,30,31536,0.481201171875,104.87054179999996,6,,0.10955040000044391,True,0.0,32.66469024992217,0.920103612439132,30.487595425631152,0.9013923337421866,0.953338623046875
217.png,ft,30,30872,0.4710693359375,16.371223699999973,9,,0.13450180000018008,True,0.0,32.20432626803372,0.9759117642864196,32.00439246417434,0.9750315121330161,0.85504150390625
217.png,base,30,30872,0.4710693359375,24.596398399999998,10,,0.13107270000000426,True,0.0,30.739771435206407,0.8785747110843405,30.340264103983657,0.8743968905978986,0.8882904052734375
221.png,ft,30,30976,0.47265625,72.0398355999996,7,,0.09872209999957704,True,0.0,32.74482689911222,0.9940395858196703,31.37510203045491,0.9907484713388515,0.9272918701171875
221.png,base,30,30976,0.47265625,23.162904999999228,4,,0.13324250000005122,True,0.0,32.22313042416165,0.8811872236346655,31.71181485099558,0.849066226476275,0.978363037109375
265.png,ft,30,31648,0.48291015625,44.42418449999968,9,,0.13257310000062716,True,0.0,32.449653312646966,0.983610159100902,31.811214309565628,0.9811013713317118,0.876800537109375
265.png,base,30,31648,0.48291015625,25.678955399999722,13,,0.13172490000033577,True,0.0,34.22504650846414,0.9118168767670072,33.15069624586323,0.8968045177818004,0.773956298828125
267.png,ft,30,30872,0.4710693359375,50.10159829999975,5,,0.11018520000015997,True,0.0,32.87814848201577,0.9962144834778729,32.00803238638937,0.9948336913961359,0.9257659912109375
267.png,base,30,30872,0.4710693359375,34.362696199999846,7,,0.1321631000000707,True,0.0,31.670914644411702,0.9810919910138443,31.144672905053476,0.9697477378031564,0.952667236328125
271.png,ft,30,31304,0.4776611328125,47.40952480000033,7,,0.12229290000050241,True,0.0,32.316635407042476,0.9901728781416073,31.389137172693417,0.9882684022847812,0.890533447265625
271.png,base,30,31304,0.4776611328125,30.526574399999845,6,,0.09647010000026057,True,0.0,33.884126783307174,0.9032071764191545,33.02464125135094,0.8601060130339664,0.931427001953125
279.png,ft,30,31400,0.4791259765625,70.39612070000021,10,,0.12383049999971263,True,0.0,32.486821961608875,0.990893718108848,31.176959953453668,0.9876189389963425,0.940185546875
279.png,base,30,31400,0.4791259765625,154.85810089999995,12,,0.13232280000011087,True,0.0,32.44424490238977,0.9157356531765004,29.238616367732515,0.879947426316411,0.9339447021484375
288.png,ft,30,31432,0.4796142578125,33.481151099999806,10,,0.12524759999996604,True,0.0,32.60306388581816,0.989914301378629,31.86969846312643,0.9879425963848663,0.9157867431640625
288.png,base,30,31432,0.4796142578125,134.30061850000038,11,,0.13645960000030755,True,0.0,33.03445731295405,0.9496836603660381,30.26301241281097,0.9291316456123285,0.9494781494140625
291.png,ft,30,31400,0.4791259765625,54.793478999999934,7,,0.13046620000022813,True,0.0,32.80470318688834,0.9959038382234272,31.234291477473278,0.9924948813897947,0.951568603515625
291.png,base,30,31400,0.4791259765625,83.79030539999985,6,,0.1321695999995427,True,0.0,32.80132195843933,0.9431292065335347,29.988146264915493,0.9068091042496443,0.953582763671875
310.png,ft,30,30920,0.4718017578125,82.10261009999977,7,,0.12416219999977329,True,0.0,32.783971480667155,0.9947699537073731,31.352866076131033,0.9926478660449858,0.94097900390625
310.png,base,30,30920,0.4718017578125,44.63340650000009,4,,0.12308799999937037,True,0.0,32.19381531733919,0.9383125586087866,31.46443199816929,0.93372000061226,0.970611572265625
321.png,ft,30,31528,0.4810791015625,48.478742799999964,6,,0.10568510000030074,True,0.0,32.4326773174415,0.996224532410468,31.685565178455732,0.9950195221110523,0.9329071044921875
321.png,base,30,31528,0.4810791015625,97.42455359999985,10,,0.13179510000009032,True,0.0,30.888229967098262,0.9435601590801819,28.9637220473263,0.9339664898336925,0.9657135009765625
341.png,ft,30,30704,0.468505859375,34.84258290000071,7,,0.13158629999998084,True,0.0,32.82017377678877,0.994697756421351,32.23673178968506,0.9937060503340462,0.9013519287109375
341.png,base,30,30704,0.468505859375,69.57576760000029,7,,0.1469708000004175,True,0.0,33.30020307532255,0.9683840133593148,31.38790061010336,0.9512804085830164,0.942108154296875
348.png,ft,30,30752,0.46923828125,75.90162940000027,8,,0.12708810000003723,True,0.0,32.7989799609869,0.9945904603337482,31.38118097195235,0.990882708355835,0.93634033203125
348.png,base,30,30752,0.46923828125,185.49194129999978,7,,0.11653759999990143,True,0.0,32.12251053144408,0.926782392576965,28.716415764575448,0.8854872244622304,0.9388427734375
372.png,ft,30,31152,0.475341796875,22.365804600000047,11,,0.13105869999981223,True,0.0,32.46476484049201,0.9908748061550048,32.08023926796157,0.9880287265436757,0.91424560546875
372.png,base,30,31152,0.475341796875,9.65252540000074,6,,0.11116149999998015,True,0.0,32.23942304707853,0.9246436124770866,32.231417873265336,0.9141471199516698,0.959808349609375
391.png,ft,30,30752,0.46923828125,97.82573729999967,7,,0.13491179999982705,True,0.0,32.820050870019884,0.9924680763530228,30.65119400826857,0.9872767258390961,0.9693756103515625
391.png,base,30,30752,0.46923828125,110.30735320000076,9,,0.15002969999932247,True,0.0,32.465570253775226,0.9451654486242868,28.898079116845857,0.9167196573398518,0.956695556640625
019.png,ft,29,30584,0.4666748046875,93.05821790000027,11,,0.12421130000075209,True,0.0,32.72829803823819,0.9859416368722773,31.209789540217038,0.9815879129257694,0.921722412109375
019.png,base,29,30584,0.4666748046875,38.69465619999937,7,,0.155973100000665,True,0.0,33.20883424091719,0.9250086422834695,32.37467374679426,0.912984024907968,0.918487548828125
034.png,ft,29,29792,0.45458984375,72.41616799999974,9,,0.1264788000007684,True,0.0,32.73289997220411,0.993152481649904,31.640522266043426,0.9914488863470597,0.9000701904296875
034.png,base,29,29792,0.45458984375,174.56436809999923,7,,0.13114849999965372,True,0.0,32.24157748208302,0.8584598030234238,27.52609447118087,0.815011123825348,0.907806396484375
042.png,ft,29,30160,0.460205078125,35.94717390000005,6,,0.12376659999972617,True,0.0,33.14315634956983,0.9957373197246223,32.32235679609773,0.9942921867754558,0.940185546875
042.png,base,29,30160,0.460205078125,53.84102939999957,5,,0.10636430000067776,True,0.0,33.24789157113755,0.9548438397911434,30.622862872440585,0.9299763340452841,0.9564208984375
044.png,ft,29,30520,0.4656982421875,32.24376229999962,5,,0.1242670999999973,True,0.0,32.9750195505449,0.9971154387378781,32.35001976443342,0.9962000588842318,0.927154541015625
044.png,base,29,30520,0.4656982421875,23.62260989999959,4,,0.13576409999950556,True,0.0,31.866650841254103,0.9864490703951461,31.348437982511086,0.9760758188066555,0.940643310546875
055.png,ft,29,29752,0.4539794921875,16.577013900000566,8,,0.11936849999983679,True,0.0,32.66662193794215,0.9896874214653453,32.390929795519995,0.9889298256435298,0.8750762939453125
055.png,base,29,29752,0.4539794921875,43.29002599999967,9,,0.10944749999998749,True,0.0,32.063347397343264,0.7902122154697467,31.275628985520836,0.785279973568255,0.889892578125
090.png,ft,29,29968,0.457275390625,26.795281099999556,7,,0.13305709999985993,True,0.0,33.06169981816289,0.9951001460392149,32.56371054237427,0.9942100415004905,0.905120849609375
090.png,base,29,29968,0.457275390625,21.245497000000796,5,,0.13366709999991144,True,0.0,33.993451856610726,0.9397173010278894,33.444743614604,0.9225744346122234,0.918365478515625
100.png,ft,29,30384,0.463623046875,81.69566399999985,8,,0.10650470000018686,True,0.0,32.585242170431385,0.9883616245394752,31.04161840526566,0.9844759458058542,0.9123382568359375
100.png,base,29,30384,0.463623046875,76.91246189999947,6,,0.10203220000039437,True,0.0,34.20999627958362,0.917222592001002,29.492305505751197,0.8743013631630024,0.9420013427734375
126.png,ft,29,30320,0.462646484375,41.2837228999997,7,,0.21444100000007893,True,0.0,32.90986474538532,0.9923854579814817,32.234775816870524,0.9909387694144826,0.883392333984375
126.png,base,29,30320,0.462646484375,39.61993480000001,6,,0.13395110000055865,True,0.0,33.51512191780699,0.84631345953103,32.46797539712731,0.8432957469928383,0.8972320556640625
159.png,ft,29,29784,0.4544677734375,52.574784599999475,8,,0.13415799999984301,True,0.0,33.307541388798974,0.9936537378950681,32.33254331501658,0.9917995157694118,0.91619873046875
159.png,base,29,29784,0.4544677734375,38.563637899999776,8,,0.11737929999981134,True,0.0,32.280200062015474,0.9256226394277649,31.580628772544177,0.9181525370394789,0.908172607421875
299.png,ft,29,29704,0.4532470703125,32.217888199999834,7,,0.12818179999976564,True,0.0,33.340695021243185,0.995551618936312,32.621255957214736,0.9935484114402157,0.9537506103515625
299.png,base,29,29704,0.4532470703125,12.422957799999494,5,,0.13120919999983016,True,0.0,32.79504064269182,0.9456275512770042,32.619305220056155,0.9378692912001311,0.963165283203125
324.png,ft,29,30208,0.4609375,96.47695039999962,7,,0.12743660000069212,True,0.0,32.620644122662654,0.9568298871256744,30.530229961910905,0.9508478871623284,0.887939453125
324.png,base,29,30208,0.4609375,122.69747489999918,8,,0.12826419999964855,True,0.0,32.41851091385588,0.8418759999588709,28.28609430554728,0.8064223324476337,0.8881378173828125
327.png,ft,29,30520,0.4656982421875,66.01939999999922,10,,0.11453329999949347,True,0.0,32.53873271974622,0.9653920953739212,31.667045289667733,0.9624586304812981,0.8744964599609375
327.png,base,29,30520,0.4656982421875,126.04321619999973,7,,0.10852989999966667,True,0.0,31.77358789051437,0.8267254288542583,29.114762132091375,0.8055663332955697,0.8935089111328125
359.png,ft,29,30440,0.4644775390625,28.210695400000077,7,,0.1617404999997234,True,0.0,32.80730697175332,0.9894048639989514,32.22568849634872,0.9872917110479297,0.91693115234375
359.png,base,29,30440,0.4644775390625,94.06529219999993,9,,0.1299574999993638,True,0.0,32.63828645907969,0.9132926109608593,30.380557851344253,0.8768679097342559,0.9028472900390625
375.png,ft,29,30448,0.464599609375,58.43944580000061,5,,0.12811469999996916,True,0.0,33.1467388673853,0.9966311002144822,31.982010847677643,0.994645953963154,0.9348297119140625
375.png,base,29,30448,0.464599609375,19.428760600000714,4,,0.12263499999971827,True,0.0,33.83941530598974,0.9797251400238924,33.192235513584784,0.9727247870666457,0.9387359619140625
392.png,ft,29,30368,0.46337890625,43.40688500000033,7,,0.10376329999962763,True,0.0,32.78747282473776,0.9901356777481547,32.015673685568956,0.9882565445222227,0.889801025390625
392.png,base,29,30368,0.46337890625,67.04383700000017,11,,0.128831099999843,True,0.0,32.15552316453617,0.9652311226755823,30.11776898559689,0.9594573140228269,0.914398193359375
018.png,ft,28,29136,0.444580078125,54.92810490000011,4,,0.10998240000026271,True,0.0,33.11852889746967,0.9946401541889212,31.46444913179685,0.9902867077952283,0.9450836181640625
018.png,base,28,29136,0.444580078125,108.10071849999986,6,,0.12488190000021859,True,0.0,32.96344635294742,0.9272244850477279,30.508139534865236,0.8717245857730299,0.9586944580078125
025.png,ft,28,29608,0.4517822265625,35.72316210000008,9,,0.12799529999938386,True,0.0,32.62894010738994,0.98788294323277,32.071635143158574,0.9859553986775019,0.870269775390625
025.png,base,28,29608,0.4517822265625,48.71721760000037,9,,0.08465710000018589,True,0.0,33.45748162618736,0.928419736835141,32.20325642458489,0.9071898198862492,0.9186248779296875
037.png,ft,28,28968,0.4420166015625,68.07179389999965,8,,0.10761040000033972,True,0.0,32.78300809020974,0.982875440141309,31.432596244486586,0.9793849902637937,0.919677734375
037.png,base,28,28968,0.4420166015625,207.45326579999983,6,,0.104491500000222,True,0.0,31.575662078708987,0.8079391678132513,28.008477544387084,0.7777325599154148,0.92706298828125
041.png,ft,28,28776,0.4390869140625,17.848681999999826,11,,0.10195870000006835,True,0.0,33.70661648852408,0.996383048782205,33.27334015993546,0.9950482939829803,0.8987579345703125
041.png,base,28,28776,0.4390869140625,6.592241499999545,10,,0.10566920000019309,True,0.0,31.85218308646213,0.9190876883200179,31.783568872105143,0.9195519956442534,0.9406890869140625
052.png,ft,28,29008,0.442626953125,36.7126973000004,5,,0.11507110000002285,True,0.0,32.9844105847528,0.9964868190002907,32.27725902786692,0.9955983925208235,0.9236907958984375
052.png,base,28,29008,0.442626953125,56.23267820000001,6,,0.10485180000068794,True,0.0,33.155805064623245,0.906120949775451,31.77937169118127,0.8994772404946757,0.970001220703125
053.png,ft,28,29120,0.4443359375,110.51615539999966,8,,0.12888800000018819,True,0.0,32.88176421068925,0.9914890874296299,30.70183996889606,0.9882840962222841,0.9161224365234375
053.png,base,28,29120,0.4443359375,39.466234299999996,6,,0.1277356000000509,True,0.0,34.32557218978003,0.91391922709439,30.675237959256773,0.8956661054830451,0.9157867431640625
064.png,ft,28,29408,0.44873046875,14.780521099999532,7,,0.10647489999973914,True,0.0,32.7661447230068,0.9820264099950858,32.412476804877635,0.9795093053687823,0.9043731689453125
064.png,base,28,29408,0.44873046875,6.586766600000374,7,,0.10700099999939994,True,0.0,34.24239517568283,0.8286132697046349,33.92737792554321,0.8055370084778729,0.95819091796875
076.png,ft,28,29400,0.4486083984375,22.972493700000086,9,,0.0996954000002006,True,0.0,32.90166296137751,0.989473560571845,32.41788430357968,0.9882852531963523,0.88861083984375
076.png,base,28,29400,0.4486083984375,27.962650999999823,9,,0.15419769999971322,True,0.0,32.7904538040533,0.876897927998642,32.26884076494732,0.8718147122167647,0.8990936279296875
139.png,ft,28,29584,0.451416015625,58.17992069999946,7,,0.11734290000003966,True,0.0,33.06345329728116,0.991117815534842,31.684421014458657,0.9868931686562066,0.921875
139.png,base,28,29584,0.451416015625,26.2319379999999,8,,0.11797630000000936,True,0.0,32.08283853982329,0.9365427283005177,31.787270753246858,0.9191031019654422,0.9192962646484375
151.png,ft,28,28704,0.43798828125,39.571427899999435,7,,0.12535589999970398,True,0.0,33.32892249811023,0.9894397076196749,32.11443973862242,0.9850925351854843,0.899169921875
151.png,base,28,28704,0.43798828125,57.498998400000346,8,,0.10487009999997099,True,0.0,34.50013957764915,0.9168252447983597,31.16814321234886,0.8977199581286083,0.828460693359375
173.png,ft,28,28992,0.4423828125,82.09301420000065,6,,0.24090129999967758,True,0.0,32.890122756982706,0.9896194424948846,31.38917833514308,0.9868753834101355,0.9070587158203125
173.png,base,28,28992,0.4423828125,105.02603989999989,8,,0.12799180000001797,True,0.0,32.33570118891447,0.8668825661830555,29.354425069267247,0.8603259425985136,0.9266357421875
176.png,ft,28,29560,0.4510498046875,105.57423400000062,10,,0.08042589999968186,True,0.0,32.61668450095832,0.979174127026239,30.47859029456837,0.9753559121805778,0.880615234375
176.png,base,28,29560,0.4510498046875,93.16921730000013,7,,0.12988720000066678,True,0.0,33.3474346448978,0.8432968957059404,30.529019183734206,0.8382824332486062,0.863494873046875
189.png,ft,28,29136,0.444580078125,84.7277210000002,7,,0.11353189999954338,True,0.0,32.92671878463106,0.9874217460316675,30.941862416084614,0.9828988777765506,0.899322509765625
189.png,base,28,29136,0.444580078125,120.76823439999953,8,,0.09651579999990645,True,0.0,32.35412723254554,0.8603364067686473,27.481709170492664,0.7853789967113882,0.914337158203125
246.png,ft,28,29376,0.4482421875,20.332054900000003,6,,0.12577189999956317,True,0.0,33.46540087934915,0.9971971659446779,32.999566710587246,0.996586706042217,0.9063873291015625
246.png,base,28,29376,0.4482421875,52.0581844999997,7,,0.10877350000009756,True,0.0,31.941998411378037,0.966864710167844,31.214758684086622,0.9583055738234147,0.931549072265625
293.png,ft,28,28928,0.44140625,145.39235089999966,8,,0.1317042999999103,True,0.0,33.159216629312,0.9903682519710714,30.647399834508875,0.9870676393478002,0.88641357421875
293.png,base,28,28928,0.44140625,12.353760500000135,4,,0.11513640000066516,True,0.0,36.72233686697399,0.9490522165401867,36.21935396110437,0.9461832584362525,0.7724609375
308.png,ft,28,29592,0.4515380859375,42.06820859999971,8,,0.11851980000028561,True,0.0,33.138231009615254,0.9937802885305886,32.319201653353105,0.9920650642374867,0.90252685546875
308.png,base,28,29592,0.4515380859375,33.11783970000033,8,,0.11854769999990822,True,0.0,32.53409443961104,0.8932039628177096,31.86743147635106,0.8857657859801389,0.8789520263671875
331.png,ft,28,28776,0.4390869140625,23.27853910000067,8,,0.1263478999999279,True,0.0,32.94399377235586,0.9846492548834966,32.56578242715959,0.9836757299727369,0.857177734375
331.png,base,28,28776,0.4390869140625,10.171295899999677,6,,0.22909149999941292,True,0.0,32.78571889657903,0.8652219109560466,32.68875384077472,0.8560403502499568,0.9073333740234375
340.png,ft,28,28992,0.4423828125,31.45967180000025,5,,0.12494110000079672,True,0.0,33.383902051070045,0.9935949465392816,32.50909458904077,0.9909806217383279,0.9315643310546875
340.png,base,28,28992,0.4423828125,45.95454979999977,6,,0.1400407000000996,True,0.0,32.982733281662185,0.9617313775097078,31.341474184540065,0.9500326905717179,0.942138671875
368.png,ft,28,29408,0.44873046875,43.25749670000005,6,,0.12525370000003022,True,0.0,33.15622662093832,0.9970108388824864,32.229494942716364,0.9956135633951596,0.936370849609375
368.png,base,28,29408,0.44873046875,114.69825969999965,6,,0.11295509999945352,True,0.0,33.40328864950501,0.9731282173223427,29.380833380850117,0.9551496863895131,0.968414306640625
373.png,ft,28,28816,0.439697265625,52.725276099999974,5,,0.11814310000045225,True,0.0,33.44210053045172,0.9957521780830153,32.489824067073585,0.9947552091039373,0.9102935791015625
373.png,base,28,28816,0.439697265625,59.56758439999976,5,,0.10456129999965924,True,0.0,33.34452797258524,0.9695703108385008,32.21337234588342,0.9658223843835865,0.945526123046875
013.png,ft,27,27712,0.4228515625,25.149355399999877,6,,0.11604319999969448,True,0.0,33.35451127181477,0.9968692017280858,32.71444906947306,0.9957655227963316,0.9221649169921875
013.png,base,27,27712,0.4228515625,10.879956700000548,6,,0.12860129999990022,True,0.0,34.03449597403559,0.95894611472428,33.74192734554225,0.9455116909249549,0.9373626708984375
026.png,ft,27,27664,0.422119140625,17.39975869999944,4,,0.12101939999956812,True,0.0,33.61752377046831,0.9968233438048792,33.048643213161334,0.9952102582492236,0.9549102783203125
026.png,base,27,27664,0.422119140625,98.68591219999962,6,,0.10297449999961827,True,0.0,32.810653931591965,0.9705793275398685,30.325874463506032,0.9512388080304461,0.9203338623046875
029.png,ft,27,27664,0.422119140625,15.48789620000025,9,,0.10378050000053918,True,0.0,33.22752181469173,0.995427009635147,32.961374698396966,0.994798227862555,0.87994384765625
029.png,base,27,27664,0.422119140625,10.16731400000026,7,,0.10561430000052496,True,0.0,32.145510321926395,0.9282555507695148,31.993065214950427,0.9284616696480888,0.9552459716796875
059.png,ft,27,28248,0.4310302734375,48.91950169999927,7,,0.11248100000011618,True,0.0,33.14142921923158,0.9932056720396335,32.06674184210124,0.9904580065327283,0.915374755859375
059.png,base,27,28248,0.4310302734375,83.26863880000019,3,,0.11920890000055806,True,0.0,34.00948740436361,0.9316965930866978,31.644261398720822,0.9223920778013762,0.9663543701171875
060.png,ft,27,27816,0.4244384765625,12.233199100000093,8,,0.1046635000002425,True,0.0,33.112533605983465,0.9758296795073678,32.91204480877099,0.9739599831530183,0.8338623046875
060.png,base,27,27816,0.4244384765625,21.048787300000185,7,,0.1175929000000906,True,0.0,33.5754175180631,0.8262240894062335,33.14387093523622,0.8235846923737805,0.79583740234375
068.png,ft,27,28000,0.42724609375,18.189077900000484,6,,0.11783879999984492,True,0.0,33.242790168107554,0.9948700465774677,32.87773923195667,0.993578821678824,0.8881072998046875
068.png,base,27,28000,0.42724609375,42.2045207000001,6,,0.08499049999954877,True,0.0,34.39261376787279,0.9353021190820572,33.176599248978064,0.9037028601455718,0.9473724365234375
094.png,ft,27,27736,0.4232177734375,43.44174290000046,5,,0.1152129000001878,True,0.0,33.225814360161614,0.9943195354229901,32.16941511613294,0.9918805379321783,0.9131011962890625
094.png,base,27,27736,0.4232177734375,92.84177380000074,6,,0.08422470000004978,True,0.0,32.93778145048338,0.9281997230206691,28.812730860532376,0.8755070382300532,0.92193603515625
112.png,ft,27,27792,0.424072265625,96.66225669999949,13,,0.1248911999991833,True,0.0,33.36091883494668,0.9904116034921118,31.67580865588117,0.9877035104045236,0.9237060546875
112.png,base,27,27792,0.424072265625,83.76513419999992,6,,0.12700969999968947,True,0.0,33.584385379019984,0.9618487567777132,31.497028847048888,0.9504527662925645,0.9687042236328125
127.png,ft,27,27640,0.4217529296875,20.174587900000006,6,,0.08936710000034509,True,0.0,33.84919307670394,0.9971462731794224,33.387661437526866,0.996487918778775,0.9158172607421875
127.png,base,27,27640,0.4217529296875,18.41200420000041,8,,0.09653929999967659,True,0.0,32.70405420796931,0.9633614359444437,32.22207917138051,0.960639402280192,0.892669677734375
143.png,ft,27,28128,0.42919921875,51.52785909999966,4,,0.11237119999987044,True,0.0,33.42244616455022,0.9967225295695683,32.31174635877791,0.9948192320580601,0.9477386474609375
143.png,base,27,28128,0.42919921875,74.83023260000027,5,,0.10082220000003872,True,0.0,32.68473229077033,0.9877477201908289,30.762784548000216,0.9726254030572633,0.9517669677734375
150.png,ft,27,27696,0.422607421875,28.271736800000326,12,,0.10676249999960419,True,0.0,33.3734344135678,0.9811979077046885,32.8194500425484,0.9786566538133981,0.8882598876953125
150.png,base,27,27696,0.422607421875,78.6893168000006,10,,0.11888089999956719,True,0.0,32.78985511964882,0.8505261164946859,30.252520327299116,0.817853859739016,0.8938140869140625
165.png,ft,27,27776,0.423828125,20.497097699999358,7,,0.10307210000064515,True,0.0,33.55436401687979,0.9960131093791201,33.074818550943725,0.9952176326667196,0.943145751953125
165.png,base,27,27776,0.423828125,45.853731100000005,7,,0.12141499999961525,True,0.0,33.215226860070246,0.9830776129179228,32.2620998119286,0.9793170557972984,0.9351043701171875
193.png,ft,27,27976,0.4268798828125,94.47482369999943,5,,0.1249377000003733,True,0.0,33.50148661722348,0.9965528148156122,31.688165078367604,0.9936440154959673,0.9388275146484375
193.png,base,27,27976,0.4268798828125,66.01759000000038,5,,0.10233330000028218,True,0.0,32.22734252044791,0.9609256876310576,29.36372853258161,0.9438598681354184,0.9705352783203125
218.png,ft,27,28112,0.428955078125,16.773274999999558,6,,0.09300480000001698,True,0.0,33.345441603096134,0.9965160461272341,32.85353107304064,0.9950615044615306,0.931732177734375
218.png,base,27,28112,0.428955078125,23.649768299999778,6,,0.11073040000064793,True,0.0,33.373536350225464,0.9781582089398762,32.8253819762307,0.9598341190936116,0.8876953125
263.png,ft,27,27848,0.4249267578125,29.97209920000023,7,,0.10955970000031812,True,0.0,33.25790307627015,0.9881177998283347,32.765106297529066,0.98674490759345,0.8565826416015625
263.png,base,27,27848,0.4249267578125,32.0905659,8,,0.12178870000025199,True,0.0,33.04473592826042,0.9162083795423137,32.40364427955021,0.9093143827161936,0.8240966796875
264.png,ft,27,28560,0.435791015625,75.87962270000025,7,,0.08151379999981145,True,0.0,32.79059331518837,0.9847830216261062,31.596560372492455,0.9819163953806264,0.8775177001953125
264.png,base,27,28560,0.435791015625,27.526478300000235,8,,0.10155649999978777,True,0.0,32.5439306254291,0.8528623911025927,31.390050790184986,0.8384251510474735,0.882843017578125
298.png,ft,27,27664,0.422119140625,16.088039300000673,6,,0.11997760000031121,True,0.0,33.87843015347153,0.9974724083862717,33.49499224653006,0.9968949917920157,0.896392822265625
298.png,base,27,27664,0.422119140625,10.061783600000126,7,,0.11962899999980436,True,0.0,33.61302308453591,0.9848773675895383,33.42557143542166,0.9775464982197924,0.946533203125
330.png,ft,27,28576,0.43603515625,265.8020727000003,8,,0.09642150000036054,True,0.0,32.74855011648743,0.9884764238729199,28.27279205501309,0.9782227861800155,0.90667724609375
330.png,base,27,28576,0.43603515625,415.65068150000025,7,,0.14859549999982846,True,0.0,32.77965530083343,0.9460121568484862,24.98712472550203,0.880499211893909,0.938568115234375
352.png,ft,27,27664,0.422119140625,43.72596270000031,7,,0.09470369999962713,True,0.0,33.469621934742044,0.9906309632725488,32.39386985585733,0.9878525297333995,0.9144287109375
352.png,base,27,27664,0.422119140625,46.90566430000035,12,,0.12728040000001783,True,0.0,32.97175566217418,0.9483741286620558,31.709028052463992,0.919881667589263,0.892822265625
353.png,ft,27,28392,0.4332275390625,60.2157901999999,8,,0.10439789999963978,True,0.0,33.35878487468723,0.9951037303654215,31.938364026848124,0.9919506254020959,0.9045562744140625
353.png,base,27,28392,0.4332275390625,13.054886800000531,8,,0.12481139999999868,True,0.0,33.073412035646356,0.9226407688360097,32.90933699327279,0.8959396730732944,0.9131622314453125
361.png,ft,27,27888,0.425537109375,18.152909099999306,6,,0.1115455999997721,True,0.0,33.171903812638035,0.9912845525319084,32.731872650572896,0.9904563615891148,0.899078369140625
361.png,base,27,27888,0.425537109375,22.03402819999974,7,,0.11634589999994205,True,0.0,33.562031595997354,0.9115074484901656,32.86184525419874,0.8936223177683713,0.9576263427734375
374.png,ft,27,28424,0.4337158203125,35.80413210000006,9,,0.11843420000059268,True,0.0,33.2213057947503,0.9956432365699196,32.440525644741165,0.9945000097196702,0.923309326171875
374.png,base,27,28424,0.4337158203125,174.92258260000017,7,,0.11911930000042048,True,0.0,32.91423061887833,0.9450160488506802,29.357619916775374,0.9272259869989811,0.9267578125
023.png,ft,26,27360,0.41748046875,23.640249799999765,6,,0.11634039999989909,True,0.0,33.387504330028136,0.9928197034246679,32.84540022408087,0.9911635103610323,0.8987274169921875
023.png,base,26,27360,0.41748046875,41.570833999999195,11,,0.13312700000005862,True,0.0,32.958795079469894,0.9020718701072242,32.06859895147896,0.8764874846050382,0.9074859619140625
030.png,ft,26,27464,0.4190673828125,17.45837119999942,6,,0.09886679999999615,True,0.0,33.55044527812303,0.9959734705827249,33.10002883855729,0.9949022459045475,0.9308929443359375
030.png,base,26,27464,0.4190673828125,28.626465100000132,3,,0.11415300000044226,True,0.0,33.658212824615575,0.9704837286235424,32.85033361541747,0.9603082001243775,0.941253662109375
035.png,ft,26,26912,0.41064453125,18.697266799999852,3,,0.11280170000009093,True,0.0,33.80715385626404,0.996518668558101,33.28827527325203,0.9943107798737175,0.9455718994140625
035.png,base,26,26912,0.41064453125,26.930117099999734,5,,0.11493330000030255,True,0.0,33.494585863604534,0.9725458217091384,32.43394026011138,0.951622925405069,0.942108154296875
050.png,ft,26,26712,0.4075927734375,71.88978859999952,6,,0.10332230000039999,True,0.0,33.781544868521735,0.994893324202413,32.37271098263069,0.9924468203511562,0.94805908203125
050.png,base,26,26712,0.4075927734375,389.74199319999934,5,,0.10999330000049667,True,0.0,33.243519187675034,0.9688128082319661,28.32793043032289,0.9366228222736069,0.950714111328125
075.png,ft,26,27264,0.416015625,127.72113819999959,9,,0.11919760000000679,True,0.0,33.020176638464875,0.960230512465332,31.292817710160328,0.9570591788713215,0.8779754638671875
075.png,base,26,27264,0.416015625,372.02789200000007,10,,0.11090969999986555,True,0.0,31.59009860861287,0.7865076796796042,27.056502954686188,0.7461980321820176,0.9006500244140625
079.png,ft,26,26968,0.4114990234375,35.36937940000007,7,,0.08905529999992723,True,0.0,33.434014625916305,0.9853069827191252,32.17883076178113,0.9825492727762094,0.920928955078125
079.png,base,26,26968,0.4114990234375,13.689926000000014,3,,0.10158879999926285,True,0.0,33.53195927275175,0.9262665783743862,32.972903974771015,0.8714522339988626,0.970062255859375
101.png,ft,26,27552,0.42041015625,24.952883999999358,9,,0.10272040000018023,True,0.0,33.07471718387533,0.9805572910232153,32.632365951284434,0.9793493739297917,0.8651275634765625
101.png,base,26,27552,0.42041015625,49.10518929999944,8,,0.10218689999965136,True,0.0,32.20316333358455,0.9383440050440671,31.43982991427083,0.933599964663072,0.8850860595703125
104.png,ft,26,26976,0.41162109375,58.52339309999934,6,,0.11755499999981112,True,0.0,33.848357438580386,0.9934173743709931,32.47352573632484,0.9911524038531431,0.916473388671875
104.png,base,26,26976,0.41162109375,81.76488090000021,8,,0.11243290000038542,True,0.0,34.03532691665631,0.9007754343747757,31.72689494660686,0.8772848188471353,0.925445556640625
140.png,ft,26,26704,0.407470703125,51.95508389999941,6,,0.10713459999988117,True,0.0,33.618266914194514,0.9866147782155811,32.455408670158995,0.9822996468216738,0.871063232421875
140.png,base,26,26704,0.407470703125,44.11380159999953,5,,0.1177188000001479,True,0.0,34.32569911426701,0.9358219139241052,31.764523701723792,0.9023683939358124,0.8999176025390625
154.png,ft,26,27472,0.419189453125,29.916690399999425,7,,0.11718849999942904,True,0.0,33.29197450029297,0.9443308695882533,32.646390686439915,0.9424865181088672,0.891357421875
154.png,base,26,27472,0.419189453125,16.257176699999945,5,,0.08744209999986197,True,0.0,33.934623329025555,0.8749155070842021,33.26940218091066,0.8499352305428972,0.908660888671875
212.png,ft,26,27320,0.4168701171875,19.414286400000492,8,,0.1137419000006048,True,0.0,32.94186850735839,0.991836305730161,32.59277393935791,0.9910965062118166,0.84521484375
212.png,base,26,27320,0.4168701171875,64.1599782000003,10,,0.09210419999999431,True,0.0,31.55292002635555,0.8939150162736542,30.6929310050922,0.8922867784214771,0.8754730224609375
215.png,ft,26,27504,0.419677734375,24.58853050000016,7,,0.1156369000000268,True,0.0,32.999480639189926,0.9930415603913947,32.49733268711615,0.9906711917802918,0.87005615234375
215.png,base,26,27504,0.419677734375,7.133447700000033,7,,0.11206119999951625,True,0.0,34.574941389504005,0.9059298845943597,34.45888045680759,0.8766620807144655,0.8732452392578125
252.png,ft,26,27080,0.4132080078125,26.372669400000632,10,,0.10118099999999686,True,0.0,32.9868122003968,0.9683824678896377,32.467526879540735,0.9667305433271641,0.8597412109375
252.png,base,26,27080,0.4132080078125,21.088121000000683,8,,0.12747529999978724,True,0.0,33.25269292031081,0.8853701659617194,32.76743330658884,0.861679287939482,0.9099273681640625
254.png,ft,26,26728,0.4078369140625,13.968257200000153,4,,0.11830960000042978,True,0.0,33.788059135930325,0.9972850897998972,33.33259944819817,0.9966709001316363,0.925872802734375
254.png,base,26,26728,0.4078369140625,21.719074900000123,6,,0.08370219999960682,True,0.0,33.19538371326984,0.9125379813263672,32.61043083906676,0.9070861751672424,0.9154510498046875
256.png,ft,26,26648,0.4066162109375,18.44817830000011,8,,0.10917239999980666,True,0.0,33.86568404557745,0.9929503215176384,33.39221335225852,0.9921653065486834,0.87109375
256.png,base,26,26648,0.4066162109375,64.26885469999979,6,,0.12247489999936079,True,0.0,33.3961254771252,0.9634625956734535,31.962445045733972,0.9581218967379196,0.9085540771484375
261.png,ft,26,27152,0.414306640625,8.97759010000027,4,,0.10524650000024849,True,0.0,33.62058155492343,0.9980170624671552,33.310848589689485,0.9976464642065667,0.9499053955078125
261.png,base,26,27152,0.414306640625,37.10502810000071,7,,0.0932065999995757,True,0.0,33.03987779499858,0.884122182632103,32.24429851370131,0.8827108253707352,0.91912841796875
266.png,ft,26,27168,0.41455078125,15.039727899999889,8,,0.10629179999978078,True,0.0,33.42180972793979,0.9931601426085893,33.13525471028239,0.9926351395586016,0.8333740234375
266.png,base,26,27168,0.41455078125,4.246009099999355,5,,0.10713229999964824,True,0.0,34.8036027589289,0.9436803608079681,34.7546614624529,0.9435981591115584,0.73065185546875
274.png,ft,26,26880,0.41015625,68.4511908000004,10,,0.08491820000017469,True,0.0,33.56264956876741,0.9959213944213463,32.270428224753466,0.9943675497413206,0.92694091796875
274.png,base,26,26880,0.41015625,16.346977199999856,4,,0.08171159999983502,True,0.0,34.86960612645064,0.9848517159911403,34.318687957362584,0.9833072107412177,0.950225830078125
280.png,ft,26,26920,0.4107666015625,33.2040820000002,6,,0.11637570000038977,True,0.0,33.8144694481433,0.9945133813452406,32.99181560762011,0.9930672121894069,0.947052001953125
280.png,base,26,26920,0.4107666015625,89.64774899999975,4,,0.12259099999937462,True,0.0,33.60596165801173,0.9659977776749932,31.564904443807364,0.9454362856292642,0.9611663818359375
316.png,ft,26,27216,0.415283203125,15.477792399999998,6,,0.11080479999964155,True,0.0,33.650883895890495,0.9926326887183764,33.28831293803934,0.9914670200801784,0.873382568359375
316.png,base,26,27216,0.415283203125,19.475214600000072,9,,0.1088184000000183,True,0.0,32.504519283395496,0.9047955413091044,32.22211543678029,0.9043498042543284,0.83026123046875
335.png,ft,26,26848,0.40966796875,42.19245909999972,5,,0.09810269999979937,True,0.0,33.414378841101204,0.9936969292226836,32.26204262327305,0.9920249534229016,0.9341583251953125
335.png,base,26,26848,0.40966796875,47.26754020000044,6,,0.10351319999972475,True,0.0,32.74779792660338,0.930779211643533,31.15823624617706,0.906226053869378,0.9276123046875
360.png,ft,26,27096,0.4134521484375,13.38884280000002,8,,0.11393840000073396,True,0.0,33.37565540164608,0.9924644434331464,33.14784743949782,0.9916741141694966,0.837188720703125
360.png,base,26,27096,0.4134521484375,35.067892300000494,7,,0.08349570000063977,True,0.0,33.241014367129424,0.9061510970025973,31.972986809506935,0.9025691416890887,0.9336090087890625
367.png,ft,26,26696,0.4073486328125,7.781059899999491,7,,0.09919170000011945,True,0.0,33.26190335032195,0.9932990703064005,33.11383943311563,0.993097233839635,0.8645172119140625
367.png,base,26,26696,0.4073486328125,20.31810349999978,7,,0.11184899999989284,True,0.0,34.26740794533017,0.8960207948249439,33.774000960591415,0.8925738731727205,0.822021484375
380.png,ft,26,26944,0.4111328125,23.750855299999785,8,,0.11789020000014716,True,0.0,33.67695301319031,0.9974077837799825,33.06159738186051,0.9966865579859205,0.898834228515625
380.png,base,26,26944,0.4111328125,32.16400840000006,6,,0.09777850000045873,True,0.0,33.86330203025272,0.9877847646941701,33.01392041749305,0.9837367720911437,0.915283203125
031.png,ft,25,26112,0.3984375,41.03788910000003,6,,0.10539829999925132,True,0.0,33.54736957153682,0.9919274385704531,32.72924363570824,0.9902736869733224,0.8798828125
031.png,base,25,26112,0.3984375,27.19740509999974,6,,0.10923129999991943,True,0.0,32.94930244525797,0.9561686328347658,32.26228110494424,0.9365164676978551,0.9276885986328125
036.png,ft,25,25624,0.3909912109375,8.114245099999607,6,,0.10657399999945483,True,0.0,34.160406751345306,0.9972332272087783,33.97883458158031,0.9970051361131164,0.8651123046875
036.png,base,25,25624,0.3909912109375,5.561946800000442,7,,0.08838860000014392,True,0.0,33.88328688906573,0.9636013428402588,33.82590168032853,0.964800816885949,0.80029296875
051.png,ft,25,26296,0.4012451171875,34.944374900000184,10,,0.11347329999989597,True,0.0,33.650491792234135,0.9834184683956615,32.871220158293674,0.9814125489988941,0.89923095703125
051.png,base,25,26296,0.4012451171875,5.905913800000235,5,,0.10583589999987453,True,0.0,33.42977414189657,0.8431202215923727,33.35301635673429,0.8377828089853688,0.9548492431640625
073.png,ft,25,26224,0.400146484375,17.05614659999992,3,,0.11454479999974865,True,0.0,34.18671649534633,0.9965808747598655,33.6170721637438,0.9946003106787614,0.93426513671875
073.png,base,25,26224,0.400146484375,26.373951699999452,6,,0.11612259999947128,True,0.0,33.185048287742674,0.9650926545582148,32.19221396647847,0.9530824531801619,0.929595947265625
089.png,ft,25,25776,0.393310546875,69.89491879999969,6,,0.10606209999968996,True,0.0,33.76611920289526,0.9954419136660984,31.842159124212657,0.9928633687408639,0.8876495361328125
089.png,base,25,25776,0.393310546875,5.17310869999983,6,,0.1034153000000515,True,0.0,32.67107223091519,0.9653571772401615,32.657322208273946,0.959726804390379,0.9588623046875
190.png,ft,25,25992,0.3966064453125,16.470323200000166,9,,0.13616089999959513,True,0.0,34.07484291609633,0.9969415528363267,33.62520906128347,0.9964101170817868,0.887542724609375
190.png,base,25,25992,0.3966064453125,8.244901099999879,7,,0.09853259999999864,True,0.0,33.27908397318997,0.9467533036820974,33.127272497803844,0.9446865864329844,0.8703765869140625
240.png,ft,25,25568,0.39013671875,16.27095669999926,7,,0.09132699999918259,True,0.0,33.861466784713855,0.9902832177267723,33.308019408916486,0.9886470520011521,0.8582916259765625
240.png,base,25,25568,0.39013671875,75.06315690000065,7,,0.11081350000040402,True,0.0,33.812728273829514,0.8924850223966937,31.852691528041717,0.8619792542151617,0.88323974609375
284.png,ft,25,25968,0.396240234375,12.383837500000482,5,,0.16194530000029772,True,0.0,34.27246926263819,0.9976954484601739,33.8164297175123,0.9966419632215563,0.9342041015625
284.png,base,25,25968,0.396240234375,8.069138299999395,4,,0.1047841999998127,True,0.0,33.83782439560364,0.962461459390999,33.67166083032902,0.9525038473778963,0.9611358642578125
304.png,ft,25,26480,0.404052734375,16.040677899999537,6,,0.11376509999990958,True,0.0,33.927948586293525,0.9921202025591386,33.543173696413874,0.9905956614289625,0.8951873779296875
304.png,base,25,26480,0.404052734375,35.78558040000007,8,,0.10317289999966306,True,0.0,33.93383664268073,0.9391255744731105,33.00307743716234,0.9293679248200762,0.885986328125
323.png,ft,25,26264,0.4007568359375,18.828816199999892,6,,0.10105930000008811,True,0.0,33.835632607192515,0.9972078846296724,33.30823260684771,0.9962506171165076,0.9359893798828125
323.png,base,25,26264,0.4007568359375,76.58060840000053,2,,0.09059749999960331,True,0.0,34.029676031071176,0.9316978066601479,29.711034385956427,0.86303896970393,0.97003173828125
338.png,ft,25,25872,0.394775390625,22.538025500000003,8,,0.10377389999939624,True,0.0,33.54178672174258,0.9725776134368788,32.92245153354251,0.9688719093510875,0.8719329833984375
338.png,base,25,25872,0.394775390625,95.81381380000039,6,,0.10962440000002971,True,0.0,33.24268050318671,0.7750731842054293,30.398546259902773,0.7455586544963029,0.913787841796875
376.png,ft,25,25944,0.3958740234375,39.171592200000305,6,,0.10585790000004636,True,0.0,33.864795599594736,0.9943638136255704,32.98198329653269,0.9923382975218247,0.888916015625
376.png,base,25,25944,0.3958740234375,10.198178500000722,5,,0.1064777999999933,True,0.0,33.14576725889593,0.8769695578370984,32.750298053850294,0.8546178539578945,0.9489288330078125
382.png,ft,25,25848,0.3944091796875,14.512422799999513,5,,0.07987460000003921,True,0.0,34.090805959399276,0.9961030348865856,33.67751308728249,0.9951712845143086,0.885284423828125
382.png,base,25,25848,0.3944091796875,54.587496199999805,6,,0.09687819999999192,True,0.0,35.16450916677575,0.9601240632851086,32.56607375982617,0.9395582858371526,0.8724365234375
393.png,ft,25,26376,0.4024658203125,14.678000599999905,5,,0.11993419999998878,True,0.0,33.86522987310779,0.9967467546343922,33.45663522762247,0.9959072861233221,0.9103240966796875
393.png,base,25,26376,0.4024658203125,26.983287399999426,4,,0.10911229999965144,True,0.0,32.91750541271145,0.9444162866361374,32.30965281864688,0.9254426107120972,0.97015380859375
395.png,ft,25,26216,0.4000244140625,77.44617340000059,5,,0.10822290000032808,True,0.0,33.94540165495795,0.9967195139754537,32.34831602802849,0.9946403739319444,0.934051513671875
395.png,base,25,26216,0.4000244140625,221.2509927000001,8,,0.12418030000026192,True,0.0,33.24093698795563,0.832745984925052,25.749916260906723,0.7868938848717573,0.9395294189453125
008.png,ft,24,25224,0.3848876953125,43.14984420000019,3,,0.08285820000037347,True,0.0,34.13481520850741,0.9952381883446444,32.61601312635808,0.9927248082754035,0.9540557861328125
008.png,base,24,25224,0.3848876953125,247.66644260000066,5,,0.10460409999996045,True,0.0,33.05037702755323,0.9138164393420959,27.64752682228579,0.9073892928161386,0.978485107421875
010.png,ft,24,25416,0.3878173828125,9.603467700000692,5,,0.11141200000020035,True,0.0,34.11806642044779,0.996782036953947,33.81616306234492,0.9961159581677363,0.892669677734375
010.png,base,24,25416,0.3878173828125,35.75362760000007,7,,0.11343589999978576,True,0.0,34.302582890308,0.9399063192118667,33.290708220126774,0.9175115808410893,0.9131317138671875
021.png,ft,24,24832,0.37890625,10.4279532999999,4,,0.11386140000013256,True,0.0,34.318123256512834,0.9974714091180926,33.88036057436003,0.9970250150238726,0.911834716796875
021.png,base,24,24832,0.37890625,14.80126239999936,5,,0.09211570000024949,True,0.0,32.84749842297187,0.9424282999782415,32.45210521882175,0.9360739213551956,0.9541778564453125
027.png,ft,24,25144,0.3836669921875,29.218605600000046,6,,0.08798849999948288,True,0.0,34.335027173847614,0.9956294692232044,33.47662757892731,0.9933984817571768,0.91375732421875
027.png,base,24,25144,0.3836669921875,13.284122699999898,5,,0.1086100999991686,True,0.0,32.81022374172448,0.9312325753012639,32.64582965122947,0.8981241331985305,0.95574951171875
046.png,ft,24,25464,0.3885498046875,32.94261069999993,5,,0.10137809999923775,True,0.0,34.20661769070242,0.9977215893926004,33.445155122582825,0.9969133390054319,0.92181396484375
046.png,base,24,25464,0.3885498046875,10.004187999999886,3,,0.11549680000007356,True,0.0,33.40097766472206,0.9533412836184835,33.07055421410748,0.9460317711596608,0.9763946533203125
054.png,ft,24,24632,0.3758544921875,16.569011900000078,6,,0.0931706999999733,True,0.0,34.724239979734264,0.9958784964658184,34.00637570740748,0.9948416203810585,0.9258270263671875
054.png,base,24,24632,0.3758544921875,87.56096350000007,5,,0.1061970000000656,True,0.0,33.5301232632574,0.9447106282349245,30.781667798732272,0.9259594032639716,0.9390411376953125
057.png,ft,24,24672,0.37646484375,24.01941650000026,6,,0.10506749999967724,True,0.0,34.52320251815949,0.9968743549165258,33.811562159160495,0.9960114995500393,0.89923095703125
057.png,base,24,24672,0.37646484375,17.598346100000526,5,,0.11922550000053889,True,0.0,33.5242757275629,0.9750134724817905,33.08607327468455,0.9723206787506968,0.954376220703125
066.png,ft,24,25264,0.385498046875,84.86938110000028,6,,0.12237749999985681,True,0.0,33.835159385278345,0.9818838071659811,31.63360436463892,0.9767846882506243,0.8997039794921875
066.png,base,24,25264,0.385498046875,297.4610273999997,8,,0.11098890000084793,True,0.0,32.59151208167307,0.900218821113498,27.635677621217518,0.8657806473240494,0.91436767578125
116.png,ft,24,25416,0.3878173828125,28.165479699999196,4,,0.1188030000002982,True,0.0,33.95531484248895,0.9952039888607374,33.01780550859499,0.9934737255084384,0.9345855712890625
116.png,base,24,25416,0.3878173828125,36.05535619999955,5,,0.09992729999976291,True,0.0,33.7980956932818,0.9641344843261319,32.78071589969084,0.953059872990078,0.9617462158203125
138.png,ft,24,24920,0.3802490234375,20.855376200000137,6,,0.10676839999996446,True,0.0,34.18650003922834,0.9950620641093955,33.691834935003406,0.9932635921109108,0.8969268798828125
138.png,base,24,24920,0.3802490234375,8.217586200000369,5,,0.10723690000031638,True,0.0,34.043557183785545,0.8907766879938042,34.00652782097214,0.8999699785004286,0.96478271484375
160.png,ft,24,24752,0.377685546875,11.285508500000105,5,,0.10545079999974405,True,0.0,34.24782850594563,0.997234674356619,33.959735867961456,0.9967667358931305,0.8924407958984375
160.png,base,24,24752,0.377685546875,30.517675600000075,5,,0.10731120000036753,True,0.0,33.933458478809804,0.9749340146333272,33.04479071419622,0.966221153640078,0.9382171630859375
164.png,ft,24,25544,0.3897705078125,13.345358999999917,5,,0.10919950000061363,True,0.0,34.07366848881638,0.995937810614458,33.729264787483444,0.99544839591913,0.895477294921875
164.png,base,24,25544,0.3897705078125,30.59652570000071,6,,0.10200189999977738,True,0.0,32.35049074373898,0.9209155496498713,31.88561317674289,0.9180151539090972,0.9189453125
199.png,ft,24,24840,0.3790283203125,19.524503100000402,8,,0.10934550000001764,True,0.0,34.15197611590551,0.9926153451038597,33.61105886478187,0.9908490021733706,0.95068359375
199.png,base,24,24840,0.3790283203125,35.0572917999998,6,,0.11231779999980063,True,0.0,32.62556235580146,0.9107301439976578,31.93421295319366,0.9066158284601734,0.9295654296875
210.png,ft,24,24984,0.3812255859375,11.397598200000175,6,,0.11035939999965194,True,0.0,34.44088683349105,0.9972398703766018,34.1135111108695,0.9966286614715353,0.9007110595703125
210.png,base,24,24984,0.3812255859375,20.130469700000504,7,,0.10148089999984222,True,0.0,35.19799224038381,0.9661374557800422,34.443662594177795,0.9533087900980042,0.9303741455078125
227.png,ft,24,25512,0.3892822265625,17.238547099999778,6,,0.07040240000060294,True,0.0,33.9357935364315,0.990762738176339,33.484516682129936,0.9900905349639997,0.881439208984375
227.png,base,24,25512,0.3892822265625,45.76768979999997,8,,0.12132500000006985,True,0.0,32.83756205072672,0.9568973302412964,31.987468213177557,0.9503582712203412,0.88360595703125
244.png,ft,24,24816,0.378662109375,87.18085960000008,4,,0.11878240000078222,True,0.0,34.255347781594104,0.9967217999970196,32.129641587811285,0.9939950378199006,0.92291259765625
244.png,base,24,24816,0.378662109375,22.9463480000004,4,,0.1347131000002264,True,0.0,33.372612359718204,0.9556052070627099,32.67273016657821,0.9381466707402116,0.96258544921875
251.png,ft,24,25504,0.38916015625,13.55534119999993,5,,0.10898270000052435,True,0.0,34.08695725183871,0.9902525003792714,33.711781379296944,0.989518674285501,0.8876495361328125
251.png,base,24,25504,0.38916015625,62.49347519999992,7,,0.0896562999996604,True,0.0,33.7572913793154,0.9237825593019677,31.66966106692419,0.9047297185978321,0.9483795166015625
328.png,ft,24,25408,0.3876953125,9.97792969999955,3,,0.08816680000018096,True,0.0,34.32899769224327,0.9974500768570828,33.89633228652357,0.9964994495165135,0.94244384765625
328.png,base,24,25408,0.3876953125,12.013985499999762,7,,0.10550870000042778,True,0.0,33.579423926078135,0.9348512060585046,33.4117884464661,0.9282916179522599,0.939453125
336.png,ft,24,25152,0.3837890625,15.634971899999982,5,,0.1605807999994795,True,0.0,34.15576349863291,0.9912138621904601,33.721030792582724,0.9893492863034693,0.8947906494140625
336.png,base,24,25152,0.3837890625,15.34039810000013,6,,0.11854769999990822,True,0.0,34.06088233488546,0.9115453861853746,33.741340411887364,0.9065549396699777,0.89501953125
346.png,ft,24,25056,0.38232421875,36.50788899999952,4,,0.09284190000016679,True,0.0,34.061001754607496,0.9968009911572754,33.08880919323585,0.995397461976256,0.9438323974609375
346.png,base,24,25056,0.38232421875,11.662558200000603,4,,0.10641280000072584,True,0.0,34.253578007221456,0.9392150959548787,33.723849258484904,0.9283074591727525,0.95391845703125
349.png,ft,24,25352,0.3868408203125,35.23515520000001,3,,0.10968869999942399,True,0.0,34.42913833161743,0.9978466218153497,33.616472958804245,0.9968780952618737,0.9541015625
349.png,base,24,25352,0.3868408203125,76.31210110000029,6,,0.11681310000039957,True,0.0,33.78293265531363,0.9633724824124641,31.740127479641487,0.9442135319781894,0.9398345947265625
397.png,ft,24,25416,0.3878173828125,13.749447999999575,4,,0.12685290000081295,True,0.0,34.23230495734482,0.9971434673050741,33.853706157986515,0.9960230648476939,0.9169158935546875
397.png,base,24,25416,0.3878173828125,4.741865399999369,4,,0.10282120000010764,True,0.0,33.048155895309606,0.9460419378022067,32.97081501294465,0.9367893850294121,0.9709014892578125
011.png,ft,23,23624,0.3604736328125,10.410315099999934,3,,0.1037053999998534,True,0.0,35.23909111638416,0.997774016230487,34.80326599928113,0.9971333529213536,0.9418487548828125
011.png,base,23,23624,0.3604736328125,3.975657400000273,3,,0.09843840000030468,True,0.0,35.634055081440486,0.9664117733761708,35.457181087595245,0.9536752878479273,0.961700439453125
045.png,ft,23,24400,0.372314453125,24.014175399999658,5,,0.09680250000019441,True,0.0,34.581477546166425,0.9960755333135984,33.72312545623161,0.9938157554807199,0.94219970703125
045.png,base,23,24400,0.372314453125,16.792741899999783,6,,0.10735769999973854,True,0.0,34.825778469061426,0.9319475322919513,34.289342915943884,0.9287506886630049,0.9597320556640625
084.png,ft,23,24424,0.3726806640625,11.917125599999963,4,,0.10532640000019455,True,0.0,34.47170750107847,0.9975037246713452,34.060924737164406,0.9970119026858381,0.9129638671875
084.png,base,23,24424,0.3726806640625,34.309915299999375,5,,0.09574869999960356,True,0.0,34.10032609710605,0.9834662466148394,33.06844461613621,0.9760821951684293,0.9454498291015625
105.png,ft,23,24184,0.3690185546875,19.790349300000344,6,,0.12634669999988546,True,0.0,34.882783104631045,0.9918888043314108,34.16571801870972,0.9907917417802122,0.932952880859375
105.png,base,23,24184,0.3690185546875,14.59603049999987,5,,0.2370107000006101,True,0.0,33.50583886058802,0.9542330718050462,33.25689405506865,0.9545215512282649,0.976348876953125
109.png,ft,23,23824,0.363525390625,73.10321010000007,6,,0.11361410000063188,True,0.0,35.11980126720435,0.9945287671457699,33.406228976112885,0.9926328047202425,0.8880615234375
109.png,base,23,23824,0.363525390625,96.98002559999986,8,,0.10443820000000414,True,0.0,35.71888863513936,0.9717983360436968,32.423648138821164,0.9452712854226761,0.894073486328125
111.png,ft,23,23912,0.3648681640625,12.853273100000479,6,,0.11974909999935335,True,0.0,34.932006239707796,0.9975607443490971,34.53204193569612,0.9969585944212506,0.9251556396484375
111.png,base,23,23912,0.3648681640625,16.257470300000023,3,,0.14105380000000878,True,0.0,34.598503043330886,0.9711786968156185,34.19998096901419,0.9701612048323143,0.946197509765625
115.png,ft,23,24064,0.3671875,23.888451400000122,5,,0.17109759999948437,True,0.0,34.904598562930815,0.9975713993426144,34.13896736366869,0.9958209815072575,0.93017578125
115.png,base,23,24064,0.3671875,14.80627849999928,3,,0.11155520000011165,True,0.0,34.8469136177502,0.970214067527215,34.246056374185265,0.9521466244412307,0.943023681640625
124.png,ft,23,23640,0.3607177734375,25.334248599999228,6,,0.10517220000019734,True,0.0,34.341859827628326,0.9873263433626859,33.740010054624776,0.9864467156454878,0.89447021484375
124.png,base,23,23640,0.3607177734375,18.53900799999974,4,,0.28260060000047815,True,0.0,36.55792094830618,0.9180929103753641,35.71372105846217,0.8500808828414571,0.9663543701171875
130.png,ft,23,24232,0.3697509765625,13.282654499999808,7,,0.12823329999991984,True,0.0,34.44147906103248,0.9928139396829448,34.11029687651185,0.990560778822001,0.847564697265625
130.png,base,23,24232,0.3697509765625,4.695214600000327,5,,0.11825789999966219,True,0.0,35.41361101728266,0.944194161016761,35.28752799455654,0.9295080731189111,0.9149169921875
134.png,ft,23,23568,0.359619140625,20.24538399999983,5,,0.08668039999975008,True,0.0,34.74672750322019,0.9973030046740858,34.30477364995896,0.9966727241036178,0.8804779052734375
134.png,base,23,23568,0.359619140625,35.77742119999948,4,,0.10456350000004022,True,0.0,35.30630475434546,0.9811163451558834,33.80033299588341,0.970939489451828,0.93756103515625
153.png,ft,23,23896,0.3646240234375,17.783896699999787,8,,0.11009699999976874,True,0.0,34.25391182051101,0.9552155470219248,33.86744492993096,0.953224325595739,0.829376220703125
153.png,base,23,23896,0.3646240234375,17.576425399999607,5,,0.12924219999968045,True,0.0,33.02845203078452,0.830517689807003,32.57000713003613,0.8102003417532896,0.8840179443359375
183.png,ft,23,24096,0.36767578125,16.720457599999463,7,,0.13600570000016887,True,0.0,34.937431717024985,0.9962205957113655,34.43557079318067,0.9953517612056233,0.9208526611328125
183.png,base,23,24096,0.36767578125,129.66510299999936,4,,0.08548359999986133,True,0.0,34.49891038406304,0.9625066421884763,31.18831370603045,0.9403170259573201,0.9609832763671875
184.png,ft,23,24376,0.3719482421875,19.873980800000027,7,,0.10556059999998979,True,0.0,34.555092104680966,0.9955926984494505,34.06159111306481,0.9949701676733543,0.8768157958984375
184.png,base,23,24376,0.3719482421875,5.383612599999651,4,,0.19372399999974732,True,0.0,33.92083160329843,0.95737958766189,33.88845510388264,0.9518719690274032,0.9552764892578125
216.png,ft,23,23680,0.361328125,6.312788000000182,7,,0.09060309999949823,True,0.0,34.8036027589289,0.9927387424098177,34.647467132673526,0.9924194329465763,0.838775634765625
216.png,base,23,23680,0.361328125,11.062642800000503,9,,0.11849470000015572,True,0.0,34.353854702451095,0.9752434799716599,34.14376379274172,0.9754094098027136,0.8134765625
228.png,ft,23,24216,0.3695068359375,18.385085799999615,5,,0.1181972999993377,True,0.0,34.946201722810144,0.9940308459890428,34.50929383675002,0.9925704871350535,0.8679962158203125
228.png,base,23,24216,0.3695068359375,6.081897499999286,8,,0.10536539999975503,True,0.0,33.683980954985486,0.9456583849942328,33.66109498284477,0.9330140024791013,0.9066009521484375
236.png,ft,23,23888,0.364501953125,10.930373299999701,5,,0.1533121000002211,True,0.0,34.99163796101606,0.9977752400167554,34.72588660690195,0.997304932143714,0.8924102783203125
236.png,base,23,23888,0.364501953125,17.04622669999935,6,,0.10931830000026821,True,0.0,35.81612886043023,0.9753126918652969,35.2689303523734,0.9682143426043784,0.899383544921875
259.png,ft,23,24280,0.3704833984375,15.801563600000009,4,,0.10517110000000685,True,0.0,34.73571177669196,0.9971375820176919,34.3213627903238,0.9962874887841017,0.9285736083984375
259.png,base,23,24280,0.3704833984375,20.74045279999973,6,,0.08540219999940746,True,0.0,34.761317400411656,0.9636789807325176,34.22820653505444,0.9584100270412311,0.9131317138671875
268.png,ft,23,24320,0.37109375,27.30502080000042,4,,0.10745690000021568,True,0.0,34.50124270170911,0.9963343606059363,33.899711290301425,0.9957274398215742,0.8912811279296875
268.png,base,23,24320,0.37109375,42.00839019999967,7,,0.1315575999997236,True,0.0,33.3611110753938,0.9223979512076029,32.48738752179824,0.9210896390664596,0.858795166015625
283.png,ft,23,23696,0.361572265625,13.204895099999703,5,,0.1350110000003042,True,0.0,34.953914744906925,0.9937726339044045,34.61791761291249,0.9929688977387983,0.85113525390625
283.png,base,23,23696,0.361572265625,14.253690200000165,5,,0.11080109999966226,True,0.0,34.75555902775185,0.9471556469577942,33.976084195211904,0.9267585649044436,0.9305877685546875
297.png,ft,23,24272,0.370361328125,35.006548100000145,5,,0.11186110000016924,True,0.0,34.87471932102358,0.995702619467544,33.9257242721109,0.9941268048433257,0.91546630859375
297.png,base,23,24272,0.370361328125,42.31629069999963,7,,0.11658650000026682,True,0.0,34.01509665226021,0.9253188786733154,32.657668607918005,0.9122117573201224,0.87542724609375
302.png,ft,23,23856,0.364013671875,159.1677168999995,9,,0.08309230000031675,True,0.0,34.623050032442755,0.979513163744558,29.816390256234886,0.9674850064313721,0.9080047607421875
302.png,base,23,23856,0.364013671875,9.840374800000063,6,,0.10106989999985672,True,0.0,36.133022748752175,0.8705626958167599,35.65870609443893,0.8318386211185868,0.9186248779296875
311.png,ft,23,24200,0.3692626953125,43.17465919999995,9,,0.10172360000069602,True,0.0,34.493741815080774,0.9967989363943817,33.46960909627301,0.9956360560034097,0.9011383056640625
311.png,base,23,24200,0.3692626953125,6.426325800000086,3,,0.11997580000024755,True,0.0,35.14841580899554,0.9507543093363513,34.97764823384168,0.9480448230703037,0.973541259765625
379.png,ft,23,23560,0.3594970703125,9.63970319999953,5,,0.09285770000042248,True,0.0,35.222363345024256,0.9973508388305448,34.931649857945786,0.9969642785372663,0.8824615478515625
379.png,base,23,23560,0.3594970703125,9.95324249999976,4,,0.10450679999939894,True,0.0,34.87039743292368,0.9494694229076938,34.63539501343688,0.9371088616902089,0.918212890625
383.png,ft,23,23752,0.3624267578125,21.82851600000049,8,,0.09482830000069953,True,0.0,34.87333559842654,0.9969340946893941,34.30748205562071,0.9963327165212158,0.902618408203125
383.png,base,23,23752,0.3624267578125,32.07335770000009,8,,0.11813449999954173,True,0.0,34.53871955036146,0.9386343373138787,33.49755447386879,0.9299807984772016,0.8715972900390625
387.png,ft,23,24072,0.3673095703125,17.590384600000107,6,,0.10455499999989115,True,0.0,34.39922337152169,0.9907096265865933,33.85788863335671,0.988026784966468,0.8877105712890625
387.png,base,23,24072,0.3673095703125,49.850356199999624,6,,0.10143279999920196,True,0.0,34.78194425615471,0.8808256289288413,33.362072405293006,0.8410203484437285,0.93389892578125
006.png,ft,22,22584,0.3446044921875,20.189967600000273,6,,0.10549259999970673,True,0.0,35.59719103168744,0.9968534019141609,34.88250079173056,0.9959256040161856,0.926116943359375
006.png,base,22,22584,0.3446044921875,40.30154380000022,6,,0.10709039999983361,True,0.0,34.792239238765156,0.9514026803659926,33.72479182342411,0.9391183802981019,0.9093170166015625
017.png,ft,22,23248,0.354736328125,35.21261219999997,5,,0.1064448999995875,True,0.0,35.44302188426287,0.9971346096774804,34.201866690719434,0.9958668819608967,0.8966827392578125
017.png,base,22,23248,0.354736328125,133.33795250000003,6,,0.0985913000004075,True,0.0,34.0298100609633,0.9688112762453994,30.785969107957293,0.9455661427104091,0.9223175048828125
049.png,ft,22,23072,0.35205078125,8.446418800000174,6,,0.2638340000003154,True,0.0,34.93531659386713,0.9912480538834634,34.70706982278514,0.9909036034360083,0.84112548828125
049.png,base,22,23072,0.35205078125,7.38270139999986,6,,0.11515560000043479,True,0.0,33.723034989431156,0.9211857607433905,33.599731032732706,0.9241647213026075,0.8876190185546875
069.png,ft,22,22672,0.345947265625,9.775374200000442,6,,0.09698019999996177,True,0.0,35.269828738972144,0.9980246963230888,34.93808827102801,0.9977151919743109,0.90045166015625
069.png,base,22,22672,0.345947265625,17.91671369999949,0,,0.0787689999997383,True,0.0,36.48705537317029,0.9376558787492539,35.344623399881726,0.9247446151050154,0.9732818603515625
086.png,ft,22,23216,0.354248046875,70.1127192999993,4,,0.08970159999989846,True,0.0,34.860199693126724,0.995668858713931,33.266429777921644,0.9937140826110799,0.9040069580078125
086.png,base,22,23216,0.354248046875,19.896127899999556,7,,0.10757919999923615,True,0.0,34.45259333486365,0.9342440463761703,33.98555743600324,0.930708416419924,0.8767242431640625
095.png,ft,22,23392,0.35693359375,22.293519599999854,5,,0.14018190000024333,True,0.0,35.15885282430831,0.9921396389760186,34.60546028164374,0.9905435340882018,0.887115478515625
095.png,base,22,23392,0.35693359375,12.65739400000075,6,,0.09659019999980956,True,0.0,33.82871440797529,0.9125686097479973,33.48692033004164,0.9030175526394796,0.9400787353515625
097.png,ft,22,23176,0.3536376953125,51.082231200000024,6,,0.107898600000226,True,0.0,35.070626229563466,0.9893556147541132,33.39958705651939,0.9870922100853897,0.8992156982421875
097.png,base,22,23176,0.3536376953125,124.30646549999983,5,,0.11373439999988477,True,0.0,35.08803139828858,0.9693215485091692,30.55654157204275,0.9398631387946867,0.923828125
157.png,ft,22,22960,0.350341796875,10.177744600000551,3,,0.10323830000015732,True,0.0,35.542725243051684,0.9977261828231245,35.1468887538395,0.9969459912967386,0.921630859375
157.png,base,22,22960,0.350341796875,7.385642700000062,6,,0.09544959999948333,True,0.0,33.97856540825066,0.954015391939804,33.77449834950563,0.948890271462321,0.9541778564453125
158.png,ft,22,22752,0.34716796875,10.334719100000257,4,,0.09418310000000929,True,0.0,35.54292974375036,0.9979309717191908,35.07977907031585,0.9970989539387017,0.9190826416015625
158.png,base,22,22752,0.34716796875,11.826944599999479,4,,0.07706340000004275,True,0.0,34.793194794689974,0.9113145799878335,34.19925103026155,0.8912636141391309,0.943206787109375
167.png,ft,22,22496,0.34326171875,11.783672800000204,7,,0.09952760000032868,True,0.0,35.60696791150098,0.9966917677244953,35.1881439793092,0.9960088408734658,0.886932373046875
167.png,base,22,22496,0.34326171875,4.2650280000007115,5,,0.10646399999950518,True,0.0,34.61725066660491,0.9513934208734849,34.53542000038338,0.9515561431118509,0.83203125
168.png,ft,22,22712,0.3465576171875,18.191383499999574,7,,0.0906383999999889,True,0.0,35.28831084550334,0.9944059056470704,34.69148989769397,0.9933706565830224,0.8929901123046875
168.png,base,22,22712,0.3465576171875,17.134489200000644,7,,0.09320759999991424,True,0.0,36.081836657798924,0.9261221642808297,35.29453275319416,0.9120813169974692,0.834808349609375
172.png,ft,22,23048,0.3516845703125,19.37457970000014,4,,0.11251160000028904,True,0.0,35.134083309523724,0.995110820297314,34.52671724522609,0.9943812245532393,0.8973541259765625
172.png,base,22,23048,0.3516845703125,37.20691629999965,4,,0.08677970000007917,True,0.0,34.817949537321624,0.9857146034448226,33.55434630494041,0.9805471424399533,0.93780517578125
188.png,ft,22,22728,0.3468017578125,8.36042610000004,4,,0.10633080000025075,True,0.0,35.58555856216146,0.9951620221593317,35.25040632074523,0.9944932222075327,0.8888092041015625
188.png,base,22,22728,0.3468017578125,9.943571799999518,7,,0.10294299999986833,True,0.0,34.50459113480807,0.9285270124240518,34.2500442360754,0.9294275150547885,0.892547607421875
198.png,ft,22,23248,0.354736328125,9.287739399999737,5,,0.09124599999995553,True,0.0,35.20611539952312,0.9978229847640786,34.83549117431068,0.9973084483920273,0.91082763671875
198.png,base,22,23248,0.354736328125,3.5551431000003504,3,,0.1196209000008821,True,0.0,34.2226099588004,0.9023863820094526,34.15936563634172,0.9038470375500113,0.9835052490234375
230.png,ft,22,22808,0.3480224609375,10.145340099999885,6,,0.06864979999954812,True,0.0,35.52709850053803,0.9945223992479338,35.09573932493232,0.9932617584310637,0.913055419921875
230.png,base,22,22808,0.3480224609375,56.4175778000008,6,,0.08107689999997092,True,0.0,35.47826755827984,0.9631214330793973,32.71636746453679,0.9317906377365297,0.9275665283203125
237.png,ft,22,23320,0.3558349609375,72.84389980000014,6,,0.14541120000012597,True,0.0,34.95829824867061,0.987107309743464,32.63415994759145,0.9835712435213887,0.8815155029296875
237.png,base,22,23320,0.3558349609375,94.1437662999997,6,,0.09644750000006752,True,0.0,35.356002748601874,0.8982056878598628,31.338777787067084,0.8730296562382925,0.8645782470703125
253.png,ft,22,22664,0.3458251953125,21.044941899999685,2,,0.09932819999994535,True,0.0,35.40390218408214,0.9979028527152782,34.66794515397909,0.996817619444167,0.9459075927734375
253.png,base,22,22664,0.3458251953125,41.185393900000236,6,,0.10671009999987291,True,0.0,34.3100766767131,0.980341536329245,32.989616102978026,0.9719739596948663,0.9221343994140625
262.png,ft,22,22720,0.3466796875,28.408789699999943,5,,0.08137859999987995,True,0.0,35.129578600065805,0.9901471207978257,34.28470741985993,0.9886657450803185,0.849884033203125
262.png,base,22,22720,0.3466796875,39.22290449999946,4,,0.10176349999983358,True,0.0,35.81715567535484,0.9475317171092694,34.1922901684941,0.9275291488811789,0.9289093017578125
292.png,ft,22,23016,0.3511962890625,7.105503499999941,7,,0.0867484999998851,True,0.0,35.28978165531313,0.9951540446870374,35.12199604467323,0.9948168303934665,0.8302001953125
292.png,base,22,23016,0.3511962890625,6.807283600000119,6,,0.08997080000062851,True,0.0,35.336959276467155,0.9380332581564805,35.20397791177358,0.9321339004390512,0.8692474365234375
294.png,ft,22,22664,0.3458251953125,19.32897159999993,6,,0.08924590000060562,True,0.0,35.35162890858176,0.982448697041897,34.66017684249007,0.9812862767383049,0.8858184814453125
294.png,base,22,22664,0.3458251953125,17.29540629999974,9,,0.10193540000000212,True,0.0,34.77220263023889,0.9720589919596857,34.20484976880373,0.9701326828376309,0.9404144287109375
309.png,ft,22,23496,0.3585205078125,14.933947000000444,7,,0.10152569999991101,True,0.0,34.9719780547789,0.9984869218491246,34.49329058672483,0.9981670856662408,0.8764495849609375
309.png,base,22,23496,0.3585205078125,8.38695000000007,6,,0.08189370000036433,True,0.0,33.24619761091314,0.9886006436733901,33.049759246806325,0.9879660379562084,0.918701171875
315.png,ft,22,22760,0.3472900390625,21.159126399999877,10,,0.07529010000052949,True,0.0,35.455720494443796,0.987198841142254,34.83703878191189,0.9859133160855441,0.89013671875
315.png,base,22,22760,0.3472900390625,4.813721700000315,7,,0.13222510000014154,True,0.0,36.15569713613736,0.8710023481148362,36.011906448540934,0.8644169439016194,0.80657958984375
322.png,ft,22,23264,0.35498046875,13.76016190000064,7,,0.09064789999956702,True,0.0,34.83346025898795,0.9817397249963733,34.53480131214506,0.9812768413636189,0.8486785888671875
322.png,base,22,23264,0.35498046875,5.0587922000004255,5,,0.10047560000020894,True,0.0,36.55713675013434,0.9444205551732404,36.41666960048953,0.9441652700997136,0.874267578125
326.png,ft,22,22720,0.3466796875,6.85960680000062,4,,0.0989837000006446,True,0.0,35.75246444028331,0.9981928029245848,35.440120203117814,0.997658451046627,0.900299072265625
326.png,base,22,22720,0.3466796875,10.197769999999764,7,,0.10468760000003385,True,0.0,34.365200546815096,0.9620291541911785,34.13634967847989,0.9524222396674032,0.9009857177734375
350.png,ft,22,22840,0.3485107421875,15.141626300000098,5,,0.10040219999973488,True,0.0,35.243516628553735,0.9981296450846425,34.52370403534065,0.9970351670527271,0.9254608154296875
350.png,base,22,22840,0.3485107421875,6.565504000000146,1,,0.09481449999930192,True,0.0,34.62694917183241,0.9120228750251541,34.19631375349912,0.871039166219396,0.9741668701171875
371.png,ft,22,22488,0.3431396484375,20.69595990000016,4,,0.09206010000070819,True,0.0,35.32159629263932,0.9960147981140894,34.32789512719021,0.9942555546032078,0.929473876953125
371.png,base,22,22488,0.3431396484375,17.0811319000004,4,,0.10133689999929629,True,0.0,34.5767886476768,0.9611246475087357,33.991657028999974,0.9380595764834848,0.9525604248046875
396.png,ft,22,22704,0.346435546875,93.33830690000013,7,,0.08294459999979154,True,0.0,35.25880379207214,0.9939364821345228,31.886380444188124,0.9886657932625118,0.917388916015625
396.png,base,22,22704,0.346435546875,82.72251330000017,5,,0.0898151000001235,True,0.0,34.37791916478062,0.9130920321691414,31.958660191158863,0.887462292583871,0.939208984375
001.png,ft,21,21872,0.333740234375,7.468356000000313,5,,0.09796989999995276,True,0.0,35.491892621562144,0.9965472963721133,35.25127015090682,0.996254469205684,0.84588623046875
001.png,base,21,21872,0.333740234375,5.162050199999612,6,,0.1096056000005774,True,0.0,34.09760504964059,0.9230780465409849,33.99197556314776,0.9216153459559143,0.899627685546875
014.png,ft,21,21808,0.332763671875,11.56020290000015,4,,0.11565480000081152,True,0.0,35.61747637880713,0.99673394324459,35.21169945185879,0.9960068542718884,0.882904052734375
014.png,base,21,21808,0.332763671875,8.525199199999406,8,,0.10159800000019459,True,0.0,34.18829614992472,0.9537056611185827,33.96761393871387,0.9392571236056909,0.918304443359375
120.png,ft,21,22056,0.3365478515625,8.558842700000241,5,,0.11330790000010893,True,0.0,35.68182463183979,0.9958191286816007,35.33622100022319,0.9944343728478904,0.926422119140625
120.png,base,21,22056,0.3365478515625,3.0986076000008325,1,,0.10044920000018465,True,0.0,34.80758116806217,0.9582175791014523,34.794397475756746,0.958385202288471,0.9717254638671875
148.png,ft,21,21592,0.3294677734375,59.05201829999987,4,,0.1979381999999532,True,0.0,35.542400252824734,0.9960385768361066,34.01377048733268,0.9945722156858117,0.8872833251953125
148.png,base,21,21592,0.3294677734375,18.89827989999958,6,,0.09045340000011493,True,0.0,34.73261067672071,0.9394431313314514,33.68623245921291,0.9144511223110005,0.935943603515625
155.png,ft,21,22192,0.338623046875,30.081137999999555,4,,0.07980959999986226,True,0.0,35.220399800574256,0.9954805381909515,34.216033072471745,0.9940282977385513,0.9227752685546875
155.png,base,21,22192,0.338623046875,18.83603570000014,5,,0.09517500000038126,True,0.0,33.97425496453363,0.9526391598254146,33.51730891854011,0.9141763577219146,0.952880859375
171.png,ft,21,21488,0.327880859375,6.356325799999468,4,,0.10102219999953377,True,0.0,36.0559830940785,0.9975665310354253,35.71126927621111,0.9969000634444313,0.942047119140625
171.png,base,21,21488,0.327880859375,40.51169700000082,6,,0.15062089999992168,True,0.0,34.847131400918045,0.98002763978349,33.50990961917218,0.9744556035326543,0.9446258544921875
196.png,ft,21,21976,0.3353271484375,8.56716680000045,3,,0.10147400000005291,True,0.0,35.82606102433867,0.998539161826744,35.425601706956186,0.9978758298036879,0.9441680908203125
196.png,base,21,21976,0.3353271484375,4.423475900000085,4,,0.0989159999999174,True,0.0,34.100949637744385,0.9504527618217306,34.05575644106379,0.9540208501197748,0.960052490234375
200.png,ft,21,21512,0.3282470703125,15.005037300000367,4,,0.09856120000040391,True,0.0,36.02834639953092,0.9978442404052259,35.24851878405209,0.9968003767723213,0.9312896728515625
200.png,base,21,21512,0.3282470703125,62.430068000000574,4,,0.08506120000038209,True,0.0,36.31483255474843,0.9447151536687306,31.451800557777503,0.9034781414608819,0.935760498046875
201.png,ft,21,22400,0.341796875,56.75773039999967,6,,0.10230110000065906,True,0.0,35.22807929221196,0.995383935888159,33.20948431804828,0.991851562658422,0.9381866455078125
201.png,base,21,22400,0.341796875,30.656339499999376,5,,0.07936660000086704,True,0.0,34.942924412675495,0.9240275907651125,33.301342808003724,0.9035824345668347,0.9428253173828125
202.png,ft,21,22224,0.339111328125,11.672946499999853,5,,0.06844939999973576,True,0.0,35.45588514459482,0.9792296024345809,34.97827776083846,0.9780562214733405,0.8857879638671875
202.png,base,21,22224,0.339111328125,16.828645499999766,8,,0.11278399999991962,True,0.0,33.37078711457279,0.7789281143764614,32.91480881342202,0.7761354517681922,0.9062652587890625
207.png,ft,21,22136,0.3377685546875,13.784173799999735,4,,0.08837640000001556,True,0.0,35.39213342533549,0.9982413172679516,34.927319565949915,0.9978737721082672,0.872589111328125
207.png,base,21,22136,0.3377685546875,10.535485399999743,7,,0.11537129999942408,True,0.0,34.78533230852735,0.986066131723757,34.49846340381224,0.9765266777878111,0.9138946533203125
211.png,ft,21,22456,0.3426513671875,10.074988299999859,5,,0.09379710000030173,True,0.0,35.37473660125477,0.9963016560184077,35.075687747026166,0.9955542928859266,0.8938751220703125
211.png,base,21,22456,0.3426513671875,34.75656549999985,6,,0.08795790000021952,True,0.0,35.111970086076134,0.9522627384958733,33.95924723837647,0.934864074640053,0.9088134765625
232.png,ft,21,21912,0.3343505859375,7.790532900000471,6,,0.09182849999979226,True,0.0,35.49827841392501,0.9967495657721689,35.23763737110582,0.9957811730054541,0.900543212890625
232.png,base,21,21912,0.3343505859375,5.8568882999998095,4,,0.12512320000041655,True,0.0,35.57478848959737,0.9658433386045346,35.502112712926184,0.9369549057590927,0.9267120361328125
239.png,ft,21,21616,0.329833984375,16.331427899999653,7,,0.12554529999943043,True,0.0,35.612860950657705,0.9876892533163603,35.19998279812342,0.9870023233846194,0.8459625244140625
239.png,base,21,21616,0.329833984375,12.152097099999992,8,,0.09168439999939437,True,0.0,34.524100669593125,0.9336068904723156,34.054628639922896,0.9095239840426413,0.90203857421875
241.png,ft,21,22000,0.335693359375,12.99028509999971,4,,0.09392350000052829,True,0.0,35.68440823750613,0.9980156048802646,34.97330922496068,0.9969748455111027,0.9237060546875
241.png,base,21,22000,0.335693359375,0.6315021000000343,1,,0.0999071999995067,True,0.0,34.223890055059904,0.8816712286551232,34.175259161570025,0.8716710258226931,0.97869873046875
260.png,ft,21,21616,0.329833984375,7.108992699999362,6,,0.11120100000061939,True,0.0,35.77266977657557,0.9972099399954055,35.39645646863339,0.9961123835537172,0.90655517578125
260.png,base,21,21616,0.329833984375,9.411259600000449,7,,0.09610840000004828,True,0.0,34.70257544993258,0.9646636012292303,34.37745188710318,0.936928247404833,0.875274658203125
270.png,ft,21,22040,0.3363037109375,29.6486505999992,6,,0.09290800000053423,True,0.0,35.68564966915096,0.9973245762867938,34.256156906403376,0.9957683948507641,0.9400177001953125
270.png,base,21,22040,0.3363037109375,32.04148509999959,4,,0.08941909999975906,True,0.0,35.402657398180416,0.9570932163851515,33.9216486208594,0.9389067641215717,0.9575347900390625
277.png,ft,21,22272,0.33984375,10.393641900000148,5,,0.09726150000005873,True,0.0,35.46234005214218,0.9971162052152116,35.028936817306075,0.996115913919757,0.920928955078125
277.png,base,21,22272,0.33984375,28.06009399999948,6,,0.10182589999931224,True,0.0,34.854935240981675,0.951945845096874,33.86041393537675,0.9224804169297403,0.933563232421875
303.png,ft,21,21984,0.33544921875,12.895817000000534,6,,0.08869069999946078,True,0.0,35.89881710004787,0.9966362514878473,35.487887032752575,0.9958903507052904,0.8358612060546875
303.png,base,21,21984,0.33544921875,62.952575199999956,7,,0.09136190000026545,True,0.0,34.40259795007923,0.8705679431431855,33.08206932721846,0.8682034678576569,0.839996337890625
347.png,ft,21,22312,0.3404541015625,9.160078399999293,5,,0.0981182000004992,True,0.0,35.434682396247055,0.9973946295450437,34.99911317688125,0.996702195927882,0.8794708251953125
347.png,base,21,22312,0.3404541015625,27.056259500000124,5,,0.10288670000045386,True,0.0,35.97658829431441,0.9526344544604843,34.86349530127345,0.9366880930339545,0.870758056640625
358.png,ft,21,22264,0.3397216796875,22.683044499999596,7,,0.09361769999941316,True,0.0,35.27386691503149,0.9853137618235217,34.541335285437114,0.9844152455737766,0.8500518798828125
358.png,base,21,22264,0.3397216796875,8.356033499999285,7,,0.08240359999945213,True,0.0,34.648310120275006,0.8382336460850851,34.472302995397605,0.833449155890893,0.9051971435546875
399.png,ft,21,21632,0.330078125,7.908066599999984,4,,0.07828020000033575,True,0.0,35.96232654400722,0.9980114782471372,35.67198706526512,0.9976368961604706,0.904693603515625
399.png,base,21,21632,0.330078125,3.814236400000482,4,,0.09120830000028946,True,0.0,35.42891936565728,0.97284114353168,35.28280633330364,0.9718081426240198,0.914764404296875
005.png,ft,20,20672,0.3154296875,12.54346540000006,5,,0.07609419999971578,True,0.0,35.92929400295423,0.9896554048659693,35.46843360849515,0.9887476033930588,0.833984375
005.png,base,20,20672,0.3154296875,13.993787099999281,6,,0.09431510000013077,True,0.0,36.3865429353196,0.9463595126851653,35.04960871394027,0.9180065924626476,0.87799072265625
015.png,ft,20,20880,0.318603515625,16.040372899999966,5,,0.09490110000024288,True,0.0,35.953960521452366,0.9929221616031314,35.31261946900542,0.9920137847380911,0.8800506591796875
015.png,base,20,20880,0.318603515625,34.305330799999865,4,,0.08078500000010536,True,0.0,35.790765181100376,0.9710838000910135,34.44998789982196,0.9663056296882627,0.8616485595703125
032.png,ft,20,20672,0.3154296875,6.797656199999437,5,,0.0751499000007243,True,0.0,35.91907939471025,0.9980216267116083,35.64901549871437,0.9975633074397431,0.883636474609375
032.png,base,20,20672,0.3154296875,9.297799299999497,5,,0.0882394000000204,True,0.0,34.133489820652265,0.9295117776882537,33.91268241490171,0.9248754274806412,0.92376708984375
038.png,ft,20,21072,0.321533203125,17.342091999999866,5,,0.08772810000027675,True,0.0,35.78967887419225,0.9960237616764614,35.12197726230495,0.9951294220471536,0.872589111328125
038.png,base,20,21072,0.321533203125,13.87428329999966,5,,0.0804283999996187,True,0.0,34.79631487329972,0.9745610293468555,34.35889734820191,0.9662241919769737,0.8844146728515625
077.png,ft,20,20488,0.3126220703125,6.916285999999673,6,,0.09465869999985443,True,0.0,36.60677322519873,0.9961981221611067,36.27293410215412,0.9956885326175905,0.8745269775390625
077.png,base,20,20488,0.3126220703125,6.271095800000694,5,,0.07495329999983369,True,0.0,35.21052771613805,0.97368242057776,35.04358018108116,0.9719044458586062,0.9005584716796875
080.png,ft,20,20576,0.31396484375,8.624792300000081,4,,0.07861270000012155,True,0.0,36.12217210264967,0.998139266218449,35.631487582877696,0.9976926405244443,0.9045257568359375
080.png,base,20,20576,0.31396484375,18.8987419999994,7,,0.08490660000006756,True,0.0,35.04221862219382,0.9637625719403199,34.192228625616984,0.9628542103935791,0.9206085205078125
082.png,ft,20,21280,0.32470703125,28.131271799999922,5,,0.09699579999960406,True,0.0,35.731227485290134,0.9937623497681709,34.227497014558764,0.9920674655545786,0.9027557373046875
082.png,base,20,21280,0.32470703125,38.37676069999998,6,,0.08805709999978717,True,0.0,34.781395671005185,0.9336821331693225,32.96525809662292,0.9221035813573762,0.9112701416015625
083.png,ft,20,20648,0.3150634765625,4.359581900000194,3,,0.07205330000033427,True,0.0,36.00424985079656,0.9981431331319613,35.63024663093711,0.997200432889091,0.9261474609375
083.png,base,20,20648,0.3150634765625,8.861734799999795,7,,0.09544929999992746,True,0.0,34.783936908023605,0.962374882963803,34.11436694821014,0.921271934751631,0.9405975341796875
096.png,ft,20,21104,0.322021484375,9.060903499999768,6,,0.09114189999945665,True,0.0,35.856905196302556,0.9979907950611769,35.29510530397381,0.9965499445853458,0.9261627197265625
096.png,base,20,21104,0.322021484375,10.650381999999809,3,,0.09526270000060322,True,0.0,35.0411253444821,0.9669776895349698,34.73224806640856,0.9531379528924239,0.970855712890625
114.png,ft,20,21064,0.3214111328125,4.3634039999997185,3,,0.08124320000024454,True,0.0,35.93252445615887,0.9986612094944218,35.71198175790641,0.9984743508822701,0.929229736328125
114.png,base,20,21064,0.3214111328125,7.5374465999993845,6,,0.09472220000043308,True,0.0,34.85114367576822,0.9757544781158463,34.678508783334806,0.9742906275857872,0.8718414306640625
122.png,ft,20,21296,0.324951171875,12.427021599999534,5,,0.08905760000016016,True,0.0,35.65876110281213,0.9944440018702657,35.09143985142023,0.9931201030097351,0.889984130859375
122.png,base,20,21296,0.324951171875,53.12273230000028,5,,0.08781940000062605,True,0.0,34.80168727327975,0.9444803142667966,32.02374473045114,0.93111670805845,0.896392822265625
131.png,ft,20,20672,0.3154296875,6.099889600000097,6,,0.09519739999996091,True,0.0,35.876022072678964,0.9903231160834001,35.54472684252802,0.9881173402588419,0.85455322265625
131.png,base,20,20672,0.3154296875,7.517959499999961,5,,0.10308439999971597,True,0.0,35.49227882520834,0.956430502487228,35.11787470963259,0.9191967218152817,0.944854736328125
135.png,ft,20,21264,0.324462890625,20.515189900000223,5,,0.09100289999969391,True,0.0,35.688046749328244,0.9951889502752885,35.120356760281915,0.9945731621833948,0.875335693359375
135.png,base,20,21264,0.324462890625,13.006626999999753,5,,0.09933249999994587,True,0.0,34.95987215708428,0.9443465002387785,34.571896493027985,0.9341295344395517,0.8774261474609375
186.png,ft,20,21152,0.32275390625,13.908503700000438,7,,0.10361939999984315,True,0.0,35.91248178587279,0.9959512745414439,35.35208088937538,0.9949828164588516,0.9041748046875
186.png,base,20,21152,0.32275390625,5.037522999999965,3,,0.08582660000047326,True,0.0,37.21481876741717,0.9610340048262939,36.96558692849813,0.9577725740445852,0.9234619140625
194.png,ft,20,21160,0.3228759765625,25.003870800000186,3,,0.08572219999950903,True,0.0,35.66796355315442,0.9968244169911582,34.59548660856729,0.9949205358605634,0.9336395263671875
194.png,base,20,21160,0.3228759765625,8.449869699999908,4,,0.08819119999952818,True,0.0,34.57268307339743,0.9685994525352449,34.37741558675875,0.9275058330652325,0.9644927978515625
204.png,ft,20,20984,0.3201904296875,7.560643499999969,5,,0.10487990000001446,True,0.0,35.565080033549485,0.9967366334276481,35.31092972350479,0.9964883903177402,0.85614013671875
204.png,base,20,20984,0.3201904296875,24.491928800000096,5,,0.09524770000007265,True,0.0,34.57836762390191,0.9440769352447284,33.69687563097509,0.9414948610734086,0.9064788818359375
209.png,ft,20,20552,0.3135986328125,15.568290600000182,5,,0.07630700000026991,True,0.0,36.08902811633888,0.9946199445411944,35.379819601118946,0.9922454870356306,0.885833740234375
209.png,base,20,20552,0.3135986328125,134.13099059999968,7,,0.05817789999946399,True,0.0,35.109034551438334,0.9347671621159493,28.552740862341906,0.8657004372424364,0.93780517578125
224.png,ft,20,21376,0.326171875,12.239517500000147,6,,0.08976059999986319,True,0.0,35.609418355528376,0.9964889328868627,35.11241433566252,0.9958306835449156,0.8985443115234375
224.png,base,20,21376,0.326171875,5.410118099999636,3,,0.0973491999993712,True,0.0,38.90757543345123,0.9749613333549646,38.44130319244111,0.9683855674965735,0.8910369873046875
282.png,ft,20,20800,0.3173828125,8.446179099999426,4,,0.08975000000009459,True,0.0,36.175671768323525,0.998670313673852,35.74694801646394,0.9983349043127823,0.9336395263671875
282.png,base,20,20800,0.3173828125,15.845624399999906,5,,0.0789758000000802,True,0.0,35.2398913946217,0.9804410629493597,34.765668422502976,0.9781166389857102,0.935699462890625
332.png,ft,20,20752,0.316650390625,8.014810599999691,5,,0.08323509999991074,True,0.0,35.81350847137782,0.9970588254887962,35.39374097721415,0.9961700309924767,0.9317169189453125
332.png,base,20,20752,0.316650390625,4.420037599999887,3,,0.0932927000003474,True,0.0,34.232356268368854,0.961626455453844,34.11544903107657,0.9665846447762482,0.9539337158203125
342.png,ft,20,20848,0.318115234375,9.477667699999984,7,,0.08934009999939008,True,0.0,35.949554951362956,0.9968253323811408,35.626879587258074,0.9963493277309352,0.8620147705078125
342.png,base,20,20848,0.318115234375,19.997150899999724,6,,0.08205680000082793,True,0.0,35.90019670248233,0.9371425943324503,35.23526770883605,0.9294340945643335,0.7931671142578125
384.png,ft,20,20992,0.3203125,12.971700099999907,6,,0.09317190000001574,True,0.0,35.73946908325708,0.9879963789120949,35.25167310278988,0.9868268464866746,0.839752197265625
384.png,base,20,20992,0.3203125,24.656433899999683,6,,0.07520970000041416,True,0.0,36.50604582130751,0.9418548176772055,35.352945375412105,0.9298743643777624,0.8873443603515625
385.png,ft,20,20472,0.3123779296875,16.658359899999596,6,,0.07587929999954213,True,0.0,36.08983986856777,0.9934758140498238,35.48745675094861,0.9910960854335881,0.8763580322265625
385.png,base,20,20472,0.3123779296875,11.882654299999558,4,,0.0838848000003054,True,0.0,35.13597162737574,0.9031686137520912,34.788899005933885,0.9021399886146764,0.852569580078125
048.png,ft,19,20024,0.3055419921875,11.60352789999979,4,,0.08587030000035156,True,0.0,36.71328586610248,0.9980119841899576,36.12564397786463,0.9973738275761339,0.9037933349609375
048.png,base,19,20024,0.3055419921875,28.001973700000235,4,,0.0589574999994511,True,0.0,35.632093902552334,0.9831182335141635,34.12141189213424,0.9772145355619238,0.8988494873046875
099.png,ft,19,19688,0.3004150390625,14.383830299999318,5,,0.0957341000002998,True,0.0,36.739995295574005,0.997668123670666,36.01399128270401,0.9969637827853828,0.905181884765625
099.png,base,19,19688,0.3004150390625,3.92866260000028,6,,0.09139570000024833,True,0.0,35.590924090974305,0.9576018560847803,35.463025987135225,0.9465995240548484,0.943084716796875
128.png,ft,19,20432,0.311767578125,3.679300000000694,2,,0.09020369999961986,True,0.0,36.234859326640944,0.9984132165811055,35.90354181092336,0.9977858218053496,0.9373321533203125
128.png,base,19,20432,0.311767578125,9.533736000000317,3,,0.09243460000016057,True,0.0,35.641561224746965,0.9792454741465212,35.03275051477925,0.9704682031473011,0.9547271728515625
142.png,ft,19,19984,0.304931640625,9.560454700000264,6,,0.09274249999998574,True,0.0,36.35159104150249,0.9924927000973804,35.97701875460614,0.9915578585900894,0.842071533203125
142.png,base,19,19984,0.304931640625,7.32933310000044,6,,0.07137460000012652,True,0.0,35.16436189475384,0.8693487023086194,34.87233512649816,0.8585821164443503,0.8734130859375
147.png,ft,19,20400,0.311279296875,9.31237609999971,8,,0.1015877999998338,True,0.0,36.216824152806595,0.9975963718017649,35.81631294322517,0.996915254608954,0.8926544189453125
147.png,base,19,20400,0.311279296875,24.74270710000019,5,,0.0588409000001775,True,0.0,35.28268365689817,0.9197862220940847,33.4948539961082,0.9016964615794745,0.9127655029296875
174.png,ft,19,20416,0.3115234375,8.631457899999987,5,,0.07372750000013184,True,0.0,36.0974014191789,0.9919612778828149,35.68592517170029,0.9912710355537886,0.907806396484375
174.png,base,19,20416,0.3115234375,11.497383400000217,7,,0.06740189999982249,True,0.0,35.00521362103945,0.9714890772990455,34.40024501371723,0.9560772839300231,0.915924072265625
191.png,ft,19,19984,0.304931640625,18.79377469999963,5,,0.06339260000004288,True,0.0,36.39272062937841,0.996279748279565,35.20891780002962,0.9949634731721484,0.88031005859375
191.png,base,19,19984,0.304931640625,12.519370400000298,4,,0.05643780000082188,True,0.0,37.051988074677155,0.9721734808047365,35.66181766260519,0.9576555529129321,0.9064788818359375
192.png,ft,19,20280,0.3094482421875,16.077597600000445,4,,0.07345520000035322,True,0.0,36.05135790555046,0.9962990044415256,34.99373564610777,0.9951199226894915,0.90582275390625
192.png,base,19,20280,0.3094482421875,3.220323099999405,0,,0.06912349999947764,True,0.0,36.99780795611943,0.9789207500071888,36.67939420455704,0.9775570533672276,0.9686431884765625
286.png,ft,19,20200,0.3082275390625,19.37255610000011,4,,0.05689520000032644,True,0.0,36.43190801638117,0.9972231426025778,35.39411266862881,0.9966271682558743,0.8827056884765625
286.png,base,19,20200,0.3082275390625,32.22421469999972,4,,0.054290600000058475,True,0.0,35.45419956540934,0.9785012097628982,33.52101673994126,0.9724654246417356,0.9036407470703125
362.png,ft,19,20392,0.3111572265625,19.218229099999917,7,,0.05734779999966122,True,0.0,36.367770957148274,0.99422444577522,35.52955767486768,0.9934174436243396,0.8530426025390625
362.png,base,19,20392,0.3111572265625,9.439196500000435,4,,0.05509710000023915,True,0.0,35.9915529690798,0.9518889157986266,35.425105283678924,0.947190411121905,0.85467529296875
