image,rate,changed,psnr
bs_00000.png,0.0782510942827192,True,34.82696853060408
bs_00001.png,0.11132669030698966,True,34.95079624015186
bs_00002.png,0.06833129526356557,True,36.10173672809867
bs_00003.png,0.10477898784467513,True,34.26684261362895
bs_00004.png,0.12208492371223702,True,28.580675916995343
bs_00005.png,0.13056198851736886,True,31.307593767671197
bs_00006.png,0.05709083245337322,True,33.59029583174151
bs_00007.png,0.08340605018681022,True,34.03396876059185
bs_00008.png,0.14126550018957007,True,33.86794899865769
bs_00009.png,0.11282150480870473,True,29.25147846482065
bs_00010.png,0.13753664358465767,True,34.08570295665452
bs_00011.png,0.06697971021821984,True,31.016271776659732
bs_00012.png,0.0693321919286656,True,31.48920535579759
bs_00013.png,0.1401635539677849,True,35.951519117686594
bs_00014.png,0.14473111341923345,True,31.927026932725525
bs_00015.png,0.13321059852535977,True,34.54520524887292
bs_00016.png,0.09927899790610561,True,31.78989636843257
bs_00017.png,0.0732101796394169,True,40.44995771910629
bs_00018.png,0.08291907820952277,True,29.941898580415035
bs_00019.png,0.10385178080845642,True,33.111817898242364
bs_00020.png,0.10461612239917026,True,35.502040359072204
bs_00021.png,0.08869672140898983,True,30.375125087164495
bs_00022.png,0.09687364279878324,True,31.426928097344835
bs_00023.png,0.05511134554243272,True,32.39256782773826
bs_00024.png,0.14894049543183419,True,37.11473835736604
bs_00025.png,0.055219803695535065,True,35.44807948498028
bs_00026.png,0.07025990399113521,True,33.497834191612846
bs_00027.png,0.05899566894121891,True,32.1774850600769
bs_00028.png,0.07171876552438808,True,33.90594525432249
bs_00029.png,0.05135259328652661,True,36.76990782163016
bs_00030.png,0.06470801240256466,True,39.59599421656066
bs_00031.png,0.1113258525929963,True,37.051571113048595
bs_00032.png,0.11479267350522628,True,35.94943196981972
bs_00033.png,0.056821289552772915,True,33.178473195972565
bs_00034.png,0.12155934851748637,True,34.88773911535281
bs_00035.png,0.13952529657737683,True,31.958299697644822
bs_00036.png,0.14767130178727558,True,35.89142440460546
bs_00037.png,0.09215995289198836,True,30.996010805025982
bs_00038.png,0.14552296469506007,True,30.817003349600466
bs_00039.png,0.07573595328815062,True,36.28448185551348
bs_00040.png,0.10429402499231866,True,36.55779485198758
bs_00041.png,0.11761300814645334,True,38.63157112000964
bs_00042.png,0.09404709065135286,True,33.481770526605644
bs_00043.png,0.12174562902736602,True,34.90098181040101
bs_00044.png,0.1433923928265905,True,29.434030527947815
bs_00045.png,0.10498669665036833,True,36.33090795815882
bs_00046.png,0.08762916650277489,True,30.66254343562064
bs_00047.png,0.13430596508371523,True,34.72584223154256
bs_00048.png,0.11377177450458427,True,36.70746923854234
bs_00049.png,0.1405170720161638,True,36.0399501959041
bs_00050.png,0.13805125779702376,True,39.001608625182506
bs_00051.png,0.1475701857253592,True,33.30423306953081
bs_00052.png,0.11352143807033786,True,36.09831018861898
bs_00053.png,0.05291184815904926,True,35.18384623002075
bs_00054.png,0.10634608262682119,True,34.15333367726685
bs_00055.png,0.12736211864355446,True,33.52164724694133
bs_00056.png,0.13822497093141295,True,33.33408881472747
bs_00057.png,0.05368486349071586,True,35.24692201572168
bs_00058.png,0.126557727305619,True,39.51373450269048
bs_00059.png,0.12660764588691115,True,32.292724748069205
bs_00060.png,0.12201726801799913,True,34.597974208091266
bs_00061.png,0.05356699390667305,True,33.955115529185804
bs_00062.png,0.05750058838365735,True,33.89320234471689
bs_00063.png,0.13661224375913955,True,34.84589225670852
bs_00064.png,0.06940785466011248,True,34.59928662133202
bs_00065.png,0.12661095189696184,True,30.57901218165638
bs_00066.png,0.14315594734755238,True,31.391704491499887
bs_00067.png,0.12273229099260947,True,38.32198559839849
bs_00068.png,0.06798539129448364,True,30.680640067247296
bs_00069.png,0.11152358133958723,True,35.44766503775632
bs_00070.png,0.094611903072276,True,31.06427124183252
bs_00071.png,0.1239899897009691,True,35.31833762221168
bs_00072.png,0.06197274422064042,True,35.34557713251576
bs_00073.png,0.13306099879144268,True,34.342629832190205
bs_00074.png,0.12640271011839677,True,36.57305600150642
bs_00075.png,0.12464277199534703,True,35.274682782805385
bs_00076.png,0.0825645649072689,True,34.1978772555645
bs_00077.png,0.13362625498651992,True,35.862556612094906
bs_00078.png,0.14968206894782654,True,33.61857483644654
bs_00079.png,0.05208993457021155,True,31.424679414080305
bs_00080.png,0.14087783470132814,True,33.57693448611507
bs_00081.png,0.0838825193351176,True,32.88678401136959
bs_00082.png,0.07592882822148915,True,34.908728472855884
bs_00083.png,0.09568597684932059,True,36.55617591601868
bs_00084.png,0.1121372843074658,True,34.975402346326334
bs_00085.png,0.05862588518150404,True,32.47508110328357
bs_00086.png,0.05271514737282354,True,30.57614195573192
bs_00087.png,0.055725982110896015,True,37.3685847241132
bs_00088.png,0.10377379123135663,True,34.84035723798761
bs_00089.png,0.12013676964152499,True,36.312089586596635
bs_00090.png,0.08777022103082048,True,35.73795879847627
bs_00091.png,0.11319924143423916,True,36.49398086611716
bs_00092.png,0.084529305085036,True,36.13615443294424
bs_00093.png,0.10752558272234645,True,35.70223482713966
bs_00094.png,0.0607019544751464,True,33.83314630378222
bs_00095.png,0.07099789975570273,True,37.34255083433034
bs_00096.png,0.09021667926235583,True,30.234917166876887
bs_00097.png,0.1377916582734145,True,33.64738298645653
bs_00098.png,0.14109554863557122,True,37.10047947395039
bs_00099.png,0.1355632604554312,True,31.439457959867248
bs_00100.png,0.11017371858267411,True,35.817719748979236
bs_00101.png,0.10959805432351408,True,35.22025062105016
bs_00102.png,0.08754169404323497,True,28.9247780068388
bs_00103.png,0.07693137786108398,True,30.725259780440425
bs_00104.png,0.13149799875891727,True,34.1605138870344
bs_00105.png,0.1386850727945822,True,36.35410229865316
bs_00106.png,0.07086575722057244,True,31.25764525811926
bs_00107.png,0.13955301082122562,True,34.15456963921678
bs_00108.png,0.11125229508555307,True,33.07796003392384
bs_00109.png,0.07465847392798156,True,36.56456155330376
bs_00110.png,0.12213490964786936,True,35.708560887882825
bs_00111.png,0.08522743973306453,True,36.55659097027649
bs_00112.png,0.11878222386948536,True,37.033894010530176
bs_00113.png,0.10608971203685262,True,32.32472567367219
bs_00114.png,0.13754053728904214,True,33.822301096355055
bs_00115.png,0.07224333326428518,True,30.047371604874108
bs_00116.png,0.13064335625289264,True,31.524915895837665
bs_00117.png,0.06596301994825572,True,31.96421802963208
bs_00118.png,0.13718725280405847,True,30.04351520987417
bs_00119.png,0.06085057594637131,True,37.85023267173038
bs_00120.png,0.0961767259966538,True,34.18130120884178
bs_00121.png,0.08821057136421892,True,31.10167203504478
bs_00122.png,0.10718600618505872,True,32.24806715866738
bs_00123.png,0.13517335841658867,True,32.15665108321746
bs_00124.png,0.08507250579818422,True,38.114732446996335
bs_00125.png,0.10882950314766088,True,35.47066462909451
bs_00126.png,0.06220364297839716,True,35.62729039560378
bs_00127.png,0.1079344820763112,True,34.30224988911638
bs_00128.png,0.13986486329697584,True,35.99311357742223
bs_00129.png,0.13734794653146987,True,36.42227322036763
bs_00130.png,0.07270742998574417,True,31.89197568115988
bs_00131.png,0.06371395016033489,True,34.68818723910955
bs_00132.png,0.05638079616406633,True,33.027327816851056
bs_00133.png,0.05322615484931808,True,37.69173766454308
bs_00134.png,0.11043912868817302,True,36.73483950176889
bs_00135.png,0.07512276924161548,True,40.88063421551447
bs_00136.png,0.08993272114608145,True,35.256641360621686
bs_00137.png,0.10604626331146177,True,32.05119050227647
bs_00138.png,0.14142712553228048,True,36.5787709611372
bs_00139.png,0.10666482747590794,True,38.40086991190199
bs_00140.png,0.07451881457489234,True,35.06350988609861
bs_00141.png,0.0622109955424472,True,30.203588101411718
bs_00142.png,0.08739692609526174,True,30.499569263815008
bs_00143.png,0.10421738879449224,True,32.41911686142744
bs_00144.png,0.14855293284504817,True,36.9856340401448
bs_00145.png,0.12359857466409459,True,35.076177496571
bs_00146.png,0.08715113463153389,True,32.60371593802147
bs_00147.png,0.10399839184306614,True,34.18527900125474
bs_00148.png,0.07890428057309304,True,30.624915964337323
bs_00149.png,0.12329428998907864,True,29.913632582669287
bs_00150.png,0.09676442858007464,True,35.93417987962778
bs_00151.png,0.13191073266774347,True,36.309875543939995
bs_00152.png,0.08279337988673932,True,34.286059726005114
bs_00153.png,0.14061480853745972,True,34.08777304276414
bs_00154.png,0.0937496355952545,True,35.3157698754614
bs_00155.png,0.05028015590172043,True,36.569173626811676
bs_00156.png,0.055448305033697604,True,34.60513952141995
bs_00157.png,0.07508587726768812,True,36.83905784088231
bs_00158.png,0.13654580553155715,True,32.30000493530645
bs_00159.png,0.14724529279397613,True,39.362153497367046
bs_00160.png,0.10344585682210042,True,31.677225952398945
bs_00161.png,0.11077662927554735,True,34.38878776949124
bs_00162.png,0.12287156899768102,True,32.216445281058
bs_00163.png,0.07869565541467984,True,35.45888454005145
bs_00164.png,0.11232635471875799,True,27.92722712019375
bs_00165.png,0.07511868911898575,True,37.521211763949765
bs_00166.png,0.11273265831692934,True,30.349956045469014
bs_00167.png,0.07439586955744078,True,33.39886925775448
bs_00168.png,0.08255614427958144,True,33.50559898546464
bs_00169.png,0.14800321786990728,True,32.789142230990244
bs_00170.png,0.13714411390244172,True,33.58587910959346
bs_00171.png,0.12541670138653277,True,31.991205193804866
bs_00172.png,0.0946148729611603,True,33.4594529284107
bs_00173.png,0.062396531415008484,True,33.79605982092519
bs_00174.png,0.10426452266360497,True,30.8391498597235
bs_00175.png,0.14693983571063607,True,33.28182492870682
bs_00176.png,0.06712369676934148,True,37.67876163456979
bs_00177.png,0.12691132875101022,True,34.80969152222175
bs_00178.png,0.13009293728075816,True,32.03303663136015
bs_00179.png,0.0730407456026724,True,35.25348001621505
bs_00180.png,0.0932927547873784,True,35.85239301282328
bs_00181.png,0.07499434293470361,True,33.25266418402651
bs_00182.png,0.10292352136105518,True,34.756959559501965
bs_00183.png,0.13448259029811066,True,30.543472674542254
bs_00184.png,0.13007865608579694,True,36.27183975516069
bs_00185.png,0.06308725480210713,True,32.44761399917286
bs_00186.png,0.1372368863826639,True,31.25745557263905
bs_00187.png,0.10252789660182447,True,34.83184675138498
bs_00188.png,0.05782899483489276,True,31.425475070500184
bs_00189.png,0.13136560261528296,True,35.52288341362072
bs_00190.png,0.09704015525273735,True,31.330673242289247
bs_00191.png,0.12266094022098896,True,32.12104265280703
bs_00192.png,0.0873897695297972,True,32.18433065065684
bs_00193.png,0.11271659411642777,True,33.733122831765876
bs_00194.png,0.06702183803377848,True,39.40918929024655
bs_00195.png,0.050882944444725575,True,33.72741077705435
bs_00196.png,0.11042229716046113,True,32.218385653605
bs_00197.png,0.10276487694759184,True,35.192138317683
bs_00198.png,0.05353480884709614,True,36.176281569598395
bs_00199.png,0.06526994730230964,True,34.93991655560049
bs_00200.png,0.13009731714994727,True,35.76501833700837
bs_00201.png,0.10366137070224102,True,36.243836413077084
bs_00202.png,0.10402748214796795,True,34.21201268894309
bs_00203.png,0.11764326756612693,True,36.771148093173444
bs_00204.png,0.1163447512953074,True,34.05044407639488
bs_00205.png,0.1281584690546519,True,35.75671409185735
bs_00206.png,0.1069288665666077,True,36.1584987484389
bs_00207.png,0.13497479345651897,True,35.3095867063343
bs_00208.png,0.06013418243870218,True,33.74004702581659
bs_00209.png,0.08811870180581408,True,37.56466101184766
bs_00210.png,0.05960749929291216,True,35.50802689123711
bs_00211.png,0.12327118034210834,True,36.32753061120421
bs_00212.png,0.13157613935698048,True,35.78005702017078
bs_00213.png,0.08171125143839496,True,38.06119537760675
bs_00214.png,0.11543012527529913,True,30.484882201490787
bs_00215.png,0.08710707566073198,True,28.939014941546112
bs_00216.png,0.14552612182033034,True,37.473842396100245
bs_00217.png,0.08957273620083048,True,34.55487297083653
bs_00218.png,0.1447339624592567,True,31.046294530938688
bs_00219.png,0.11492170003280092,True,35.80268083183946
bs_00220.png,0.09403123466745772,True,35.50005471632301
bs_00221.png,0.06975413298483014,True,35.915970345963146
bs_00222.png,0.09140602763571168,True,34.59206053840254
bs_00223.png,0.1261763638265404,True,35.31056508326963
bs_00224.png,0.0681619946496477,True,33.4603774963897
bs_00225.png,0.0818016180037183,True,32.11697992002844
bs_00226.png,0.10231142578690376,True,34.73251269824739
bs_00227.png,0.09697243050474294,True,33.66859613496639
bs_00228.png,0.08114628755740845,True,32.84679040469826
bs_00229.png,0.08416635233239181,True,34.50653047824552
bs_00230.png,0.112535152351784,True,34.41528118867059
bs_00231.png,0.10357166075998994,True,37.408210141239245
bs_00232.png,0.10675207373108686,True,32.44012046848867
bs_00233.png,0.13920453198096658,True,37.26152119422973
bs_00234.png,0.10748105304239833,True,34.322363520416225
bs_00235.png,0.13986523109617896,True,36.003249569442026
bs_00236.png,0.0769490131149771,True,37.764494433595196
bs_00237.png,0.14127891281555688,True,35.655274449757364
bs_00238.png,0.10201079973737796,True,30.72598686269805
bs_00239.png,0.12859729054823277,True,37.85965855800376
bs_00240.png,0.05231958056813616,True,28.576417413615935
bs_00241.png,0.13368409800705533,True,33.03122492580507
bs_00242.png,0.10592046930265869,True,35.98833901911196
bs_00243.png,0.1326635899985666,True,34.634440962220864
bs_00244.png,0.13274741058568357,True,39.836368748594644
bs_00245.png,0.13699194476850335,True,29.837419991133824
bs_00246.png,0.135338428818192,True,33.97037845690048
bs_00247.png,0.10979415738712976,True,36.038605986891255
bs_00248.png,0.10741641726831624,True,37.416554319150954
bs_00249.png,0.14782893444094544,True,34.87101368841424
bs_00250.png,0.08951131930412552,True,33.07120596541343
bs_00251.png,0.1495723907920693,True,33.46083118689472
bs_00252.png,0.12181610824309727,True,35.75568740409808
bs_00253.png,0.05611592388422433,True,32.61568802475611
bs_00254.png,0.13689748698242332,True,30.86921398185563
bs_00255.png,0.09552967590067284,True,34.73557632888781
bs_00256.png,0.11687071854949228,True,34.48985915275818
bs_00257.png,0.13855558633116344,True,34.151310747639194
bs_00258.png,0.08270197870631321,True,37.025833330268625
bs_00259.png,0.0546935802951615,True,34.26863504998917
bs_00260.png,0.05025448352333892,True,33.81911190287688
bs_00261.png,0.07553892186014585,True,32.60135750668188
bs_00262.png,0.12936713264658056,True,36.08526676980164
bs_00263.png,0.05788148358548689,True,35.28898361315852
bs_00264.png,0.11820939378966817,True,32.03703784554825
bs_00265.png,0.12230821684192984,True,32.73880540980337
bs_00266.png,0.07674699775156552,True,36.30034365425746
bs_00267.png,0.08683746470079946,True,33.47744081128082
bs_00268.png,0.13068723274816574,True,36.83526473895559
bs_00269.png,0.13767809328868882,True,32.20941784150924
bs_00270.png,0.05643811329282006,True,32.92345501960311
bs_00271.png,0.12316066374283548,True,36.71710786424476
bs_00272.png,0.12891407635459717,True,37.08804775419629
bs_00273.png,0.08360063146523636,True,33.284480048201345
bs_00274.png,0.08607762085438445,True,36.28574982517821
bs_00275.png,0.07410115076167216,True,32.265601191758854
bs_00276.png,0.10654855434039873,True,34.68985925869537
bs_00277.png,0.08938542572394596,True,35.53343549196222
bs_00278.png,0.09359459261073355,True,29.154354027287837
bs_00279.png,0.05665129762085245,True,34.13521748124359
bs_00280.png,0.11981823511189667,True,31.867078476145302
bs_00281.png,0.1466628388710366,True,33.126849555144446
bs_00282.png,0.10669697382516885,True,35.94051573597076
bs_00283.png,0.10498737931280461,True,34.22730728917693
bs_00284.png,0.12689724977982858,True,32.38501739898271
bs_00285.png,0.1189584653147533,True,33.696835046636274
bs_00286.png,0.08006733547130797,True,34.16454446256178
bs_00287.png,0.06232571008564494,True,33.874459969025715
bs_00288.png,0.05246271956024498,True,33.02904154079712
bs_00289.png,0.11126067756576577,True,38.92302695068048
bs_00290.png,0.1122735710524066,True,33.08811398487689
bs_00291.png,0.057591819993960895,True,35.83335751296073
bs_00292.png,0.14832975864887507,True,35.35883358225756
bs_00293.png,0.05711014543433714,True,31.278140997286496
bs_00294.png,0.07812642745709612,True,31.29349714053854
bs_00295.png,0.056001719183422005,True,35.107612676607005
bs_00296.png,0.12096802427033304,True,34.67765791937081
bs_00297.png,0.09472280045565898,True,32.775495305946635
bs_00298.png,0.06378011008453965,True,37.76498781542454
bs_00299.png,0.13597397392784538,True,31.84455528562625
bs_00300.png,0.14154860611125908,True,37.394850200039144
bs_00301.png,0.07089174023227868,True,34.282555897718424
bs_00302.png,0.13531697385638494,True,34.00006939499554
bs_00303.png,0.0977423785041118,True,34.34057032961472
bs_00304.png,0.1338579567961331,True,35.34652758422622
bs_00305.png,0.1414610455752688,True,32.61458323345436
bs_00306.png,0.09042122829031932,True,39.68748866601308
bs_00307.png,0.07753027172258745,True,37.413319211258845
bs_00308.png,0.07389631932822677,True,31.518849892993245
bs_00309.png,0.09100942471327889,True,33.69942126556267
bs_00310.png,0.14144395128404197,True,31.871432932295125
bs_00311.png,0.09141271164519713,True,37.6509489681855
bs_00312.png,0.12343948278435864,True,35.96831560897547
bs_00313.png,0.12148189076107159,True,33.34929417367655
bs_00314.png,0.0680464870604068,True,39.5288740658914
bs_00315.png,0.11448487633811123,True,36.04647517664503
bs_00316.png,0.12320189835930574,True,33.14132838612737
bs_00317.png,0.1481389211388325,True,35.62580993033666
bs_00318.png,0.08002258682827794,True,36.71544280076916
bs_00319.png,0.07480259683024286,True,34.645908383391
bs_00320.png,0.06735320131390586,True,32.24703036976593
bs_00321.png,0.13214142813338975,True,33.8744964446944
bs_00322.png,0.09207040147132249,True,37.095208394615526
bs_00323.png,0.14776233162738958,True,40.0686663289307
bs_00324.png,0.07956658468250746,True,34.756574596774435
bs_00325.png,0.13040912914667258,True,32.883447170674174
bs_00326.png,0.13900020706847022,True,35.396252865557415
bs_00327.png,0.12708627487788088,True,38.664359109793836
bs_00328.png,0.08940403224640578,True,34.89074141804755
bs_00329.png,0.05737025025645096,True,35.551770208657004
bs_00330.png,0.12688987359093895,True,38.08532859670831
bs_00331.png,0.06486238346671336,True,36.52500215734983
bs_00332.png,0.1084449220084621,True,34.96010951663528
bs_00333.png,0.05595259712958152,True,31.269629468674456
bs_00334.png,0.08073965769113775,True,35.702587155876984
bs_00335.png,0.10305409875535368,True,35.16607814692562
bs_00336.png,0.12249084271673343,True,37.27819616095952
bs_00337.png,0.12460746937539538,True,35.90251156028971
bs_00338.png,0.1022481953935499,True,35.25229581665694
bs_00339.png,0.13837385227092783,True,35.44096434479037
bs_00340.png,0.10012035753305268,True,36.75062427642755
bs_00341.png,0.12770110820172859,True,34.57854602582735
bs_00342.png,0.07502599173621333,True,35.98721699060594
bs_00343.png,0.07006283848174003,True,33.81009740064807
bs_00344.png,0.06505944923311122,True,34.53606387720636
bs_00345.png,0.126529219861013,True,36.10716022443213
bs_00346.png,0.05966481476601805,True,32.91974188146101
bs_00347.png,0.13794726200625013,True,33.00799844935765
bs_00348.png,0.14397616519391176,True,37.076320307095415
bs_00349.png,0.09358446195597464,True,38.89345550527503
bs_00350.png,0.13461492133820657,True,32.84098665225931
bs_00351.png,0.14649599480268172,True,35.87187470852658
bs_00352.png,0.11211646568633055,True,31.91751615293065
bs_00353.png,0.14622783844416218,True,32.02323156203772
bs_00354.png,0.1432854395332207,True,36.5104075230252
bs_00355.png,0.12450009178689853,True,29.24108242626179
bs_00356.png,0.11237587809345095,True,35.75273910406932
bs_00357.png,0.06890503787018493,True,37.02068452502941
bs_00358.png,0.13100166784885725,True,35.68269697691827
bs_00359.png,0.13685419651705066,True,34.14475706246466
bs_00360.png,0.12074734674520733,True,34.94942523186713
bs_00361.png,0.13819226595430012,True,34.4197189367162
bs_00362.png,0.13500900118353043,True,34.13310530505744
bs_00363.png,0.06548414714802563,True,31.549737719314557
bs_00364.png,0.12029397817157797,True,33.46335146384854
bs_00365.png,0.0834950115506789,True,34.97045843626259
bs_00366.png,0.08442353405848514,True,31.459115273056945
bs_00367.png,0.12863442328332994,True,36.23728111188835
bs_00368.png,0.051158014999644265,True,31.072484966946273
bs_00369.png,0.1368404237994871,True,32.59604475181669
bs_00370.png,0.10980171491789645,True,34.50739737542018
bs_00371.png,0.09012948937959843,True,37.58898734438807
bs_00372.png,0.07246481343933286,True,30.877021320424323
bs_00373.png,0.09870538027420736,True,34.14064520286095
bs_00374.png,0.11257774683931376,True,35.4201915040218
bs_00375.png,0.09238588212126608,True,32.2412934634336
bs_00376.png,0.10284263030561383,True,30.670267478468894
bs_00377.png,0.12847486631798827,True,34.93316441798718
bs_00378.png,0.07725832848532994,True,31.541081938986217
bs_00379.png,0.09132083231132897,True,36.84157200148383
bs_00380.png,0.11762740028894156,True,38.16461230148976
bs_00381.png,0.053700389795901596,True,29.473544843493396
bs_00382.png,0.14715094356565656,True,36.41767301364666
bs_00383.png,0.08717368567640948,True,37.07355745692736
bs_00384.png,0.12768275406076574,True,35.818758614178805
bs_00385.png,0.08832283054025414,True,35.10907200447277
bs_00386.png,0.09912733506135446,True,35.74686891485793
bs_00387.png,0.08055662641913848,True,38.23894536951185
bs_00388.png,0.1381478307428094,True,32.63594221926008
bs_00389.png,0.10078513958570233,True,34.22470232580892
bs_00390.png,0.1354382965678297,True,30.6547402841499
bs_00391.png,0.06972222617150685,True,38.05043746640794
bs_00392.png,0.05652719885436778,True,29.222755662042776
bs_00393.png,0.1245499665652756,True,31.933177925139695
bs_00394.png,0.0592760992252912,True,33.87736322967485
bs_00395.png,0.05657945547954854,True,39.33048388517156
bs_00396.png,0.057594888704402186,True,37.22095901295221
bs_00397.png,0.11961293904425344,True,36.49627109993226
bs_00398.png,0.12080739779119078,True,32.44134326251001
bs_00399.png,0.07256503345918053,True,34.453100970695864
bs_00400.png,0.13928314735152675,True,29.520128302410455
bs_00401.png,0.0648172408837434,True,32.1388695752818
bs_00402.png,0.10191330432158804,True,35.41484476411711
bs_00403.png,0.12448631459125838,True,35.055393195764225
bs_00404.png,0.12975735892609103,True,36.88487847270886
bs_00405.png,0.059247029082542216,True,35.120704669864054
bs_00406.png,0.12026335883576499,True,36.49522359627914
bs_00407.png,0.0546768752179151,True,30.604878782909477
bs_00408.png,0.083493743991942,True,36.60447683461001
bs_00409.png,0.06584658973382909,True,34.86194552323697
bs_00410.png,0.12689374214011206,True,35.538738186802476
bs_00411.png,0.0993433178537641,True,31.335038902064127
bs_00412.png,0.05164417705256136,True,34.80067649201645
bs_00413.png,0.11916281766289726,True,34.9825800110885
bs_00414.png,0.14086735342657397,True,31.649307213176428
bs_00415.png,0.13293836017732888,True,32.83953300591218
bs_00416.png,0.1364758113396885,True,35.52281434790625
bs_00417.png,0.09884274757791547,True,37.023941188095606
bs_00418.png,0.12245166913036264,True,32.93765984694336
bs_00419.png,0.10741396581745832,True,33.699000074154064
bs_00420.png,0.13626319955535143,True,34.98876869072914
bs_00421.png,0.1115596185927187,True,33.954407871947396
bs_00422.png,0.0954434556801462,True,32.2941775050064
bs_00423.png,0.10136859171656079,True,33.95142566298717
bs_00424.png,0.052188599947622163,True,36.62335660529126
bs_00425.png,0.10384491929917622,True,32.162841152158194
bs_00426.png,0.10898944729952556,True,31.35544359768511
bs_00427.png,0.14011403011156925,True,35.2145133595544
bs_00428.png,0.130806046503549,True,29.15505084799246
bs_00429.png,0.05254736027686904,True,34.671759324691564
bs_00430.png,0.06747708336944372,True,33.25490043519019
bs_00431.png,0.12434380119997002,True,31.834991520172217
bs_00432.png,0.08657896801811979,True,35.289794287375095
bs_00433.png,0.10597100682031722,True,28.692446355316935
bs_00434.png,0.06262312793444685,True,31.62725923853769
bs_00435.png,0.10934795145022738,True,37.238984066951424
bs_00436.png,0.12073843325320807,True,34.327245499546734
bs_00437.png,0.0678944212876691,True,33.900098201428875
bs_00438.png,0.10276606221415077,True,30.16898301483085
bs_00439.png,0.1482811814563192,True,38.148877125910666
bs_00440.png,0.06302520538872283,True,39.40625495207278
bs_00441.png,0.05401397804386369,True,35.286855452336695
bs_00442.png,0.0683909680424499,True,30.112828292690438
bs_00443.png,0.1463023997553411,True,34.06375104675509
bs_00444.png,0.13302136087903327,True,35.0770609345114
bs_00445.png,0.07309378941858656,True,33.73410513501447
bs_00446.png,0.06142494997521695,True,32.24161675666467
bs_00447.png,0.11132916939410015,True,30.248748351424396
bs_00448.png,0.06585391987046951,True,37.48676608213913
bs_00449.png,0.1393303522956701,True,36.98359140631511
bs_00450.png,0.0676942105329668,True,35.82454500786503
bs_00451.png,0.1007301097717336,True,31.155123756870097
bs_00452.png,0.10258120524253422,True,32.73501273577648
bs_00453.png,0.10837176906333144,True,30.846711731836173
bs_00454.png,0.1398417204444175,True,32.99447855265878
bs_00455.png,0.1098973977825137,True,36.04334190776963
bs_00456.png,0.05197456164513621,True,38.16075156266406
bs_00457.png,0.06503214442123909,True,32.30261851803726
bs_00458.png,0.08604076250697237,True,31.679166739634177
bs_00459.png,0.07447489636058688,True,37.943349071804185
bs_00460.png,0.1011331341651519,True,37.39281825160862
bs_00461.png,0.09476442261011805,True,34.379612769511326
bs_00462.png,0.08478028284726667,True,35.04534270464237
bs_00463.png,0.09945373949349084,True,31.21284669834178
bs_00464.png,0.14659299425358524,True,38.84140388575923
bs_00465.png,0.1141505156384058,True,36.068273748249766
bs_00466.png,0.1159957140313568,True,36.45539425168238
bs_00467.png,0.11017447404081565,True,32.96901979360575
bs_00468.png,0.13735467378052313,True,39.065857020738214
bs_00469.png,0.1338851549384753,True,30.770486280278675
bs_00470.png,0.12750639306971082,True,36.19366942349202
bs_00471.png,0.0682606044849718,True,35.558905653030635
bs_00472.png,0.09390112483286908,True,35.36534555127451
bs_00473.png,0.145228280834393,True,36.01703691184
bs_00474.png,0.0506636144764524,True,34.89915304643667
bs_00475.png,0.13545874215984713,True,32.420886569991104
bs_00476.png,0.14936745590873404,True,37.30476635929513
bs_00477.png,0.06287960551351482,True,31.523828716508874
bs_00478.png,0.06934417785315801,True,33.91564900852644
bs_00479.png,0.06650169303868911,True,33.51406278245277
bs_00480.png,0.07832388576808687,True,34.59617273436664
bs_00481.png,0.09968661668836909,True,34.31221253848392
bs_00482.png,0.07860416912424631,True,35.11652055864916
bs_00483.png,0.12571906730105104,True,34.98987887455941
bs_00484.png,0.1307420904694915,True,38.967865562291124
bs_00485.png,0.10691538484946952,True,33.92073608512679
bs_00486.png,0.11533491736307488,True,37.87686105482009
bs_00487.png,0.1081845916511833,True,36.847230902608985
bs_00488.png,0.12816852658019195,True,36.133046454581134
bs_00489.png,0.13207100055242027,True,36.80136290841307
bs_00490.png,0.1137790595708006,True,30.71575227641706
bs_00491.png,0.06759008347291735,True,31.393265650395698
bs_00492.png,0.06851008489553359,True,32.10710014509485
bs_00493.png,0.10155905080564875,True,32.4901724287952
bs_00494.png,0.08972227222685325,True,34.12529126845191
bs_00495.png,0.10184338435498984,True,34.32421580101713
bs_00496.png,0.11928667830756146,True,35.99163530550623
bs_00497.png,0.06628022889875136,True,34.69986481633461
bs_00498.png,0.12155231315761951,True,33.03197936676189
bs_00499.png,0.10501452617800003,True,31.33410537633598
bs_00500.png,0.14538535675146247,True,33.86661073781701
bs_00501.png,0.09774714082870972,True,31.57771285072291
bs_00502.png,0.13887713820046865,True,31.936174987016308
bs_00503.png,0.08529529470878561,True,41.702789048408235
bs_00504.png,0.09483801012446158,True,34.244071939245245
bs_00505.png,0.10902406157377609,True,32.331024213761474
bs_00506.png,0.10890605673446299,True,33.3191298154845
bs_00507.png,0.10543533628582662,True,30.73432629441941
bs_00508.png,0.11962782744360206,True,39.570015867781606
bs_00509.png,0.07336068071282228,True,34.379715207690204
bs_00510.png,0.14706560083858722,True,33.8612378467765
bs_00511.png,0.08950619860371985,True,38.94759128895349
bs_00512.png,0.09986033994120386,True,37.44772666018247
bs_00513.png,0.0836355710138495,True,34.35083876874911
bs_00514.png,0.10336297905399908,True,37.012508287258974
bs_00515.png,0.14156919664957288,True,34.6879922787342
bs_00516.png,0.05891740804279716,True,35.4821850543241
bs_00517.png,0.08980611665089028,True,29.575485309602904
bs_00518.png,0.13734410199094987,True,35.79578530769501
bs_00519.png,0.07591425021464468,True,33.08559487347752
bs_00520.png,0.11796714744345285,True,34.755170127703906
bs_00521.png,0.128166165062015,True,34.29752567053774
bs_00522.png,0.10132664136005218,True,34.924655047452795
bs_00523.png,0.1091817532412317,True,37.73581442968401
bs_00524.png,0.1040246852921409,True,36.28326189251133
bs_00525.png,0.054960225012365554,True,39.460593734579604
bs_00526.png,0.09414574420801108,True,36.50365930612811
bs_00527.png,0.13557090061033517,True,31.89759338569173
bs_00528.png,0.0739852352548642,True,32.7017362229683
bs_00529.png,0.12825965688321755,True,34.50152427304684
bs_00530.png,0.07581004568360751,True,30.20694977571337
bs_00531.png,0.08830080639730788,True,40.0938570370494
bs_00532.png,0.06579114332343555,True,36.34571316300924
bs_00533.png,0.10212652396042884,True,35.68232237500032
bs_00534.png,0.10471497127078376,True,31.523816171864397
bs_00535.png,0.14144431264560625,True,36.41835499051278
bs_00536.png,0.1444033939830695,True,33.72885913001352
bs_00537.png,0.07025553731763412,True,35.320563383294
bs_00538.png,0.1237818583832338,True,34.07962636659178
bs_00539.png,0.14755661085489596,True,33.39799854728536
bs_00540.png,0.09274504520906095,True,35.078897267212284
bs_00541.png,0.13577401964476948,True,32.72111821794268
bs_00542.png,0.05815856777719,True,33.62400379189296
bs_00543.png,0.1393423040827001,True,31.77900735549588
bs_00544.png,0.07865577470688023,True,33.84771392551816
bs_00545.png,0.06306982934545494,True,31.245829795479764
bs_00546.png,0.09914913584350799,True,33.98430742642314
bs_00547.png,0.10196648874968967,True,31.767617336210357
bs_00548.png,0.07902284457951475,True,32.48160409413211
bs_00549.png,0.109772894233755,True,34.32397215571786
bs_00550.png,0.10745176082385066,True,33.12704566699873
bs_00551.png,0.07519328842646415,True,37.46692096791749
bs_00552.png,0.06891415590218566,True,41.884199619855906
bs_00553.png,0.114461220286124,True,37.90755471675293
bs_00554.png,0.10966176867281634,True,32.382443139434486
bs_00555.png,0.06112725525907847,True,31.87502845213843
bs_00556.png,0.0626789063487017,True,36.06383445472964
bs_00557.png,0.14134590148026865,True,31.73749274739621
bs_00558.png,0.12508063511941983,True,35.78819353482832
bs_00559.png,0.05395242010697293,True,38.97745440479337
bs_00560.png,0.13976612819388634,True,31.900191863247535
bs_00561.png,0.07551328051172265,True,29.631289288757703
bs_00562.png,0.08927973598258479,True,35.50840366346805
bs_00563.png,0.11676258720858256,True,30.687977658385975
bs_00564.png,0.09894747714875587,True,35.34162167249224
bs_00565.png,0.07676688461574542,True,30.048021425584007
bs_00566.png,0.08668875806681611,True,34.98150912987814
bs_00567.png,0.07010557890371849,True,31.30576345295086
bs_00568.png,0.13652740110060452,True,39.587666573705114
bs_00569.png,0.09059145722704404,True,32.296271666368284
bs_00570.png,0.14705660230480916,True,32.732819026755195
bs_00571.png,0.09108491415385207,True,33.078660520528274
bs_00572.png,0.061141143735207404,True,30.8640655086694
bs_00573.png,0.0957108313701002,True,36.21197059348773
bs_00574.png,0.09817910347033951,True,35.65638887459929
bs_00575.png,0.09064305246874702,True,32.70513450013405
bs_00576.png,0.11381714764055514,True,37.21818319125517
bs_00577.png,0.07461378059449561,True,32.753977930919675
bs_00578.png,0.1452913539926377,True,31.56326624244052
bs_00579.png,0.06181222007500889,True,30.913245994723646
bs_00580.png,0.050832787891441404,True,33.27858455513532
bs_00581.png,0.08254734591442354,True,32.09726757122746
bs_00582.png,0.07714374386566074,True,34.17795552897849
bs_00583.png,0.13530668249182637,True,32.322041932443824
bs_00584.png,0.06745107385249381,True,33.44342224678914
bs_00585.png,0.06053420448108946,True,35.142830331437516
bs_00586.png,0.07000799560232261,True,34.911343238301924
bs_00587.png,0.08435904641894207,True,36.52363797543182
bs_00588.png,0.10930540325243887,True,36.087402307148594
bs_00589.png,0.13351519809607454,True,32.63551652636096
bs_00590.png,0.1227564348958969,True,36.09083405757512
bs_00591.png,0.0611493806911576,True,32.72260651770858
bs_00592.png,0.11924546995084286,True,35.53980850465832
bs_00593.png,0.09463713886548818,True,35.42248904000889
bs_00594.png,0.05910867318043265,True,32.86290575949402
bs_00595.png,0.06935543308886181,True,31.2098164700907
bs_00596.png,0.13729438295060328,True,34.2989395628677
bs_00597.png,0.10300559111736374,True,33.692858029996394
bs_00598.png,0.12357228799998866,True,37.899511166187
bs_00599.png,0.06141379948503465,True,35.22831478944245
bs_00600.png,0.06513300276905985,True,33.18474557114962
bs_00601.png,0.13431685016167322,True,36.55639727335321
bs_00602.png,0.11128584533922867,True,35.63843675462406
bs_00603.png,0.05282507662264461,True,33.061643443523025
bs_00604.png,0.10266076184806666,True,36.29243661499848
bs_00605.png,0.0912890421999226,True,36.25506456699969
bs_00606.png,0.10843773825252215,True,33.816671030011975
bs_00607.png,0.08259197285789978,True,36.854602631138384
bs_00608.png,0.11574766461562803,True,37.49135833727362
bs_00609.png,0.05435764277628993,True,36.66367666439853
bs_00610.png,0.07835248746508056,True,34.255079916662055
bs_00611.png,0.09247645971740462,True,34.24089584187694
bs_00612.png,0.08293080488087687,True,32.56724848872983
bs_00613.png,0.060445558731133414,True,32.783750281761925
bs_00614.png,0.07592729730143902,True,32.497757727255
bs_00615.png,0.09435711010393637,True,37.26512650276042
bs_00616.png,0.13622201612063373,True,34.87515352094212
bs_00617.png,0.0794888623779333,True,35.55071157285267
bs_00618.png,0.08035552644524113,True,34.095760560828495
bs_00619.png,0.09782007482468918,True,34.681253032510874
bs_00620.png,0.09501495781663288,True,30.565621739718697
bs_00621.png,0.08471370806333431,True,35.22913799788293
bs_00622.png,0.09307699483502302,True,31.301452778668967
bs_00623.png,0.0853436788126562,True,30.514921510894357
bs_00624.png,0.14902908935969214,True,32.64453542329819
bs_00625.png,0.06752862018200959,True,34.40953126456144
bs_00626.png,0.09276391062414888,True,36.826724766240396
bs_00627.png,0.09171692799657744,True,32.76228511485847
bs_00628.png,0.09851958385781764,True,34.33259632068733
bs_00629.png,0.07815414322952006,True,35.885726102179675
bs_00630.png,0.05750731252177186,True,37.22610165529546
bs_00631.png,0.10780595932304188,True,34.16024118320592
bs_00632.png,0.06710619829802136,True,32.12093137782725
bs_00633.png,0.12431685393268402,True,36.542610128055955
bs_00634.png,0.11587556316597557,True,32.52971351965536
bs_00635.png,0.07090498946403204,True,28.70288653691332
bs_00636.png,0.052929150131582114,True,37.21306064038967
bs_00637.png,0.07052063401825515,True,31.569257151882187
bs_00638.png,0.0721740859380173,True,32.12068281864247
bs_00639.png,0.08851359290332261,True,35.823443727102465
bs_00640.png,0.08542717813138999,True,32.31349483319287
bs_00641.png,0.14970804905337826,True,32.602792329384776
bs_00642.png,0.12387201862232623,True,31.68910924224044
bs_00643.png,0.11802871290121235,True,34.056221474238995
bs_00644.png,0.059835388886116295,True,31.99084198880361
bs_00645.png,0.08003373317149981,True,38.549788554574015
bs_00646.png,0.12564514574259228,True,31.930128889709614
bs_00647.png,0.07488605375927848,True,30.857706156942953
bs_00648.png,0.06226887255461087,True,26.95770132353171
bs_00649.png,0.12293529779316821,True,33.73599733688633
bs_00650.png,0.09476316080413555,True,40.41053662195374
bs_00651.png,0.08462403797273323,True,38.2299098420983
bs_00652.png,0.0717619399719611,True,35.60319053607405
bs_00653.png,0.12698527036555574,True,35.467709730614516
bs_00654.png,0.14689586708726865,True,34.184645016288954
bs_00655.png,0.05477770029475543,True,35.264703800732235
bs_00656.png,0.09270117564416724,True,36.052191390038956
bs_00657.png,0.13718405788761237,True,39.396210233682275
bs_00658.png,0.13615789459028618,True,33.075374387944706
bs_00659.png,0.10298895171722154,True,35.079021977872586
bs_00660.png,0.11544968029848256,True,32.730013000894544
bs_00661.png,0.1011596343598013,True,36.03065705276642
bs_00662.png,0.14467739285430037,True,33.674965214527276
bs_00663.png,0.12690922372100122,True,30.866504196801774
bs_00664.png,0.10505704287074084,True,33.91645668114958
bs_00665.png,0.14943011885421137,True,34.70933482973543
bs_00666.png,0.051895885024354174,True,32.14062209758883
bs_00667.png,0.09393010407602902,True,33.57217561464386
bs_00668.png,0.062343909657681607,True,33.75695651932795
bs_00669.png,0.13441166314091266,True,35.72005881289236
bs_00670.png,0.1136723028559501,True,36.546198889722355
bs_00671.png,0.09808631718594023,True,33.52665863695414
bs_00672.png,0.0747655546611137,True,35.37934362303145
bs_00673.png,0.06986355296547869,True,37.685235832300364
bs_00674.png,0.08420159245181383,True,31.479414010028517
bs_00675.png,0.05654439314037949,True,33.24516477013738
bs_00676.png,0.0521547538354509,True,36.25792960595093
bs_00677.png,0.08289766091616244,True,34.852908714756346
bs_00678.png,0.09987607837076216,True,37.70301673851745
bs_00679.png,0.05713835414399787,True,36.721070538649144
bs_00680.png,0.11496225103153906,True,34.34371674962685
bs_00681.png,0.06439702998934974,True,38.004047402410606
bs_00682.png,0.05701652497681556,True,34.34090628219359
bs_00683.png,0.08891663377327831,True,35.261140701835124
bs_00684.png,0.14974181195923875,True,33.36085181058452
bs_00685.png,0.11954063052536187,True,33.239219954950066
bs_00686.png,0.07358557857747575,True,29.706382772002957
bs_00687.png,0.09416572029688305,True,31.020595383286018
bs_00688.png,0.12156282978818579,True,29.93035820992176
bs_00689.png,0.06521019583156515,True,34.01745375606958
bs_00690.png,0.07128459454950507,True,34.90952168000169
bs_00691.png,0.1306463340457315,True,31.672482624569604
bs_00692.png,0.09305485099360938,True,31.5115431732995
bs_00693.png,0.13237179153913198,True,35.1296527548432
bs_00694.png,0.08750345138599763,True,34.06526407286938
bs_00695.png,0.11457852648202532,True,36.56879436748317
bs_00696.png,0.09733514416829092,True,29.967508810113532
bs_00697.png,0.08790387143834408,True,34.2947823693466
bs_00698.png,0.08434801987508418,True,36.50215758289776
bs_00699.png,0.0672240402953258,True,34.129037860474675
bs_00700.png,0.050296911380979796,True,36.73219586611738
bs_00701.png,0.1381100566537569,True,35.26322547888411
bs_00702.png,0.13189546824370355,True,29.35069808243252
bs_00703.png,0.05383548386715501,True,36.522374887041124
bs_00704.png,0.059842575379867306,True,31.819574395875637
bs_00705.png,0.10167994266544932,True,37.763800139295974
bs_00706.png,0.07312387709399676,True,38.68139676509033
bs_00707.png,0.10149838815492045,True,38.90877750912223
bs_00708.png,0.05690931475174219,True,38.51682008573691
bs_00709.png,0.09113204439561365,True,32.16863928229981
bs_00710.png,0.09246458697475843,True,33.67338908560775
bs_00711.png,0.08943380695950373,True,34.66265407393159
bs_00712.png,0.13534362729914182,True,36.18479533286984
bs_00713.png,0.1334617953487655,True,32.93691159240576
bs_00714.png,0.10479178225840216,True,36.27767465595068
bs_00715.png,0.13692320274403202,True,30.387519195459394
bs_00716.png,0.11502101462063422,True,28.09830394899844
bs_00717.png,0.05421733197115566,True,31.856197075071663
bs_00718.png,0.09043064572820522,True,32.400469104417134
bs_00719.png,0.12352285675950402,True,33.73666225181047
bs_00720.png,0.10433417369101655,True,34.8629071739773
bs_00721.png,0.12811035384243497,True,30.71488753273603
bs_00722.png,0.1228502027688167,True,29.306018395424566
bs_00723.png,0.09257006327080278,True,35.85293814946938
bs_00724.png,0.11899152227586536,True,31.077086066948667
bs_00725.png,0.092425006414643,True,31.60516236326885
bs_00726.png,0.05876624442109749,True,35.50191253687602
bs_00727.png,0.1397707096417104,True,35.638577369709395
bs_00728.png,0.1261898446158074,True,31.903577475804497
bs_00729.png,0.09445215275393706,True,33.98891468413791
bs_00730.png,0.05602610936042941,True,32.98523596923208
bs_00731.png,0.11471167510686095,True,36.10360474923239
bs_00732.png,0.06287362289858225,True,33.31594022419956
bs_00733.png,0.10144538257953112,True,37.275053387183064
bs_00734.png,0.08970189311755294,True,36.94974485144081
bs_00735.png,0.14504789083550815,True,36.77978490041252
bs_00736.png,0.11804665333142463,True,28.35170895954463
bs_00737.png,0.1272970907504654,True,38.23309750387836
bs_00738.png,0.07962638904498909,True,35.131556863333046
bs_00739.png,0.10038795303153294,True,34.9496142374971
bs_00740.png,0.12788619178349075,True,33.6026400373349
bs_00741.png,0.07082740354800586,True,36.97599425578367
bs_00742.png,0.11922629239794943,True,33.25904039399424
bs_00743.png,0.12510700473323944,True,32.489768018402756
bs_00744.png,0.06443729802382618,True,31.23310769743293
bs_00745.png,0.1027446318765263,True,33.93237459150949
bs_00746.png,0.06462997422878863,True,36.67715709751319
bs_00747.png,0.06540701936324174,True,35.75554550246644
bs_00748.png,0.1400252115167981,True,29.823273288585078
bs_00749.png,0.1296123874770519,True,35.25919147925706
bs_00750.png,0.1283818141045498,True,35.944916147438676
bs_00751.png,0.10706932976861488,True,38.21575868185407
bs_00752.png,0.08790219403663543,True,28.610030885164498
bs_00753.png,0.059509921363087304,True,34.70469459250722
bs_00754.png,0.11128254137885672,True,35.34501300925122
bs_00755.png,0.06917008588009801,True,32.802400815479004
bs_00756.png,0.10733631181773459,True,39.243847570887425
bs_00757.png,0.052104607911491324,True,28.713944270260807
bs_00758.png,0.13409394755768628,True,27.1568280020948
bs_00759.png,0.0677982427246818,True,33.51847958814885
bs_00760.png,0.10305941718241352,True,33.24578803146615
bs_00761.png,0.14447828949008112,True,36.997406372967234
bs_00762.png,0.07050667067652251,True,38.05355462665128
bs_00763.png,0.057059911969553824,True,37.3256879785251
bs_00764.png,0.05345445365267382,True,36.00487395898491
bs_00765.png,0.09076919606532266,True,36.250393027940646
bs_00766.png,0.13615084390313753,True,35.76969069088577
bs_00767.png,0.06340938281559994,True,36.089141310777194
bs_00768.png,0.0819560068036593,True,33.46513984004698
bs_00769.png,0.05743000638982281,True,32.46460245754429
bs_00770.png,0.10370421732040916,True,35.86093088022801
bs_00771.png,0.13830573032079513,True,37.4912058193234
bs_00772.png,0.054689617045301946,True,32.138953515649426
bs_00773.png,0.1459350480951713,True,37.39583669025156
bs_00774.png,0.05000713760343663,True,34.98323593586584
bs_00775.png,0.09093994621239505,True,37.26819871248219
bs_00776.png,0.06920296620495406,True,35.04370930723071
bs_00777.png,0.08298964380121672,True,34.34462379973523
bs_00778.png,0.059527039076149396,True,33.60195484076425
bs_00779.png,0.09851161874044238,True,37.27039784436539
bs_00780.png,0.12302571669934888,True,35.82734752017602
bs_00781.png,0.07288464889839338,True,33.27412991712892
bs_00782.png,0.0752250199115343,True,35.527188253506765
bs_00783.png,0.09035558685664817,True,28.096538494578454
bs_00784.png,0.05317319339853909,True,33.215447659620715
bs_00785.png,0.12534681707557316,True,32.710637647696316
bs_00786.png,0.11377523413317155,True,33.21301805800455
bs_00787.png,0.14242690026966148,True,29.436730662230005
bs_00788.png,0.0873205130040964,True,34.27678884823807
bs_00789.png,0.07652126235931321,True,38.828275183755736
bs_00790.png,0.053147692575982425,True,35.091151323349216
bs_00791.png,0.12190259566398508,True,32.75129773978868
bs_00792.png,0.12870575437799076,True,33.160631520842955
bs_00793.png,0.1421083247444124,True,32.0123793787801
bs_00794.png,0.07616768522428505,True,36.530253830801165
bs_00795.png,0.06571839749313405,True,32.04601109198002
bs_00796.png,0.09401373274146213,True,35.625719356640786
bs_00797.png,0.06360330482199822,True,32.7868113080008
bs_00798.png,0.0730303258132058,True,30.48387424565185
bs_00799.png,0.11758521180934585,True,31.33702533276232
bs_00800.png,0.10123410062399196,True,38.03671994572319
bs_00801.png,0.13919602509177198,True,36.55884679193546
bs_00802.png,0.09315969275785382,True,37.94946540300859
bs_00803.png,0.057860000269697225,True,30.27642301480586
bs_00804.png,0.10195631437835755,True,35.6695800306101
bs_00805.png,0.06268240724594118,True,32.802225952502106
bs_00806.png,0.12595712699687606,True,31.255752858476775
bs_00807.png,0.09924598966044015,True,34.826878722737355
bs_00808.png,0.06179560550391111,True,35.09416590656832
bs_00809.png,0.08066016102927734,True,35.14346650003582
bs_00810.png,0.10542298503969078,True,34.25234610545819
bs_00811.png,0.06018174164857755,True,33.1053866918093
bs_00812.png,0.14342102195615364,True,30.318477048899982
bs_00813.png,0.10992352071874127,True,32.588231117054896
bs_00814.png,0.11127418829996104,True,33.29680091137894
bs_00815.png,0.10444493924196083,True,33.87681161837715
bs_00816.png,0.06939763194443273,True,32.640972667709455
bs_00817.png,0.0575670657137328,True,32.8039535189131
bs_00818.png,0.07394895900988482,True,34.673262615838034
bs_00819.png,0.1490219998876286,True,29.703760395121922
bs_00820.png,0.14452185462035985,True,35.601887307559196
bs_00821.png,0.08305255726781093,True,29.319230663049616
bs_00822.png,0.10025951106504616,True,34.21245353928209
bs_00823.png,0.12339842390018686,True,33.391203793161345
bs_00824.png,0.1487812912030338,True,32.680648337095214
bs_00825.png,0.1489611639862532,True,30.24672749441264
bs_00826.png,0.06434642805865308,True,32.54533988249656
bs_00827.png,0.09140904770993673,True,41.44444366045153
bs_00828.png,0.11493040078525034,True,38.95713275097264
bs_00829.png,0.08006578177458236,True,35.52877379076714
bs_00830.png,0.07066815544209318,True,31.290512099625197
bs_00831.png,0.052136505240581166,True,38.25641585013616
bs_00832.png,0.06356988606186899,True,33.97378166203721
bs_00833.png,0.06972008889471892,True,32.04827853565233
bs_00834.png,0.06625900256980675,True,36.49414149171172
bs_00835.png,0.11123902404387129,True,29.7063380050107
bs_00836.png,0.13647421308298358,True,33.366330597544845
bs_00837.png,0.06746120111208641,True,35.99944546160943
bs_00838.png,0.11777946259810192,True,38.00132360357915
bs_00839.png,0.14205670528429432,True,36.318457615581586
bs_00840.png,0.11700271698282846,True,34.49650756886682
bs_00841.png,0.08299820422446395,True,32.821188378219055
bs_00842.png,0.09656167245031907,True,32.34528537970683
bs_00843.png,0.06847014697495343,True,31.015869569846465
bs_00844.png,0.1096071288423199,True,30.21590782264918
bs_00845.png,0.11726920136120286,True,30.38231847207004
bs_00846.png,0.08254469149063658,True,34.50844478733654
bs_00847.png,0.12949304422547148,True,31.79195643356117
bs_00848.png,0.10481579844291797,True,32.844536246634696
bs_00849.png,0.12006307663662938,True,31.199904997139264
bs_00850.png,0.11916740651550689,True,33.45797493274967
bs_00851.png,0.09468431049504136,True,37.13697209725681
bs_00852.png,0.06294672310626567,True,36.580402980765946
bs_00853.png,0.08670551236193655,True,29.169518610232032
bs_00854.png,0.06686594315835635,True,34.13546837041524
bs_00855.png,0.06179820186110577,True,28.731504911167434
bs_00856.png,0.07262819212946947,True,36.46418778501387
bs_00857.png,0.07877528489448832,True,32.60697828749598
bs_00858.png,0.14102746170398675,True,30.872922970875692
bs_00859.png,0.06447585546217405,True,37.77723269160066
bs_00860.png,0.13597390475366616,True,35.91576872610418
bs_00861.png,0.10674984051718833,True,36.30709796504772
bs_00862.png,0.08599213331063868,True,35.487611791713576
bs_00863.png,0.08126171650166733,True,36.39125529494914
bs_00864.png,0.125624527999052,True,31.449710189572343
bs_00865.png,0.07132280461660173,True,31.63646745221458
bs_00866.png,0.12370304141638579,True,36.922903758440235
bs_00867.png,0.08180608074394351,True,35.60706303658156
bs_00868.png,0.12859085845459683,True,32.629571161040076
bs_00869.png,0.07242845540529468,True,35.962153595633595
bs_00870.png,0.05743291954872264,True,32.212270872828924
bs_00871.png,0.05709835932915478,True,34.30430227794928
bs_00872.png,0.11874896645712416,True,37.049650505153295
bs_00873.png,0.08750686340393274,True,34.27546397308225
bs_00874.png,0.06827028112484816,True,28.76587716285236
bs_00875.png,0.12398696348553855,True,39.2143128545909
bs_00876.png,0.07541508737949294,True,33.25255067756237
bs_00877.png,0.0840617253506494,True,37.852061522103085
bs_00878.png,0.0557485550833434,True,34.01837056272622
bs_00879.png,0.0852442746160103,True,34.96208233804963
bs_00880.png,0.10659205070997144,True,32.978809276253905
bs_00881.png,0.12978937437437807,True,34.20125530545629
bs_00882.png,0.13650661216796112,True,38.43698000987558
bs_00883.png,0.0780380887732415,True,34.68877217275323
bs_00884.png,0.12277669982334026,True,36.84796570425086
bs_00885.png,0.08773264751690742,True,34.60329977671858
bs_00886.png,0.13915988682890199,True,34.41871807466577
bs_00887.png,0.07638373851365357,True,36.28639839467111
bs_00888.png,0.10774687159126288,True,34.462632043974565
bs_00889.png,0.13683691239323614,True,31.60384701928833
bs_00890.png,0.08674100188225214,True,33.35786180894145
bs_00891.png,0.07257882722456153,True,28.754134499091897
bs_00892.png,0.09923349882068788,True,34.60385769797098
bs_00893.png,0.08847498615966393,True,33.102434890699406
bs_00894.png,0.1108321471425513,True,34.77508630720942
bs_00895.png,0.10511640446707116,True,31.69356772616078
bs_00896.png,0.06886751077447324,True,33.65632109220109
bs_00897.png,0.10083992089487087,True,31.517344591431048
bs_00898.png,0.07473326772805491,True,35.758390812454394
bs_00899.png,0.0599903876528681,True,37.70420192149025
bs_00900.png,0.11540159810730752,True,35.85002501197138
bs_00901.png,0.054535928586562865,True,31.22693497731456
bs_00902.png,0.06605222522852423,True,32.44497732584337
bs_00903.png,0.05242438263338656,True,30.610658498861838
bs_00904.png,0.1294513716907901,True,34.33160336124707
bs_00905.png,0.1099006214348045,True,34.29577607916733
bs_00906.png,0.08110333730396109,True,36.742585919344194
bs_00907.png,0.10743515508625504,True,31.315174742937195
bs_00908.png,0.08927628556137769,True,33.19346985750669
bs_00909.png,0.09181325610702466,True,31.29486410129889
bs_00910.png,0.0994732997906034,True,30.703760971196452
bs_00911.png,0.09651094614361791,True,35.37645370386268
bs_00912.png,0.08005034130876017,True,36.34985806492043
bs_00913.png,0.09565382398976743,True,34.611932533987144
bs_00914.png,0.13106956594810565,True,40.37948521291861
bs_00915.png,0.1338012745120642,True,34.743033250914785
bs_00916.png,0.1115426565625581,True,32.25192522927158
bs_00917.png,0.1458833418948388,True,29.803801574604513
bs_00918.png,0.12099322034412491,True,32.60574819730601
bs_00919.png,0.0687464841848984,True,34.786577813764495
bs_00920.png,0.11890813696544253,True,36.86212378836541
bs_00921.png,0.08828501034886473,True,34.10253858643311
bs_00922.png,0.10327763465273698,True,35.654090374401385
bs_00923.png,0.06367175090759934,True,34.639070958316736
bs_00924.png,0.10275827141379959,True,32.34310219785539
bs_00925.png,0.07681580657831906,True,34.52151742115951
bs_00926.png,0.11304698209496551,True,37.516768109344866
bs_00927.png,0.13797456874256858,True,32.96755091794611
bs_00928.png,0.09780565486449642,True,32.99564778661206
bs_00929.png,0.06196613374375194,True,35.97052468507724
bs_00930.png,0.08494007509729759,True,36.18297106081067
bs_00931.png,0.0979526210935657,True,30.570083346071716
bs_00932.png,0.09611785160294092,True,33.73616917712377
bs_00933.png,0.08094408430450216,True,35.15720514064876
bs_00934.png,0.050554910080279396,True,38.44945613666442
bs_00935.png,0.14511314316664647,True,29.57741426450162
bs_00936.png,0.13197945413157375,True,32.88027377548047
bs_00937.png,0.14025092807058231,True,29.955611090773296
bs_00938.png,0.09998548150777753,True,33.57435363469432
bs_00939.png,0.14513698104243272,True,34.18444290851511
bs_00940.png,0.11559836287688768,True,33.23717143504451
bs_00941.png,0.1169313657194473,True,36.8879220115534
bs_00942.png,0.12495956412470491,True,34.4328115105015
bs_00943.png,0.11801884055274797,True,35.39445615859701
bs_00944.png,0.13450807490663652,True,29.52628388155822
bs_00945.png,0.08489431829628948,True,36.82228701270694
bs_00946.png,0.05579786285930219,True,38.21856629358683
bs_00947.png,0.08886692362534926,True,37.44761341466536
bs_00948.png,0.09374979948273975,True,32.05815456837104
bs_00949.png,0.12320237695607823,True,35.09597763826882
bs_00950.png,0.07991267470194065,True,36.32086387079292
bs_00951.png,0.13768422990353169,True,34.815982408842515
bs_00952.png,0.12861049411396613,True,34.018883887600836
bs_00953.png,0.12009955453289366,True,33.884017945120576
bs_00954.png,0.06707909632917686,True,37.148982751172525
bs_00955.png,0.11631207390776785,True,30.53253847523584
bs_00956.png,0.10577344874881014,True,40.11757841197951
bs_00957.png,0.06259753052858683,True,37.646927843509275
bs_00958.png,0.06253422909716709,True,36.02722487561445
bs_00959.png,0.10303389169464366,True,33.359918732678
bs_00960.png,0.057615958868382056,True,35.17659019213622
bs_00961.png,0.05878010840157641,True,31.342287594946274
bs_00962.png,0.1479188834243766,True,32.55812279378386
bs_00963.png,0.1289219989374833,True,32.27715228563609
bs_00964.png,0.09229899123566465,True,30.389992753740422
bs_00965.png,0.137430400167468,True,38.628359646861924
bs_00966.png,0.07785742213795493,True,35.828124800303804
bs_00967.png,0.05603383752890102,True,33.3856817056668
bs_00968.png,0.12834086675983788,True,36.22630678791247
bs_00969.png,0.0992332393806181,True,34.78307637900477
bs_00970.png,0.07892195340766057,True,36.18149019698304
bs_00971.png,0.11595477533095544,True,36.66152795659027
bs_00972.png,0.051211765585621544,True,36.052493892772056
bs_00973.png,0.1331193901584019,True,29.45186149647226
bs_00974.png,0.14565648624982158,True,37.872325609305975
bs_00975.png,0.09319680591699678,True,31.55335574786218
bs_00976.png,0.10848731148393922,True,34.702297589833606
bs_00977.png,0.051888375105429756,True,33.77606460556629
bs_00978.png,0.06884112959094257,True,30.047382251258725
bs_00979.png,0.12018096365603714,True,36.155436417314334
bs_00980.png,0.12105025052750797,True,34.5498504687978
bs_00981.png,0.12314865695138182,True,31.03200764731931
bs_00982.png,0.14052615771536042,True,35.2308993047186
bs_00983.png,0.08258448341298888,True,34.90311494137411
bs_00984.png,0.1193852511262049,True,35.581562710565805
bs_00985.png,0.08472089208995702,True,31.920017694389866
bs_00986.png,0.05940848181008878,True,34.87422881083876
bs_00987.png,0.05015930530989046,True,38.10288862510748
bs_00988.png,0.13318232404346816,True,32.44123896596423
bs_00989.png,0.08272786407147115,True,37.23051602535486
bs_00990.png,0.1134780435757169,True,35.044192207949244
bs_00991.png,0.13358944835490433,True,32.23125944202068
bs_00992.png,0.12796398445081564,True,36.15552892865354
bs_00993.png,0.09967911437369376,True,42.01794588499615
bs_00994.png,0.14863594005752268,True,33.4494339614307
bs_00995.png,0.08569186903407747,True,35.20037539433232
bs_00996.png,0.13541341732542628,True,36.40560278596588
bs_00997.png,0.11228430039796043,True,35.06611920350653
bs_00998.png,0.1086389160114503,True,34.555392704489265
bs_00999.png,0.12479003703307184,True,36.441535789308006
bs_01000.png,0.058631502099524405,True,37.79438507273911
bs_01001.png,0.14469704601241595,True,37.246500874613375
bs_01002.png,0.061811869696890225,True,31.489734781350258
bs_01003.png,0.09673189644686883,True,37.474909671951515
bs_01004.png,0.08462108923654058,True,34.440272966739826
bs_01005.png,0.0691445688510888,True,34.71730639532081
bs_01006.png,0.05259707357073237,True,31.528159265966625
bs_01007.png,0.12749227808500296,True,35.775359379964286
bs_01008.png,0.07514808429734263,True,33.24944189769755
bs_01009.png,0.09306403973202858,True,32.21391583463681
bs_01010.png,0.14435056220557924,True,36.08495783842924
bs_01011.png,0.06638538190247799,True,38.341836524884286
bs_01012.png,0.1086540727180087,True,35.70683882163276
bs_01013.png,0.11403539336559816,True,38.78184688345132
bs_01014.png,0.12933278813946558,True,37.465135481760974
bs_01015.png,0.10061588285054068,True,34.04977164031424
bs_01016.png,0.10237049265680824,True,39.14989975762382
bs_01017.png,0.08324851147798908,True,33.63928693196034
bs_01018.png,0.14033044529893518,True,32.94629346754752
bs_01019.png,0.12606619020123389,True,37.56017851126447
bs_01020.png,0.1305858427866892,True,33.04384369961691
bs_01021.png,0.1030336946923848,True,36.55705680062804
bs_01022.png,0.09262423606367959,True,35.99941976950802
bs_01023.png,0.05065490751940776,True,32.96077347868816
bs_01024.png,0.1214500931025258,True,32.54935960063651
bs_01025.png,0.08653320084156972,True,36.68148532088114
bs_01026.png,0.11678605304626634,True,35.6229038291382
bs_01027.png,0.0743131253974754,True,32.116115516533355
bs_01028.png,0.12028981422315685,True,36.86471405399664
bs_01029.png,0.07910295751253639,True,35.49806998101691
bs_01030.png,0.10497432923861957,True,32.572244788108726
bs_01031.png,0.06566446718432233,True,33.86100809448162
bs_01032.png,0.13312481120823205,True,36.81282819337254
bs_01033.png,0.08931183987757167,True,33.92937220816246
bs_01034.png,0.07825349433955844,True,33.31244049552418
bs_01035.png,0.08913048617728682,True,33.021324204567044
bs_01036.png,0.14955299245944403,True,35.6522162484041
bs_01037.png,0.12580859933247823,True,31.192379366132542
bs_01038.png,0.07902377460329305,True,32.75251981960107
bs_01039.png,0.13524949231894484,True,35.61797794759666
bs_01040.png,0.10227922944716683,True,33.08267514160367
bs_01041.png,0.09542557695314413,True,33.4707654659175
bs_01042.png,0.10501037685051826,True,34.77549433692111
bs_01043.png,0.14882299020064094,True,34.41256760454883
bs_01044.png,0.05284791676041483,True,35.459684569590785
bs_01045.png,0.11828129299955206,True,32.256778774078406
bs_01046.png,0.07600210344393116,True,33.20681208485596
bs_01047.png,0.08923167732797986,True,36.68584320205726
bs_01048.png,0.07382202012597561,True,35.55475602463366
bs_01049.png,0.14434590295828675,True,29.281890354458284
bs_01050.png,0.0898484253845624,True,37.589186233778044
bs_01051.png,0.06315120289190049,True,33.91556699421541
bs_01052.png,0.12530085065779142,True,35.627229578624714
bs_01053.png,0.07200178145107679,True,38.62944226250086
bs_01054.png,0.12549538052730258,True,37.74329347765995
bs_01055.png,0.11479663854518331,True,33.397664276501374
bs_01056.png,0.06145932022573289,True,34.80952598734242
bs_01057.png,0.05775041904843336,True,39.057279564403046
bs_01058.png,0.14849816136065236,True,36.04244046985891
bs_01059.png,0.0661899524889899,True,35.172680543657734
bs_01060.png,0.14827212603487475,True,31.168919459711223
bs_01061.png,0.11855441306236088,True,35.0949948172807
bs_01062.png,0.09263375808007959,True,35.640582563256295
bs_01063.png,0.12168946663827858,True,35.13160779862852
bs_01064.png,0.053232046739677345,True,30.09958424267999
bs_01065.png,0.0722584408650617,True,33.24007802843387
bs_01066.png,0.1290233385783196,True,35.00473395938334
bs_01067.png,0.06737891825982827,True,33.21728928018684
bs_01068.png,0.0815502902930434,True,34.781154601497136
bs_01069.png,0.060634529846938214,True,36.43425242724706
bs_01070.png,0.13134915096780586,True,35.22280093961426
bs_01071.png,0.11410611317412202,True,35.93217161158569
bs_01072.png,0.09109187758596397,True,31.947978076498554
bs_01073.png,0.08050059731430739,True,31.789152111992976
bs_01074.png,0.140240261312262,True,36.70700768232142
bs_01075.png,0.1297886956926793,True,33.41240254707231
bs_01076.png,0.11218823998256702,True,32.20237749939013
bs_01077.png,0.1159169895222737,True,33.356507009550434
bs_01078.png,0.07638819772686717,True,36.16708590544977
bs_01079.png,0.14555958877082353,True,34.44211766159502
bs_01080.png,0.11811773354312426,True,35.45426635581607
bs_01081.png,0.0535128391727477,True,37.24934534926149
bs_01082.png,0.08147137325669614,True,34.8545466895946
bs_01083.png,0.0520132364992902,True,32.272836588317915
bs_01084.png,0.10480189686787802,True,33.27708014336365
bs_01085.png,0.11893793628384643,True,29.83792067226971
bs_01086.png,0.1063579637483154,True,31.460204913932728
bs_01087.png,0.07642667791169828,True,32.960506147383185
bs_01088.png,0.05489739263785174,True,34.740457136992056
bs_01089.png,0.1404441331988212,True,32.9015045964363
bs_01090.png,0.12706368574973004,True,30.279498103544316
bs_01091.png,0.14773273372268753,True,34.03076299527189
bs_01092.png,0.09560953875071292,True,34.71130649792998
bs_01093.png,0.13956760043408017,True,33.32985478980082
bs_01094.png,0.1473161979623361,True,36.15175578499765
bs_01095.png,0.1468859226306194,True,33.03180730172209
bs_01096.png,0.1007087121829563,True,34.55932763179325
bs_01097.png,0.09690930194941969,True,35.19620151815063
bs_01098.png,0.09838700300466402,True,25.890780252170504
bs_01099.png,0.06849060886951289,True,37.680181147759185
bs_01100.png,0.05207721695657194,True,33.374986621387286
bs_01101.png,0.08258713432705908,True,29.023288440762972
bs_01102.png,0.13291996344091758,True,30.268184866313625
bs_01103.png,0.12126923581053367,True,31.72196376502038
bs_01104.png,0.09718330550710638,True,36.94480308825096
bs_01105.png,0.1476813184496631,True,33.62388563088595
bs_01106.png,0.13932147799554367,True,33.297292267185284
bs_01107.png,0.12427776134149612,True,38.35741513341621
bs_01108.png,0.09547608222291212,True,34.96576101370308
bs_01109.png,0.148997960929456,True,34.98082458894179
bs_01110.png,0.0845950448251098,True,38.38674194536069
bs_01111.png,0.11141523245785445,True,30.898123093566213
bs_01112.png,0.06659021646571986,True,36.274293780408186
bs_01113.png,0.08262983840988902,True,30.855639736956437
bs_01114.png,0.13663388575067514,True,36.37010160845651
bs_01115.png,0.08261626974224688,True,35.639285491850906
bs_01116.png,0.10545702503026841,True,32.37357519369071
bs_01117.png,0.13764239575697917,True,37.851835722005546
bs_01118.png,0.09333190308367267,True,32.82511113127534
bs_01119.png,0.1278275212444464,True,35.70250633242161
bs_01120.png,0.07405349886214099,True,34.54042196655715
bs_01121.png,0.1173807012951424,True,33.0504737137361
bs_01122.png,0.0972763398555925,True,30.276639876442978
bs_01123.png,0.09320470307924952,True,33.29841889388386
bs_01124.png,0.09291346291223734,True,37.44844395037326
bs_01125.png,0.07534921070392922,True,35.71103012117036
bs_01126.png,0.07831719327207642,True,34.41891353006879
bs_01127.png,0.10851937805613758,True,28.519533600400816
bs_01128.png,0.13255323216094822,True,35.68377445180677
bs_01129.png,0.058145429841647035,True,29.79509242988157
bs_01130.png,0.05803863408852326,True,31.590232354969498
bs_01131.png,0.08088345277877361,True,35.940467712401144
bs_01132.png,0.10991698515968318,True,32.25803957353832
bs_01133.png,0.06897528712277287,True,30.489238013839326
bs_01134.png,0.13012978764851907,True,38.06379386207855
bs_01135.png,0.10055973503622592,True,37.149009180956945
bs_01136.png,0.11898822891869719,True,31.442917039904295
bs_01137.png,0.11701635331389015,True,37.81574508871583
bs_01138.png,0.06960240366740619,True,32.47927496155587
bs_01139.png,0.09690997185436821,True,32.56688836834209
bs_01140.png,0.11132320684000006,True,31.89151408081136
bs_01141.png,0.09601833205109386,True,33.13005964494802
bs_01142.png,0.12821486355353817,True,33.466201447419294
bs_01143.png,0.07182759107144973,True,36.341847275844884
bs_01144.png,0.08972879087188354,True,31.163144054752046
bs_01145.png,0.0555775447139384,True,35.47146323955019
bs_01146.png,0.07951279075315501,True,31.69704100207261
bs_01147.png,0.08728905129048416,True,34.43303399873275
bs_01148.png,0.07815124599558641,True,31.063198861070056
bs_01149.png,0.13146416467007235,True,37.40832610472647
bs_01150.png,0.08405178679214936,True,34.462837079904546
bs_01151.png,0.06072511415006742,True,31.261055110157653
bs_01152.png,0.051719991285578054,True,33.841497113289584
bs_01153.png,0.1116033094894,True,33.43951680259206
bs_01154.png,0.07981789620090479,True,34.16343856092602
bs_01155.png,0.07568035357630544,True,34.087376881820184
bs_01156.png,0.06844153349406615,True,35.95087321139948
bs_01157.png,0.07468139870357127,True,38.05151965054948
bs_01158.png,0.09871741012144736,True,31.77282700694294
bs_01159.png,0.12870051283457057,True,31.79661172491747
bs_01160.png,0.125373030694426,True,38.51273707082896
bs_01161.png,0.1109379191756275,True,34.63263713384653
bs_01162.png,0.07234685076844036,True,30.74927359597662
bs_01163.png,0.1493801278034777,True,33.69129526404343
bs_01164.png,0.08011682474431034,True,30.206044193239222
bs_01165.png,0.06745163230646843,True,32.44432601160869
bs_01166.png,0.0917298661561399,True,38.17508136666527
bs_01167.png,0.1426781111285063,True,35.12823739191892
bs_01168.png,0.09646951003179371,True,29.544829143129554
bs_01169.png,0.13767464791830625,True,30.792313079568796
bs_01170.png,0.08988389586623827,True,37.05894275996927
bs_01171.png,0.06156896732143741,True,30.01690576954232
bs_01172.png,0.10066316193640294,True,36.154903814602946
bs_01173.png,0.08106731390152033,True,32.73641458665266
bs_01174.png,0.0551924574609615,True,34.75656139285344
bs_01175.png,0.08995133594983369,True,34.03870996062139
bs_01176.png,0.11107874756792163,True,29.008421796726786
bs_01177.png,0.07507191408463676,True,40.138125370776166
bs_01178.png,0.10124170537889397,True,37.52814726548685
bs_01179.png,0.13395393716216814,True,34.96329649982711
bs_01180.png,0.07110650003549182,True,28.500957438366285
bs_01181.png,0.0876306563520125,True,37.211555262096105
bs_01182.png,0.14234502504962807,True,35.66116589965955
bs_01183.png,0.13332327564623164,True,34.42440867376507
bs_01184.png,0.0510829064642862,True,35.1050476510526
bs_01185.png,0.1461610783269623,True,31.12958114977902
bs_01186.png,0.0783405728221911,True,36.092947465189276
bs_01187.png,0.1275636077993681,True,37.68349382216482
bs_01188.png,0.0857307194741824,True,39.11040611192464
bs_01189.png,0.08395319199090014,True,34.7763513241175
bs_01190.png,0.12154703601422932,True,32.45405518848831
bs_01191.png,0.0740322919277247,True,34.01977699467097
bs_01192.png,0.11291441566621367,True,35.38697141125762
bs_01193.png,0.05461478946775627,True,38.83460858118123
bs_01194.png,0.11367240195829671,True,31.335523989703624
bs_01195.png,0.1177379513963671,True,30.975751629987723
bs_01196.png,0.12865697348355126,True,34.17917006316181
bs_01197.png,0.11248717262640717,True,36.65668780848486
bs_01198.png,0.0504898844069445,True,37.49331104024423
bs_01199.png,0.1079722486325642,True,37.97478645132978
bs_01200.png,0.10152193266908574,True,39.005197580438484
bs_01201.png,0.06818915873485663,True,35.05797695463577
bs_01202.png,0.10706048556752445,True,33.791532206154265
bs_01203.png,0.08975101623220111,True,30.743564967324435
bs_01204.png,0.058368360982077705,True,34.87266163683931
bs_01205.png,0.0646754183059907,True,34.5749569748937
bs_01206.png,0.07103690153845395,True,34.898322903178155
bs_01207.png,0.08347672244231776,True,34.098914291823604
bs_01208.png,0.06789609669229746,True,30.49626355958717
bs_01209.png,0.05344716393900775,True,33.376967396890194
bs_01210.png,0.12637790527660792,True,37.81691212392856
bs_01211.png,0.10599225689086317,True,33.59250548992619
bs_01212.png,0.06271216617301371,True,29.466274282406427
bs_01213.png,0.09325715943289396,True,30.185362399297404
bs_01214.png,0.10886995846409697,True,35.5270633275832
bs_01215.png,0.06553090048738303,True,34.17461064792947
bs_01216.png,0.07122968563356398,True,32.71991765062939
bs_01217.png,0.07198902195841042,True,34.43285299049376
bs_01218.png,0.06814499791773283,True,29.069473987515227
bs_01219.png,0.1290629879238439,True,32.77053685460787
bs_01220.png,0.07306962056297048,True,37.34032960146865
bs_01221.png,0.06746296125429464,True,33.33503978807519
bs_01222.png,0.13874617132014103,True,33.14477554512426
bs_01223.png,0.14768721831194492,True,36.01673279584064
bs_01224.png,0.10469130576741964,True,29.368844809448753
bs_01225.png,0.13112946354601412,True,37.8234516764796
bs_01226.png,0.09327305710132153,True,34.25067970495468
bs_01227.png,0.05562051934673826,True,32.4647995948268
bs_01228.png,0.14901043333716338,True,32.42652075145188
bs_01229.png,0.06066990768156619,True,35.11748067104827
bs_01230.png,0.0663927670777011,True,36.764838988229506
bs_01231.png,0.13556053883865143,True,38.37789432858261
bs_01232.png,0.0541968291998918,True,34.96339236916278
bs_01233.png,0.08689208781248015,True,32.30413233369465
bs_01234.png,0.10648019834494518,True,36.0132993920337
bs_01235.png,0.14469123891413285,True,39.533600767465714
bs_01236.png,0.13565475832365242,True,37.236345917641216
bs_01237.png,0.13555200182791197,True,36.37229500567773
bs_01238.png,0.1477282617685739,True,35.68702609833935
bs_01239.png,0.08515589087490891,True,32.25212435651023
bs_01240.png,0.08531698055616815,True,33.03080440746276
bs_01241.png,0.1426353929618308,True,39.60261390655238
bs_01242.png,0.07435033636981306,True,34.43201309785893
bs_01243.png,0.054246453524468635,True,33.05394075263621
bs_01244.png,0.061480776081355465,True,33.947769280659074
bs_01245.png,0.14154806197678915,True,31.91652787578304
bs_01246.png,0.06466665498430975,True,34.06134532096104
bs_01247.png,0.14819391888653521,True,34.92518085147325
bs_01248.png,0.12501514771955552,True,31.3166768867898
bs_01249.png,0.05934904249261844,True,34.92367962787269
bs_01250.png,0.0872680738079912,True,32.84550226455969
bs_01251.png,0.0602388546628726,True,38.745905235216156
bs_01252.png,0.10737290120063374,True,35.759653576290184
bs_01253.png,0.09601499612262651,True,32.876466914913784
bs_01254.png,0.14656928861816915,True,38.72998473477534
bs_01255.png,0.06072567145688217,True,34.01367975101672
bs_01256.png,0.08996889727927902,True,35.92946697828368
bs_01257.png,0.057149274765573556,True,36.51667725186052
bs_01258.png,0.10707270108492693,True,36.98600907980338
bs_01259.png,0.06136367221109538,True,39.12397038827776
bs_01260.png,0.06479591628248779,True,37.95593194991201
bs_01261.png,0.11980347385169757,True,36.78931305413271
bs_01262.png,0.07363163556244487,True,35.507372447948725
bs_01263.png,0.0661912291637829,True,38.95908098433688
bs_01264.png,0.06646300188543429,True,37.26240912840689
bs_01265.png,0.13733875777749796,True,36.719009752067784
bs_01266.png,0.05517505312106798,True,34.82913687032408
bs_01267.png,0.14410105367853204,True,36.47515614170776
bs_01268.png,0.05283522173170915,True,36.67057262324721
bs_01269.png,0.12734022369641268,True,35.87040037319474
bs_01270.png,0.08411008843682932,True,33.54748105573089
bs_01271.png,0.1237091623343169,True,35.81582293726936
bs_01272.png,0.12679173113250525,True,28.885193427939132
bs_01273.png,0.14228312818848388,True,30.62721885654659
bs_01274.png,0.11398911007184388,True,29.558215325627927
bs_01275.png,0.06097780058931031,True,32.40140440588735
bs_01276.png,0.10051124095540082,True,34.13067053676556
bs_01277.png,0.10548336672572077,True,32.69157815098897
bs_01278.png,0.11712049438739632,True,33.70995955936635
bs_01279.png,0.10056436196800522,True,36.58609666704357
bs_01280.png,0.08682916610596209,True,32.49889841697844
bs_01281.png,0.14461382204466786,True,33.76761530494085
bs_01282.png,0.10093901384518139,True,32.201369041877534
bs_01283.png,0.10935376547390951,True,37.23457546195279
bs_01284.png,0.1245272288035298,True,32.580488746048566
bs_01285.png,0.05603962517446737,True,32.442950938105014
bs_01286.png,0.07669766485373057,True,32.05883723655773
bs_01287.png,0.08444004030922768,True,35.40193143780167
bs_01288.png,0.14841539437081558,True,37.641593838661144
bs_01289.png,0.11675582717918323,True,38.13664796601696
bs_01290.png,0.13288960330596178,True,34.78246021417352
bs_01291.png,0.10376230682304169,True,36.38491713033403
bs_01292.png,0.07644384982793213,True,32.84018235003914
bs_01293.png,0.09593636243921688,True,36.99215007996342
bs_01294.png,0.08695800794768997,True,34.27584220781295
bs_01295.png,0.08556236529141559,True,33.372360530690585
bs_01296.png,0.07176627443043015,True,35.46861429765878
bs_01297.png,0.06798080320862027,True,36.274132440391035
bs_01298.png,0.052489935952569095,True,29.569786034212157
bs_01299.png,0.1422133367411927,True,35.717533752781065
bs_01300.png,0.06374468246220244,True,29.21898752851556
bs_01301.png,0.11938868587306387,True,29.89723586024192
bs_01302.png,0.10670612908456231,True,31.371970934310326
bs_01303.png,0.11796355292094392,True,33.2676262805437
bs_01304.png,0.08795240684117375,True,36.29449705244269
bs_01305.png,0.07848471695331546,True,38.81037108162725
bs_01306.png,0.12289401811747287,True,36.43556937868898
bs_01307.png,0.12141832481118071,True,34.98112620149486
bs_01308.png,0.1409262043527938,True,33.1851133604199
bs_01309.png,0.09275614348046718,True,35.413705544871476
bs_01310.png,0.07788522404394546,True,31.821224888504833
bs_01311.png,0.07375013759660486,True,33.389610191120134
bs_01312.png,0.08031982335230928,True,37.704109817979706
bs_01313.png,0.06602668690989674,True,33.114279899167464
bs_01314.png,0.14971795019528347,True,34.391459451394205
bs_01315.png,0.1055990150238631,True,35.6642617063287
bs_01316.png,0.06352112864086419,True,34.37451719259188
bs_01317.png,0.0767414189722184,True,32.86604742531057
bs_01318.png,0.06566745655898718,True,36.802138791399116
bs_01319.png,0.06696798427353934,True,29.898596296593126
bs_01320.png,0.12320829031970061,True,34.45782217314884
bs_01321.png,0.14541089170180685,True,37.04886183780732
bs_01322.png,0.09448247814547747,True,31.644043140470927
bs_01323.png,0.0951029915712267,True,37.32784481523601
bs_01324.png,0.14524382287336474,True,33.35540346582255
bs_01325.png,0.07917952613087818,True,37.13200932929027
bs_01326.png,0.10492347229712964,True,35.69137969333702
bs_01327.png,0.14570131715041879,True,36.98808680914639
bs_01328.png,0.09279957185026358,True,34.84755766529506
bs_01329.png,0.1020400513933534,True,35.31029393079145
bs_01330.png,0.07627504993539355,True,30.711140164409613
bs_01331.png,0.09642708930373625,True,29.286981982087767
bs_01332.png,0.12172238370760914,True,32.46057059693143
bs_01333.png,0.0539417908936964,True,36.522513686759865
bs_01334.png,0.13141303601794435,True,35.16618417954416
bs_01335.png,0.13180323071236,True,32.89213093965571
bs_01336.png,0.09253089971073603,True,29.201257482628513
bs_01337.png,0.05252354847199808,True,36.3149270704806
bs_01338.png,0.10110677798997345,True,34.085576763803196
bs_01339.png,0.11950971407781126,True,35.90817368307514
bs_01340.png,0.1112768113792637,True,35.0953187392908
bs_01341.png,0.14300492356799854,True,34.62883940031575
bs_01342.png,0.10869784459777015,True,37.35323265776847
bs_01343.png,0.1356101303619695,True,33.21525748643411
bs_01344.png,0.06772062320186781,True,32.330042949974064
bs_01345.png,0.14375912955129388,True,32.6579824585765
bs_01346.png,0.11469229344261397,True,35.453128673807825
bs_01347.png,0.05339258830351711,True,32.74748583162931
bs_01348.png,0.14167771273973162,True,34.66777796863518
bs_01349.png,0.0958011513883129,True,31.454959368098496
bs_01350.png,0.12049854308212316,True,34.532435473808796
bs_01351.png,0.08494703870551881,True,34.254641052061
bs_01352.png,0.050637327176904806,True,35.013434173585466
bs_01353.png,0.12884073357267706,True,35.88045231495038
bs_01354.png,0.10348445842697154,True,37.157718619679976
bs_01355.png,0.07984011639582006,True,39.501042302510555
bs_01356.png,0.10084393943338507,True,36.94405844275441
bs_01357.png,0.05909099617298628,True,34.69079354994405
bs_01358.png,0.13601208608395451,True,33.839235220215976
bs_01359.png,0.10471976531693881,True,34.03641787773578
bs_01360.png,0.1429288926740344,True,34.65813193085316
bs_01361.png,0.0595123624689182,True,34.99836572033635
bs_01362.png,0.12934087744713935,True,32.260479948781224
bs_01363.png,0.118997894120873,True,28.952182986328157
bs_01364.png,0.13992345444649074,True,32.99965820567529
bs_01365.png,0.08853622475754465,True,37.19800355738981
bs_01366.png,0.1273359127693624,True,37.054783785195816
bs_01367.png,0.08816015460409818,True,35.33044217426465
bs_01368.png,0.11203356744872783,True,33.13342587525624
bs_01369.png,0.09476448770879531,True,34.063956274690945
bs_01370.png,0.11641714475302235,True,34.056285441805684
bs_01371.png,0.1174265735575048,True,35.73285878490037
bs_01372.png,0.08437545350159706,True,31.429985286584746
bs_01373.png,0.13340358293033588,True,34.595998500999706
bs_01374.png,0.07325994108802983,True,35.16267977780194
bs_01375.png,0.11844979834167182,True,34.06229135063653
bs_01376.png,0.10972849315462463,True,32.268139740428964
bs_01377.png,0.13833944909556745,True,39.07032762202817
bs_01378.png,0.08624311470987156,True,40.646883707497345
bs_01379.png,0.06830864957499957,True,33.44555765716186
bs_01380.png,0.06563918074352706,True,29.885021328013913
bs_01381.png,0.07734485914488563,True,33.33960135097534
bs_01382.png,0.10056495213360894,True,37.98338497841844
bs_01383.png,0.09908240526625675,True,31.355628328537186
bs_01384.png,0.11325399308968206,True,31.46286693603914
bs_01385.png,0.06834873616663412,True,35.33125135002261
bs_01386.png,0.09790681163645848,True,27.779493287370194
bs_01387.png,0.08699016190253792,True,36.90161692987367
bs_01388.png,0.13194187114464268,True,29.06128318844153
bs_01389.png,0.077005466291762,True,36.04069412489395
bs_01390.png,0.14810323952729154,True,32.06416693655973
bs_01391.png,0.11039896589643555,True,36.27356491688453
bs_01392.png,0.14835583661299107,True,34.70869287411129
bs_01393.png,0.0790267602777168,True,32.865919270264456
bs_01394.png,0.08433017968245948,True,34.545426797901285
bs_01395.png,0.08908395964049423,True,33.87532634893091
bs_01396.png,0.14531647939371797,True,30.90929216838228
bs_01397.png,0.12930073212293,True,38.409736241902195
bs_01398.png,0.10540999571868989,True,27.16485668628176
bs_01399.png,0.10542064521238757,True,34.807960401138956
bs_01400.png,0.14076190592661783,True,28.43077571632835
bs_01401.png,0.14791952491814347,True,36.43444374159556
bs_01402.png,0.09735035892021607,True,30.508258298381055
bs_01403.png,0.13529133001268162,True,36.24973692083663
bs_01404.png,0.1051028512250583,True,34.55146715220256
bs_01405.png,0.08035046448695518,True,33.34158291459518
bs_01406.png,0.10370692633196218,True,32.46343719348377
bs_01407.png,0.12522815087873623,True,31.934465915077872
bs_01408.png,0.0798062563850934,True,33.54352780688206
bs_01409.png,0.09899841147207833,True,35.95927079647182
bs_01410.png,0.06733652704269373,True,32.11205959810061
bs_01411.png,0.1378475961937809,True,34.27074880636016
bs_01412.png,0.12600784087702854,True,36.33837661891369
bs_01413.png,0.06785756370798936,True,29.83055307051391
bs_01414.png,0.06439593090072811,True,37.0639695478769
bs_01415.png,0.11114416923392612,True,36.161328837058065
bs_01416.png,0.12458712183618359,True,34.82303524184598
bs_01417.png,0.13787666692980555,True,34.791485593768094
bs_01418.png,0.1274131006118015,True,37.56026761233108
bs_01419.png,0.12030083936924854,True,40.3386717535249
bs_01420.png,0.07283593253927882,True,31.739849076624516
bs_01421.png,0.05915614185585355,True,34.000193980865646
bs_01422.png,0.11730460343307134,True,31.444439396724167
bs_01423.png,0.1290386094186719,True,34.3511320339737
bs_01424.png,0.05454813700000186,True,35.2056389346931
bs_01425.png,0.09023911979965563,True,31.297587406360226
bs_01426.png,0.07670623577474814,True,37.586387021333515
bs_01427.png,0.1147159603990218,True,30.291406481031604
bs_01428.png,0.11190847682232205,True,35.33418558658816
bs_01429.png,0.11041460676505543,True,30.759244867709445
bs_01430.png,0.054089771633007724,True,31.81854722279756
bs_01431.png,0.11062245275944557,True,36.189477327367236
bs_01432.png,0.08227923852951585,True,33.000872222962386
bs_01433.png,0.07763858397211823,True,32.259437906537194
bs_01434.png,0.09109146880222777,True,35.83343690415242
bs_01435.png,0.11246399322980716,True,31.94839091760744
bs_01436.png,0.13939707638859972,True,34.24740572994141
bs_01437.png,0.117664703477592,True,38.60009430017178
bs_01438.png,0.10742043442569327,True,33.71462820535159
bs_01439.png,0.08656141867525019,True,37.777466863933896
bs_01440.png,0.1488753962348512,True,31.860866505756
bs_01441.png,0.1345273148186685,True,31.756657722164366
bs_01442.png,0.07124140997759376,True,33.99413607967048
bs_01443.png,0.12236419041530279,True,31.115233284079288
bs_01444.png,0.1250667885333102,True,33.16612245683327
bs_01445.png,0.0684421980702405,True,31.48160855699433
bs_01446.png,0.0653777830328289,True,39.07696937836471
bs_01447.png,0.06516270659035592,True,34.935949540735464
bs_01448.png,0.08681535802554141,True,32.67313563381703
bs_01449.png,0.09800323156442053,True,32.17641059315162
bs_01450.png,0.0912683186399453,True,34.64420271895273
bs_01451.png,0.09896870819323766,True,32.75139823311375
bs_01452.png,0.08865151831666095,True,35.08863766168618
bs_01453.png,0.14318512510333364,True,33.99917009342967
bs_01454.png,0.0626008943718328,True,37.78059987860275
bs_01455.png,0.10892600095763372,True,33.59158731615774
bs_01456.png,0.12278750350345007,True,36.23171559114558
bs_01457.png,0.1294825513883161,True,34.11818566931932
bs_01458.png,0.07035249585990463,True,34.2477878526183
bs_01459.png,0.06912482270790513,True,35.45657960739459
bs_01460.png,0.13625212961144348,True,36.752055233960675
bs_01461.png,0.08788348304057685,True,37.37152330347905
bs_01462.png,0.07588134248860307,True,30.31596825164597
bs_01463.png,0.14580038111246885,True,31.610358818508747
bs_01464.png,0.11661876271886573,True,33.05170476500602
bs_01465.png,0.11786178822240258,True,33.0192349754244
bs_01466.png,0.08265759863007137,True,32.935532335980874
bs_01467.png,0.0688491140950499,True,31.996596125362164
bs_01468.png,0.1423862085926048,True,37.37343212757171
bs_01469.png,0.11238400066390897,True,27.728407837426964
bs_01470.png,0.10659283417745613,True,33.08134204711844
bs_01471.png,0.11209736774546158,True,39.34738145739856
bs_01472.png,0.0628129051995587,True,36.61631382737467
bs_01473.png,0.10764577466231792,True,34.285038167435474
bs_01474.png,0.1193705634840174,True,31.2766840266979
bs_01475.png,0.058131396144586046,True,32.62763783783043
bs_01476.png,0.07414890826432471,True,34.39203937302251
bs_01477.png,0.11051224184290567,True,31.898031441060777
bs_01478.png,0.08625978781131384,True,31.219536936303243
bs_01479.png,0.13373683262660513,True,41.89477048736177
bs_01480.png,0.07038354155143611,True,31.339774287845717
bs_01481.png,0.06671724928824832,True,36.88580706498755
bs_01482.png,0.10102485045151376,True,32.00015144540259
bs_01483.png,0.07619250417667751,True,32.065002479397144
bs_01484.png,0.11965304328273395,True,36.378780031379165
bs_01485.png,0.08852505036180933,True,37.1451028422818
bs_01486.png,0.13844025663228682,True,34.431326033770226
bs_01487.png,0.13138355356753523,True,34.438370531040206
bs_01488.png,0.11193029665636436,True,33.484755395598214
bs_01489.png,0.05884057606870165,True,38.80071331464991
bs_01490.png,0.14761576018462913,True,34.94934028819571
bs_01491.png,0.13381017391400307,True,35.868396447382786
bs_01492.png,0.05298266492670607,True,38.84178373827049
bs_01493.png,0.12540209073580028,True,30.39882628001969
bs_01494.png,0.12104259686418464,True,38.47282880935031
bs_01495.png,0.1321382621473069,True,35.275794119972474
bs_01496.png,0.06763300482617546,True,34.666766037595956
bs_01497.png,0.1407629806128911,True,35.907538162530955
bs_01498.png,0.13852007625158802,True,29.246386000045405
bs_01499.png,0.05203315258806404,True,34.99090250974342
bs_01500.png,0.11638801020218092,True,32.82640430770303
bs_01501.png,0.058552459458685015,True,29.509336709856452
bs_01502.png,0.13435041774799944,True,37.03610121969374
bs_01503.png,0.08176900912001711,True,35.86058118506144
bs_01504.png,0.14878875082769122,True,33.34686857207656
bs_01505.png,0.12373230284379483,True,29.28838003319597
bs_01506.png,0.0744334665181737,True,35.269129215833566
bs_01507.png,0.06332180747039189,True,35.56610668744875
bs_01508.png,0.1337085033021696,True,37.00358567323181
bs_01509.png,0.14023893493218081,True,37.81468927426667
bs_01510.png,0.14073649859705845,True,31.931124506504528
bs_01511.png,0.13652356860442838,True,30.381606645826913
bs_01512.png,0.1363396795729645,True,37.549926670714044
bs_01513.png,0.057959236703414456,True,34.35919486562795
bs_01514.png,0.06479450181881144,True,33.011308048223675
bs_01515.png,0.08485951807916312,True,35.104041870032425
bs_01516.png,0.1130413220219904,True,37.841205341505656
bs_01517.png,0.07189068615848662,True,35.725824289455
bs_01518.png,0.11251394682481844,True,33.76503909500907
bs_01519.png,0.11653061365547723,True,31.467159951758727
bs_01520.png,0.07030563697694056,True,35.02905685715152
bs_01521.png,0.09019160814735508,True,33.403360794626906
bs_01522.png,0.1382530613259464,True,32.65680046855479
bs_01523.png,0.058337989186612864,True,30.271553178701787
bs_01524.png,0.10670065164689888,True,31.423050353245724
bs_01525.png,0.11010102434178423,True,33.874459140036805
bs_01526.png,0.06170574091683162,True,32.29465687164926
bs_01527.png,0.13394138733401895,True,39.007324267483426
bs_01528.png,0.0548197703954079,True,34.678559660905144
bs_01529.png,0.05468736388760225,True,32.63402412611025
bs_01530.png,0.053434875890704996,True,35.1701885262273
bs_01531.png,0.08163257882588265,True,36.483374551117834
bs_01532.png,0.058827754051676964,True,34.94468261009973
bs_01533.png,0.07764303063501218,True,37.60734298365178
bs_01534.png,0.11936582823220762,True,31.080541291824222
bs_01535.png,0.09089565518721435,True,33.918719801396286
bs_01536.png,0.07325241967409388,True,37.08001782694503
bs_01537.png,0.06450966894835225,True,35.65758732531991
bs_01538.png,0.14425727680034522,True,34.16344299105985
bs_01539.png,0.10505646912233288,True,34.902192661651384
bs_01540.png,0.11321159645189355,True,33.38381393897533
bs_01541.png,0.14521433531216305,True,37.229591507357355
bs_01542.png,0.06433202316985102,True,34.16212123960203
bs_01543.png,0.08663728700872189,True,33.74754501520033
bs_01544.png,0.1439844969547731,True,37.46389630830641
bs_01545.png,0.14401052571527892,True,34.52918503097278
bs_01546.png,0.07270832743834049,True,36.51265317345513
bs_01547.png,0.06494839279118313,True,35.6821338292126
bs_01548.png,0.0559890232061681,True,34.28193395847471
bs_01549.png,0.07342518874478521,True,31.34342792151498
bs_01550.png,0.05918689685118972,True,34.88092017853829
bs_01551.png,0.11589795412996619,True,36.30703264871246
bs_01552.png,0.13138296005376665,True,31.779419793963122
bs_01553.png,0.12022586217255334,True,33.78931081209403
bs_01554.png,0.11746169656037443,True,36.37025477147735
bs_01555.png,0.11493358585077704,True,31.217562145242994
bs_01556.png,0.12185656730514421,True,37.39055626425405
bs_01557.png,0.12231548524436267,True,31.39964484566901
bs_01558.png,0.05917374780981277,True,37.10929456149827
bs_01559.png,0.13052286573327662,True,37.92665932112195
bs_01560.png,0.13070306137260929,True,39.33373750643479
bs_01561.png,0.1435848091082568,True,31.43632836897892
bs_01562.png,0.12602782688531383,True,33.103070621881876
bs_01563.png,0.06132868792736215,True,36.38425515868001
bs_01564.png,0.08900080905759503,True,34.89889170736154
bs_01565.png,0.12895829676127246,True,37.749858596864456
bs_01566.png,0.06642147480028607,True,32.12612447929662
bs_01567.png,0.13356782972788744,True,38.722237418315714
bs_01568.png,0.0759291806575484,True,33.31569822007328
bs_01569.png,0.1434867779164132,True,38.115335501721944
bs_01570.png,0.13866767633307833,True,33.71691084794001
bs_01571.png,0.09051969439380458,True,34.395810284973145
bs_01572.png,0.12084613988676107,True,33.31304726280515
bs_01573.png,0.09651902365955897,True,31.67045998113958
bs_01574.png,0.11443441449271337,True,36.046044611065724
bs_01575.png,0.05509253108498294,True,34.61675298285096
bs_01576.png,0.10815711592233535,True,35.61985098305656
bs_01577.png,0.07078185538517634,True,36.62613317769864
bs_01578.png,0.08493001837031203,True,36.814779000352296
bs_01579.png,0.09738221836518543,True,34.87751837617956
bs_01580.png,0.055861185785592495,True,32.8037274128342
bs_01581.png,0.05422755906845722,True,32.50598900287711
bs_01582.png,0.06685182245446156,True,36.93914832513323
bs_01583.png,0.07649873829140409,True,33.27937815802454
bs_01584.png,0.07007914355897946,True,34.564005479147355
bs_01585.png,0.08881884231923941,True,37.271515952012436
bs_01586.png,0.12215708922078916,True,36.36914740667987
bs_01587.png,0.09078706076323162,True,33.27197755286255
bs_01588.png,0.07308818896447052,True,29.892992047142467
bs_01589.png,0.09378610621591033,True,34.798828960960876
bs_01590.png,0.06164258616601284,True,29.604307466315298
bs_01591.png,0.1382088866200418,True,34.27875735689061
bs_01592.png,0.11729538052561592,True,34.767359345315
bs_01593.png,0.056033255639627355,True,31.86856429947271
bs_01594.png,0.1389249619595685,True,33.373511973850526
bs_01595.png,0.14842864405688544,True,32.62930541030859
bs_01596.png,0.09323015609976001,True,38.54323990519781
bs_01597.png,0.09221427346284888,True,31.81584592073614
bs_01598.png,0.08396063385329888,True,31.114011703446533
bs_01599.png,0.09960385780115741,True,31.605547309445626
bs_01600.png,0.13967217393393594,True,36.7683902628537
bs_01601.png,0.11098654977252652,True,36.469003278008486
bs_01602.png,0.05318940280968128,True,33.274504632794894
bs_01603.png,0.05525906401921674,True,34.00738505487996
bs_01604.png,0.09671375739980054,True,33.57041141490416
bs_01605.png,0.09109531635700889,True,30.85222199949563
bs_01606.png,0.08611048344585448,True,34.831145098796995
bs_01607.png,0.07016501047495097,True,38.793276287258976
bs_01608.png,0.11390249284178017,True,36.805686521005406
bs_01609.png,0.14563193825087262,True,33.71295455039708
bs_01610.png,0.07070239445860206,True,26.4871497787389
bs_01611.png,0.06417119881632033,True,33.3089159294462
bs_01612.png,0.11080208980612063,True,39.13041112033541
bs_01613.png,0.14794629663523143,True,36.17246362435057
bs_01614.png,0.12840457279184597,True,29.994019253855658
bs_01615.png,0.07058426057462752,True,33.7818280708627
bs_01616.png,0.14805178415305453,True,32.098400836432404
bs_01617.png,0.11915508797215073,True,32.211473214356275
bs_01618.png,0.05701510809407223,True,32.37038497964489
bs_01619.png,0.13802413498871968,True,38.8143508662361
bs_01620.png,0.08277943606393642,True,33.27577703012971
bs_01621.png,0.06465005426280564,True,30.58832115489183
bs_01622.png,0.1114615939905165,True,33.8987766752407
bs_01623.png,0.061056171130195715,True,37.17536556662453
bs_01624.png,0.1178626911642295,True,38.016728025304786
bs_01625.png,0.056623667439705386,True,36.430093423879754
bs_01626.png,0.12261520670282383,True,34.25099250187905
bs_01627.png,0.13272436788620756,True,35.59475240273676
bs_01628.png,0.14317078231735247,True,34.7596867632532
bs_01629.png,0.10479510180226681,True,32.11946181909313
bs_01630.png,0.10764263482565595,True,31.90417939312225
bs_01631.png,0.12388653752279395,True,30.405665938165694
bs_01632.png,0.10092095032679127,True,35.347173358582175
bs_01633.png,0.08173901397149812,True,32.65107484678674
bs_01634.png,0.146211391481238,True,33.70178674735584
bs_01635.png,0.14825878510746182,True,34.63216235887557
bs_01636.png,0.050920614000879674,True,28.90087052377826
bs_01637.png,0.11380958568920803,True,33.95709640023548
bs_01638.png,0.12788752322715236,True,39.2761746115182
bs_01639.png,0.09838169220404602,True,35.06690895915151
bs_01640.png,0.11757267843486909,True,34.847759922152804
bs_01641.png,0.09389209533121093,True,30.66004971026625
bs_01642.png,0.1424550855645254,True,31.48719929418391
bs_01643.png,0.09622380149351734,True,32.15582283528335
bs_01644.png,0.0940356998651656,True,31.733022886303353
bs_01645.png,0.11927953798447884,True,31.224113302768302
bs_01646.png,0.11528837284424835,True,32.951533233462236
bs_01647.png,0.05083347694313059,True,35.32128743509597
bs_01648.png,0.1238786595290995,True,29.94853473569613
bs_01649.png,0.10850414640013797,True,40.16332480902909
bs_01650.png,0.072501688268722,True,35.173318864232826
bs_01651.png,0.13783169163031656,True,33.719919438316005
bs_01652.png,0.06717589198891896,True,30.102142179633056
bs_01653.png,0.08255069642139753,True,36.873626792819636
bs_01654.png,0.13660221350411783,True,29.973408634408987
bs_01655.png,0.0631973065532931,True,34.25982248237903
bs_01656.png,0.0822788422943925,True,33.01635950308428
bs_01657.png,0.08845671695306208,True,33.90055269925697
bs_01658.png,0.11115444458485413,True,35.318653206194924
bs_01659.png,0.0584137749341756,True,31.666936582457062
bs_01660.png,0.07405377031019184,True,32.253545328752985
bs_01661.png,0.11361684976815557,True,35.08449198363571
bs_01662.png,0.06271971182176343,True,32.983736614596964
bs_01663.png,0.1025228734020325,True,32.80899180470555
bs_01664.png,0.07836903214838838,True,33.951646747172134
bs_01665.png,0.13762352946883677,True,35.339062194207195
bs_01666.png,0.11477040301974706,True,36.42567287583043
bs_01667.png,0.11977109752564263,True,38.15219230369545
bs_01668.png,0.08494085112725543,True,36.28607337557992
bs_01669.png,0.09724899697046488,True,31.6318440871769
bs_01670.png,0.07028874616777933,True,33.846069733701235
bs_01671.png,0.10088410112104723,True,35.02587205877155
bs_01672.png,0.14678261310590235,True,30.686180987836806
bs_01673.png,0.07339427030472566,True,35.24931056212673
bs_01674.png,0.077342816412136,True,32.58048505369989
bs_01675.png,0.05570627388724907,True,37.39031224871332
bs_01676.png,0.06274049107457641,True,36.06587846514683
bs_01677.png,0.11227860021137319,True,33.94044890447579
bs_01678.png,0.0632295764541452,True,38.51855387338417
bs_01679.png,0.05257034862149806,True,35.83263524993011
bs_01680.png,0.13691530332219615,True,34.99655345758947
bs_01681.png,0.14751787568719754,True,32.386175342818085
bs_01682.png,0.10330993469026989,True,36.511309599410204
bs_01683.png,0.05534004101069469,True,36.26871662338853
bs_01684.png,0.057156756330687654,True,36.97898374069701
bs_01685.png,0.09955720317167749,True,37.06595008670317
bs_01686.png,0.06423357013591026,True,32.37605965804567
bs_01687.png,0.11422903387931595,True,36.0296070985797
bs_01688.png,0.1306074621601898,True,31.92252861073548
bs_01689.png,0.10408610588489584,True,33.92822219436445
bs_01690.png,0.06012149615964614,True,32.429666891870795
bs_01691.png,0.14862175856939283,True,34.83745060463534
bs_01692.png,0.07153470102750156,True,37.8598992926771
bs_01693.png,0.14940137462324915,True,32.93110764684028
bs_01694.png,0.12781468266640789,True,34.6784449378153
bs_01695.png,0.054136224527117686,True,34.767060000966865
bs_01696.png,0.10808646282361949,True,37.75897157203583
bs_01697.png,0.056521773781268984,True,33.08650194480738
bs_01698.png,0.12367725783497516,True,32.13118506857503
bs_01699.png,0.142308045779575,True,35.53907628144138
bs_01700.png,0.1346074662029353,True,34.711433149416806
bs_01701.png,0.14120915308235663,True,35.4608645836073
bs_01702.png,0.08817369673935015,True,35.194628360334754
bs_01703.png,0.07581870761943552,True,36.556812348767636
bs_01704.png,0.05319100685827149,True,38.29172265511651
bs_01705.png,0.10780110480946978,True,30.579429467173366
bs_01706.png,0.08450315803199002,True,34.213840000589194
bs_01707.png,0.12655851654772088,True,33.04561601097042
bs_01708.png,0.11994257538414428,True,30.277767803978207
bs_01709.png,0.08948874923107317,True,30.502034654871203
bs_01710.png,0.14436967441997656,True,37.56653639109536
bs_01711.png,0.13098271835729652,True,34.47543401296288
bs_01712.png,0.06547894053102751,True,33.837006557401935
bs_01713.png,0.12385946455209142,True,31.58238308032322
bs_01714.png,0.11170894967736086,True,37.77890475519782
bs_01715.png,0.11665478944610838,True,32.058795760448724
bs_01716.png,0.14730696716742983,True,34.30931242174585
bs_01717.png,0.05940073820949574,True,33.18567217680671
bs_01718.png,0.12404063416466356,True,36.960016394343846
bs_01719.png,0.06600993821457207,True,35.89355511420903
bs_01720.png,0.1240663537187483,True,35.00187752083283
bs_01721.png,0.06528566346839085,True,33.443774321990325
bs_01722.png,0.14868950777928058,True,34.69182710619607
bs_01723.png,0.09459714149845042,True,31.572464533560435
bs_01724.png,0.09116352061851536,True,31.57024847543378
bs_01725.png,0.08022627182971323,True,33.837528476563655
bs_01726.png,0.12283125980969038,True,31.087449090322366
bs_01727.png,0.08517881739411305,True,38.574540737153605
bs_01728.png,0.1260430905903043,True,31.557181481221814
bs_01729.png,0.10040979254538004,True,34.73736275996811
bs_01730.png,0.1402157436184423,True,37.452508314687066
bs_01731.png,0.055262161708302664,True,33.322007123669756
bs_01732.png,0.11962762596967465,True,35.00302546077057
bs_01733.png,0.13070039421010607,True,38.052786517244606
bs_01734.png,0.13727306500305667,True,34.27687070004138
bs_01735.png,0.08760640189498056,True,35.75753382631268
bs_01736.png,0.11119943095438166,True,32.33222422480172
bs_01737.png,0.08522639322847,True,36.105080070529546
bs_01738.png,0.059714672091370484,True,36.72154157604421
bs_01739.png,0.08290999973833849,True,36.90159695680912
bs_01740.png,0.13195615575398734,True,37.884741662967066
bs_01741.png,0.12989141807894647,True,38.47812334604383
bs_01742.png,0.060747104956334466,True,33.08465827226271
bs_01743.png,0.14643210483030283,True,36.53710933841209
bs_01744.png,0.11925840742052686,True,34.209165264669934
bs_01745.png,0.14959357655885788,True,34.69905686744121
bs_01746.png,0.14155180052157157,True,35.550192106349776
bs_01747.png,0.0930441793051631,True,36.758532593451804
bs_01748.png,0.0501866919839317,True,36.158076568078464
bs_01749.png,0.06782312161497715,True,33.85701168847598
bs_01750.png,0.11415827835156067,True,34.44999831087744
bs_01751.png,0.14199550234407016,True,31.35839605457033
bs_01752.png,0.0833995398325732,True,34.319225179979135
bs_01753.png,0.1436801127056152,True,33.460941225288266
bs_01754.png,0.05803869387801335,True,36.78302125319897
bs_01755.png,0.06741902457346531,True,34.57847388427549
bs_01756.png,0.06095437186960965,True,33.13670868020261
bs_01757.png,0.13448740073074372,True,35.03275917378916
bs_01758.png,0.12996187744840643,True,31.571442460030106
bs_01759.png,0.06750723876969096,True,34.27087141400342
bs_01760.png,0.09997442744397958,True,33.38692411904002
bs_01761.png,0.1465226037438935,True,34.3927753593029
bs_01762.png,0.08630524538370017,True,36.104464946085294
bs_01763.png,0.05809081153689785,True,34.10279982715431
bs_01764.png,0.0988145171137094,True,29.666162880926624
bs_01765.png,0.07412451059097824,True,31.662325016900393
bs_01766.png,0.12027337336289648,True,36.804636546794875
bs_01767.png,0.11983403298530976,True,35.23442519658745
bs_01768.png,0.12036603891925005,True,33.26059254708823
bs_01769.png,0.10004664323798668,True,33.89898675851496
bs_01770.png,0.10820232372958043,True,39.121616542750424
bs_01771.png,0.08849804804473206,True,35.90498113239974
bs_01772.png,0.09552252946289821,True,37.568944347267475
bs_01773.png,0.1162044632594035,True,29.419056081846374
bs_01774.png,0.09494955995399965,True,33.63979033363694
bs_01775.png,0.09406888289275792,True,32.669097109646025
bs_01776.png,0.07459704000488185,True,34.720946582392344
bs_01777.png,0.1263692708376242,True,32.12181833522784
bs_01778.png,0.12687074643368956,True,34.33811608008512
bs_01779.png,0.14214993890562566,True,35.713689405577384
bs_01780.png,0.08519398129876468,True,39.77729743813254
bs_01781.png,0.051692784885474075,True,38.66963743907602
bs_01782.png,0.09530433910873613,True,31.815248898008033
bs_01783.png,0.13384854760293471,True,37.69852718870303
bs_01784.png,0.056032166672554555,True,34.94212402178375
bs_01785.png,0.13489538723330785,True,40.87456384096576
bs_01786.png,0.14415670121556978,True,36.074240227838594
bs_01787.png,0.13041141898062586,True,33.171047821964464
bs_01788.png,0.08438472110556186,True,35.845300710620606
bs_01789.png,0.10940216053243507,True,37.738275744118496
bs_01790.png,0.11543628126505477,True,35.98351177120114
bs_01791.png,0.07512221788548139,True,36.80542115471512
bs_01792.png,0.12364301012203512,True,36.068870027481246
bs_01793.png,0.052103329910719344,True,31.230930078177266
bs_01794.png,0.1049207735478716,True,34.68688267096174
bs_01795.png,0.11863602502563729,True,34.48825568880625
bs_01796.png,0.06512233015039409,True,36.08358446317859
bs_01797.png,0.0729946326072448,True,34.28369528832012
bs_01798.png,0.1053706623726483,True,34.88213172143213
bs_01799.png,0.12074199917022067,True,37.88908324970518
bs_01800.png,0.05282004790537932,True,37.76915841994424
bs_01801.png,0.0806125753992868,True,34.096333716835225
bs_01802.png,0.08675839006569727,True,32.01336595030855
bs_01803.png,0.08504052799617844,True,28.85195949084509
bs_01804.png,0.14247225812701236,True,33.762827167596306
bs_01805.png,0.1282549466777503,True,34.00857418082666
bs_01806.png,0.11021224193349154,True,32.34515421793854
bs_01807.png,0.10464088879951106,True,33.59173722467242
bs_01808.png,0.10303401540125076,True,37.59967787732738
bs_01809.png,0.1150523196061864,True,31.92197332417733
bs_01810.png,0.1025022097320655,True,37.3652592053399
bs_01811.png,0.07543359411460777,True,33.85667235337238
bs_01812.png,0.10541618346146553,True,33.49183637202205
bs_01813.png,0.06378934572724905,True,37.32310485571047
bs_01814.png,0.11607198664276049,True,40.328811091389696
bs_01815.png,0.0507331041373382,True,35.769364937256455
bs_01816.png,0.0534154507362725,True,35.53273348882646
bs_01817.png,0.09657807725009596,True,37.5890575396033
bs_01818.png,0.09069751571924446,True,34.46788059291404
bs_01819.png,0.07217557037905523,True,35.108825261014914
bs_01820.png,0.0780033128079048,True,32.22144004340875
bs_01821.png,0.10117573801684995,True,35.025418204352455
bs_01822.png,0.12169993521875032,True,32.804395399157414
bs_01823.png,0.08549875439479382,True,35.40264443353803
bs_01824.png,0.07672348147257409,True,33.9636384231662
bs_01825.png,0.08871435758462806,True,39.58277268631739
bs_01826.png,0.13600877030780437,True,32.51736438247777
bs_01827.png,0.11734586325984471,True,32.361353771892034
bs_01828.png,0.1298304881733025,True,36.71736310281079
bs_01829.png,0.051718765504614655,True,35.27593606198524
bs_01830.png,0.1190468589891821,True,35.60402377059135
bs_01831.png,0.07723520519684368,True,31.962809620161018
bs_01832.png,0.1213901307326525,True,31.093273637153377
bs_01833.png,0.08542149786112037,True,32.909659611473316
bs_01834.png,0.11978591754586944,True,33.36694420387473
bs_01835.png,0.11855432839744402,True,37.17017992217692
bs_01836.png,0.14455938179320366,True,36.133856713938584
bs_01837.png,0.07780471852034115,True,31.387248329567548
bs_01838.png,0.13991930983861228,True,36.81716977049147
bs_01839.png,0.1458028492361487,True,32.69605536785051
bs_01840.png,0.08494000695488466,True,32.21315519561702
bs_01841.png,0.11662758749599961,True,28.239701368882223
bs_01842.png,0.06613578608084733,True,32.48175387971398
bs_01843.png,0.08146975458627911,True,33.081847607844225
bs_01844.png,0.12305814641540294,True,37.36918710990169
bs_01845.png,0.0905267252105384,True,34.220385734651856
bs_01846.png,0.09623655498481917,True,31.809503719615627
bs_01847.png,0.1125886095475014,True,37.20382027366988
bs_01848.png,0.12203989000030865,True,34.8948896218996
bs_01849.png,0.1291771710173185,True,35.29887820811153
bs_01850.png,0.0654646179387636,True,36.50915283795521
bs_01851.png,0.07596845737999333,True,31.380785061544444
bs_01852.png,0.09763750341223804,True,34.57177968631035
bs_01853.png,0.06025578941378808,True,34.25017529957016
bs_01854.png,0.05880370013900811,True,35.767750637164816
bs_01855.png,0.06278893489985608,True,32.84048484428358
bs_01856.png,0.08526289232090259,True,36.074504372126604
bs_01857.png,0.05806566755713413,True,32.72633872796679
bs_01858.png,0.13273877614975402,True,35.592560161256294
bs_01859.png,0.12014012175859833,True,34.87158935628963
bs_01860.png,0.10196808101375843,True,38.70383414038471
bs_01861.png,0.07871216522939302,True,34.225405997278415
bs_01862.png,0.1376381650489098,True,33.856342125687185
bs_01863.png,0.07868662679852428,True,37.848864126792115
bs_01864.png,0.08524087712143047,True,33.92285725071404
bs_01865.png,0.054819559731846136,True,34.68124903961615
bs_01866.png,0.07286341818737599,True,32.470267277426515
bs_01867.png,0.13423307562086756,True,34.18254159718916
bs_01868.png,0.07747615242847555,True,35.31913298401969
bs_01869.png,0.11282354179048189,True,34.554841943929155
bs_01870.png,0.10324279178969013,True,36.50671598276095
bs_01871.png,0.05498412766269917,True,33.97968891406466
bs_01872.png,0.11020042149313258,True,36.85327081290238
bs_01873.png,0.14776710281551053,True,35.870099790996974
bs_01874.png,0.08914762650837088,True,34.864239682746756
bs_01875.png,0.1402401854883289,True,37.19064664581454
bs_01876.png,0.11672472593072786,True,34.486109749969984
bs_01877.png,0.13271023474512406,True,33.95721215496912
bs_01878.png,0.0612910302019435,True,32.12020732968437
bs_01879.png,0.050693645390764076,True,36.63488051429243
bs_01880.png,0.0855698494302317,True,30.13874542342212
bs_01881.png,0.09384035538161792,True,35.230345350522164
bs_01882.png,0.144687251338106,True,31.83777062964703
bs_01883.png,0.11805968840515399,True,31.641504709949434
bs_01884.png,0.12097405929983451,True,33.577062988363544
bs_01885.png,0.13873357174106565,True,32.721976423386295
bs_01886.png,0.10506692376423526,True,31.328402341565592
bs_01887.png,0.11545052817757617,True,38.9828802929967
bs_01888.png,0.10194605941645062,True,37.30875141415186
bs_01889.png,0.09325970712913427,True,28.93420351069392
bs_01890.png,0.06812189344445735,True,37.038680578628586
bs_01891.png,0.12795653605201962,True,33.08568059467389
bs_01892.png,0.06804185166593704,True,32.47722169442061
bs_01893.png,0.09237477133075266,True,33.202816758359724
bs_01894.png,0.11600269569680274,True,32.5166972708162
bs_01895.png,0.1313190016282658,True,31.409559965095347
bs_01896.png,0.11965358143848888,True,34.10049288982243
bs_01897.png,0.12362577290107732,True,30.63533363283109
bs_01898.png,0.11121830147038475,True,36.68606493295096
bs_01899.png,0.06442275117553287,True,34.53855533437607
bs_01900.png,0.1316924507832306,True,29.858678650970553
bs_01901.png,0.11678950907792959,True,32.40977912833487
bs_01902.png,0.08472896440835823,True,29.76476894963856
bs_01903.png,0.055863904634681806,True,29.89469431354764
bs_01904.png,0.058890439971948705,True,38.73044626027657
bs_01905.png,0.0823937079074625,True,37.57338539455881
bs_01906.png,0.13991686198444964,True,40.74717540493548
bs_01907.png,0.10476411671095576,True,33.299958315158605
bs_01908.png,0.10722073167601096,True,32.75786028922424
bs_01909.png,0.0780383643059359,True,37.63898353236271
bs_01910.png,0.06384335063595045,True,34.91677772445498
bs_01911.png,0.11972056782871619,True,36.02868400227339
bs_01912.png,0.0990765848164149,True,35.15449934959718
bs_01913.png,0.1306322015864303,True,33.56151398610941
bs_01914.png,0.12376582931113676,True,31.88718876519153
bs_01915.png,0.06153684130357421,True,30.99040776536128
bs_01916.png,0.07044548621451677,True,32.56343407967881
bs_01917.png,0.0994390403451415,True,33.286057972475874
bs_01918.png,0.06742174946263302,True,35.75945140703962
bs_01919.png,0.12085690302248317,True,28.158216913022393
bs_01920.png,0.10314295389548421,True,38.93451554821197
bs_01921.png,0.09372185370864977,True,36.36552982377593
bs_01922.png,0.08623802840145445,True,36.589788170207164
bs_01923.png,0.11448009395503649,True,36.51497307224958
bs_01924.png,0.06634249487120872,True,33.18240376708828
bs_01925.png,0.05751696860107197,True,32.40629203327706
bs_01926.png,0.06003986058915074,True,32.8801484967108
bs_01927.png,0.10969089228091386,True,34.78423435141004
bs_01928.png,0.13762838108385028,True,37.77570375484168
bs_01929.png,0.13578430246717688,True,32.378963815953895
bs_01930.png,0.0816626643532481,True,38.15458151038273
bs_01931.png,0.0982490400434492,True,34.618708637760164
bs_01932.png,0.1433141089601493,True,34.26206337563472
bs_01933.png,0.10338059600772409,True,33.12433020091377
bs_01934.png,0.0840517911707854,True,38.783048022710474
bs_01935.png,0.05792931898648496,True,34.88557690033934
bs_01936.png,0.14715336581601146,True,31.960455104953752
bs_01937.png,0.14861479347850887,True,36.58649291972089
bs_01938.png,0.05275651953886387,True,33.74398304267403
bs_01939.png,0.11966901926578162,True,29.358872664180076
bs_01940.png,0.09454306998360937,True,31.15493805346012
bs_01941.png,0.13714168800170493,True,33.38729757929236
bs_01942.png,0.08311286879188204,True,32.22216870213527
bs_01943.png,0.07820356648892436,True,34.349801860312354
bs_01944.png,0.09149663274716531,True,32.19188420092419
bs_01945.png,0.11151891894833246,True,33.44200672714657
bs_01946.png,0.143217990979731,True,34.2110218350563
bs_01947.png,0.11894877134458161,True,31.3531379081309
bs_01948.png,0.09131866664721033,True,36.503598559014165
bs_01949.png,0.10297148479220106,True,33.590572268739486
bs_01950.png,0.10310330243373415,True,31.650519160959853
bs_01951.png,0.08019347050427185,True,34.82683123886872
bs_01952.png,0.0821698081350147,True,30.564871877939197
bs_01953.png,0.0567695215066238,True,35.68953599602287
bs_01954.png,0.08142519113870142,True,31.500186187292694
bs_01955.png,0.0797710571613821,True,34.13253519356516
bs_01956.png,0.09857524478764856,True,33.017896708140555
bs_01957.png,0.14338966537535863,True,32.404597403134034
bs_01958.png,0.13205776429420052,True,34.25935143476929
bs_01959.png,0.12743237747173153,True,36.1219829338861
bs_01960.png,0.12481407591626865,True,30.496908730508846
bs_01961.png,0.06751729712396387,True,33.084453698433364
bs_01962.png,0.07476643729418939,True,38.195198646668686
bs_01963.png,0.10685523105584577,True,39.75362565033664
bs_01964.png,0.09287703788793232,True,32.26848050210278
bs_01965.png,0.0748913464719023,True,33.55523969281433
bs_01966.png,0.07719677169150205,True,34.88445958479491
bs_01967.png,0.07422988762327122,True,38.00615683907722
bs_01968.png,0.1199955762842656,True,35.22910175984032
bs_01969.png,0.07029745858288408,True,35.413365255180246
bs_01970.png,0.12134696560713043,True,35.5603695932531
bs_01971.png,0.12708574982828058,True,30.091573541430954
bs_01972.png,0.06571754319361434,True,37.841395458365476
bs_01973.png,0.12708104513340562,True,34.211235933521706
bs_01974.png,0.10403316768040032,True,36.74147729612049
bs_01975.png,0.10070967967650332,True,36.06219609744339
bs_01976.png,0.13293874117374177,True,33.123659270760974
bs_01977.png,0.10825462915536638,True,31.360191538986047
bs_01978.png,0.13253831066760396,True,31.736062235774515
bs_01979.png,0.12801004124991916,True,28.96344589998919
bs_01980.png,0.14471389657479067,True,31.15948630335971
bs_01981.png,0.13665032437547275,True,35.87112894475335
bs_01982.png,0.11641642202536491,True,35.05886976444393
bs_01983.png,0.14262146036473006,True,34.90715090521052
bs_01984.png,0.13914524627315702,True,32.96963494455338
bs_01985.png,0.10835332533869907,True,33.38974364861307
bs_01986.png,0.13767906685943204,True,37.6680893422617
bs_01987.png,0.09379389937671806,True,34.91972846459543
bs_01988.png,0.09405422583393228,True,32.49397790006781
bs_01989.png,0.10647662333996952,True,35.68112587659348
bs_01990.png,0.10041325900783885,True,37.276582755696154
bs_01991.png,0.14408000396911685,True,31.655958711666734
bs_01992.png,0.07859971910720628,True,35.19956324312567
bs_01993.png,0.07585318585525207,True,35.41118236388837
bs_01994.png,0.1298144969514674,True,39.056475783169375
bs_01995.png,0.0754575136251873,True,36.04838384789178
bs_01996.png,0.054353016152083294,True,30.24552204554281
bs_01997.png,0.07903166727668991,True,36.18882753315401
bs_01998.png,0.12595533120296676,True,31.194687569695002
bs_01999.png,0.05772275786794026,True,33.74960659574399
bs_02000.png,0.08844014335668783,True,37.25732811374601
bs_02001.png,0.0987977875677939,True,32.7906010659384
bs_02002.png,0.12982129803736286,True,35.860721321691024
bs_02003.png,0.13835827103425574,True,41.127548620362404
bs_02004.png,0.13779953556976945,True,35.28046003125018
bs_02005.png,0.09282788238393223,True,34.369384850583664
bs_02006.png,0.10447069305604681,True,33.610193703771905
bs_02007.png,0.14083985705303467,True,32.30950885256152
bs_02008.png,0.12699633542652305,True,32.28447824833795
bs_02009.png,0.11321388493843121,True,37.19124975686112
bs_02010.png,0.07139804040687273,True,31.779860931553895
bs_02011.png,0.12918201035589744,True,33.31426906708689
bs_02012.png,0.09448586339058401,True,37.64301309878368
bs_02013.png,0.13294023105565006,True,33.1093148921922
bs_02014.png,0.05605378157453636,True,35.23670818235436
bs_02015.png,0.05273270863390516,True,33.713782909013005
bs_02016.png,0.05443545407813717,True,35.80043406457749
bs_02017.png,0.0695852863734817,True,35.900355305560375
bs_02018.png,0.11010986424156771,True,31.885330533429453
bs_02019.png,0.06712550090428078,True,32.7049236130877
bs_02020.png,0.1423353139746092,True,35.32063277600002
bs_02021.png,0.09322149965349019,True,35.842559629885606
bs_02022.png,0.10320392492712757,True,36.36363098957878
bs_02023.png,0.14126489388028396,True,34.848050358730305
bs_02024.png,0.13204909573303625,True,34.3767324522467
bs_02025.png,0.11438310856267891,True,30.784166035226164
bs_02026.png,0.07172900835386153,True,33.425161778795314
bs_02027.png,0.07072064673700543,True,33.441284884698526
bs_02028.png,0.07354183682194265,True,33.99760060137866
bs_02029.png,0.05245220207216385,True,33.04718416444324
bs_02030.png,0.11093951587076273,True,36.63287272987275
bs_02031.png,0.11622531831525289,True,30.434517621396257
bs_02032.png,0.14948685116342175,True,31.976739191728157
bs_02033.png,0.0679322326550476,True,35.289616293527004
bs_02034.png,0.054702523196950695,True,33.92269630416411
bs_02035.png,0.11681150278465385,True,36.27433411634902
bs_02036.png,0.12550579831526928,True,34.81477476565849
bs_02037.png,0.05962353290265661,True,34.02105612042283
bs_02038.png,0.06255719352404626,True,32.28735054761911
bs_02039.png,0.11414838090607683,True,34.556843633530626
bs_02040.png,0.06729803342792097,True,32.43495718692619
bs_02041.png,0.13706311221397116,True,35.08886571756343
bs_02042.png,0.10611179027640613,True,36.77366525350899
bs_02043.png,0.1146977316969394,True,34.49137338907019
bs_02044.png,0.09102624032358177,True,30.55172855357185
bs_02045.png,0.052707754251693134,True,35.95385882464369
bs_02046.png,0.07325233214725344,True,30.141346540727604
bs_02047.png,0.05817763029362866,True,39.01805193019423
bs_02048.png,0.10214782696878848,True,34.81078976430409
bs_02049.png,0.13945422743770886,True,29.457277288877293
bs_02050.png,0.11649871619609735,True,36.88689841468289
bs_02051.png,0.0907166573476131,True,34.53470866127611
bs_02052.png,0.07050106253925907,True,31.378310505689797
bs_02053.png,0.07755592307063885,True,34.717430202180026
bs_02054.png,0.09258529563011406,True,32.95525286758162
bs_02055.png,0.12441470432942676,True,29.931026530441706
bs_02056.png,0.14122292457892713,True,37.60390394654566
bs_02057.png,0.10439847224228294,True,34.6921923615603
bs_02058.png,0.09138488794675702,True,33.902563067392855
bs_02059.png,0.1131376085393049,True,37.512961235696956
bs_02060.png,0.1484014241416987,True,32.10247267792238
bs_02061.png,0.09165590345496166,True,33.91464987844379
bs_02062.png,0.06896556759274362,True,37.848975913078
bs_02063.png,0.07937025941030405,True,32.232809363649295
bs_02064.png,0.12725855045785966,True,32.59200752535041
bs_02065.png,0.08681094336006526,True,35.567233961283065
bs_02066.png,0.09104106306032779,True,39.02644630318524
bs_02067.png,0.08544273719141927,True,34.67022867421767
bs_02068.png,0.13359128255162692,True,34.456154667000554
bs_02069.png,0.13320352835681182,True,32.47377431742676
bs_02070.png,0.08571788470312788,True,35.267663097464535
bs_02071.png,0.1277026593623018,True,34.18424971296014
bs_02072.png,0.0990053376747278,True,36.98835508522318
bs_02073.png,0.10999867805653885,True,35.95935520272349
bs_02074.png,0.11570638841185338,True,35.54066494890489
bs_02075.png,0.136991000569634,True,31.039787603448694
bs_02076.png,0.07316223674444303,True,35.418558755264456
bs_02077.png,0.05150956539183063,True,36.32765894614516
bs_02078.png,0.11512056742696254,True,36.18678555209987
bs_02079.png,0.12403475032132508,True,30.77282832299792
bs_02080.png,0.1379762391028193,True,33.67101370291954
bs_02081.png,0.09992795632803023,True,33.86747472547013
bs_02082.png,0.12702283742412934,True,35.08718518294869
bs_02083.png,0.1480787614067397,True,31.839857167255627
bs_02084.png,0.10762503392959936,True,31.221736752939847
bs_02085.png,0.12148754081553,True,39.71460772221371
bs_02086.png,0.06110419640304088,True,32.869956327442345
bs_02087.png,0.0995943602363541,True,37.39834588385703
bs_02088.png,0.06570720125177285,True,36.07810631656805
bs_02089.png,0.05682682506555823,True,33.42405410530554
bs_02090.png,0.13868643811982195,True,31.094321565776756
bs_02091.png,0.13043583643586232,True,35.19161959810939
bs_02092.png,0.11395765460923488,True,31.25305429234226
bs_02093.png,0.052543699742321176,True,32.52697913078304
bs_02094.png,0.1383580922782948,True,33.78764632446552
bs_02095.png,0.14624674502111296,True,33.49814585488359
bs_02096.png,0.09656317542281509,True,37.57656118719012
bs_02097.png,0.0672692018055992,True,37.11848099251968
bs_02098.png,0.1488320350682728,True,33.79873433947679
bs_02099.png,0.10456890830507118,True,35.8092507962556
bs_02100.png,0.13100005148197313,True,36.40232413778398
bs_02101.png,0.13892227731671764,True,35.075892167018324
bs_02102.png,0.10640913830562401,True,36.33797020843018
bs_02103.png,0.07988397932181103,True,35.44185146481452
bs_02104.png,0.05877178566096197,True,34.278422538288844
bs_02105.png,0.13656991671526203,True,36.44498951882297
bs_02106.png,0.1115697289863459,True,33.94904508010614
bs_02107.png,0.10350430179764206,True,32.602248030486884
bs_02108.png,0.05158939118115316,True,38.27553470617404
bs_02109.png,0.12197169700829487,True,37.309601520705066
bs_02110.png,0.0695725555276497,True,34.48289378222486
bs_02111.png,0.08713573150056036,True,38.808005613677054
bs_02112.png,0.07893793332347745,True,31.22247762516618
bs_02113.png,0.13979138597425744,True,36.636702877387236
bs_02114.png,0.10064351058313367,True,33.90787792240723
bs_02115.png,0.10233869989925254,True,36.09515037120707
bs_02116.png,0.07548696885728529,True,32.65110549519063
bs_02117.png,0.14401103610447802,True,32.686645168499986
bs_02118.png,0.07050186984189952,True,31.228743632809635
bs_02119.png,0.1370526174999615,True,33.53789081779504
bs_02120.png,0.14578113012666785,True,34.19245161120032
bs_02121.png,0.06116790122808589,True,32.406399041189985
bs_02122.png,0.0845169132396424,True,33.132747249012255
bs_02123.png,0.07335666481046191,True,34.985279246751084
bs_02124.png,0.13377554438007183,True,35.794033471597146
bs_02125.png,0.09034596594859179,True,35.33525539432428
bs_02126.png,0.10783301174886353,True,36.393117390820386
bs_02127.png,0.12962732410520655,True,29.808018233116293
bs_02128.png,0.1417081525853794,True,31.029140143945277
bs_02129.png,0.14078811998891255,True,39.751539842032436
bs_02130.png,0.09261368614924084,True,31.50333766092912
bs_02131.png,0.1180308104951426,True,31.07652410162832
bs_02132.png,0.13169486136212943,True,39.097825075318724
bs_02133.png,0.12026325187780483,True,33.28052472938921
bs_02134.png,0.11422822587733186,True,36.119528659874064
bs_02135.png,0.12741426641796258,True,30.729062349472184
bs_02136.png,0.08653008597119456,True,37.146639949443774
bs_02137.png,0.10058891531843786,True,34.20780893860962
bs_02138.png,0.06052103054459457,True,36.76361825292397
bs_02139.png,0.09980281557997026,True,38.980314238609594
bs_02140.png,0.07112158515505776,True,32.76820818247633
bs_02141.png,0.08779098354700902,True,34.016736725376056
bs_02142.png,0.10618249198609567,True,28.885802636502774
bs_02143.png,0.06817350385538859,True,36.71640284565348
bs_02144.png,0.11432256104094415,True,32.961846327860385
bs_02145.png,0.08046565339589282,True,35.29453160356973
bs_02146.png,0.11369224112584253,True,36.19064861509091
bs_02147.png,0.0845033792223432,True,37.010150908325826
bs_02148.png,0.05117495806810876,True,34.55978674482947
bs_02149.png,0.12742554969037295,True,29.510049792641475
bs_02150.png,0.0876200673786378,True,32.641956862210044
bs_02151.png,0.05592633232897975,True,38.22771149296024
bs_02152.png,0.12678815029175655,True,32.19800751652134
bs_02153.png,0.11255768749949475,True,34.8465257833414
bs_02154.png,0.10563455243728462,True,30.835852136590827
bs_02155.png,0.123005437097451,True,30.539004848583097
bs_02156.png,0.05476526358219879,True,35.60321275358663
bs_02157.png,0.08905372046484358,True,29.65595258464935
bs_02158.png,0.09257210847287725,True,36.95479165393321
bs_02159.png,0.11389570487536874,True,33.463514355867886
bs_02160.png,0.13336069706454662,True,32.48076743516347
bs_02161.png,0.06691505817997001,True,33.00973037556468
bs_02162.png,0.059958919228523616,True,33.33349081112181
bs_02163.png,0.1276739087352951,True,30.788556583501645
bs_02164.png,0.09204509401384063,True,36.85215496822333
bs_02165.png,0.13765861307976113,True,37.62448477509102
bs_02166.png,0.11105266720008969,True,36.05407518887634
bs_02167.png,0.10903398416557314,True,37.752753069031634
bs_02168.png,0.06774844105352187,True,33.84705815115214
bs_02169.png,0.12123482133260373,True,35.498768812879284
bs_02170.png,0.0844449390654419,True,28.091047685044416
bs_02171.png,0.06828584539555661,True,33.81009658385421
bs_02172.png,0.1458848563285547,True,32.21718612030421
bs_02173.png,0.1363001270970595,True,36.83756677141651
bs_02174.png,0.13748081012782987,True,33.26734226153065
bs_02175.png,0.09322543488960737,True,33.261689534982665
bs_02176.png,0.05652035584977119,True,35.221834219762734
bs_02177.png,0.10892067093878391,True,37.740290217812735
bs_02178.png,0.10766937001952034,True,32.37367787785369
bs_02179.png,0.11135496290629629,True,34.290533354786476
bs_02180.png,0.1452184453994857,True,32.14464189161524
bs_02181.png,0.0677705326445347,True,36.41703729323629
bs_02182.png,0.08933795134421046,True,37.85784725004222
bs_02183.png,0.11071786024797853,True,39.386902487605504
bs_02184.png,0.08677378363307672,True,38.542045003682354
bs_02185.png,0.12940589039844125,True,37.729560496320744
bs_02186.png,0.05154665302102446,True,36.47029614849831
bs_02187.png,0.1466760083801169,True,34.17916028151523
bs_02188.png,0.10571995538098986,True,30.730830223651292
bs_02189.png,0.11326383052749227,True,33.90408689569053
bs_02190.png,0.12311380822167164,True,35.200018794005715
bs_02191.png,0.05151175602042877,True,31.92141387866734
bs_02192.png,0.055082457421915934,True,33.85160447254413
bs_02193.png,0.059857232378624614,True,36.60098870691159
bs_02194.png,0.1424635656402907,True,32.04610849261211
bs_02195.png,0.05025128387041024,True,31.369545164761547
bs_02196.png,0.1307165980953006,True,35.56771874227833
bs_02197.png,0.06105990341781612,True,31.748217577551003
bs_02198.png,0.11960797101950556,True,36.89623252251276
bs_02199.png,0.09737201692655839,True,33.079052566282584
bs_02200.png,0.06776356406840567,True,35.01733565753999
bs_02201.png,0.12092121118559564,True,31.022461958343563
bs_02202.png,0.10963349904360511,True,31.090468460836345
bs_02203.png,0.1285691540000115,True,37.36429444782501
bs_02204.png,0.1039855846558477,True,31.17611724421264
bs_02205.png,0.13099549833833973,True,35.142355208704
bs_02206.png,0.06466403060840702,True,33.41185551633735
bs_02207.png,0.051407547817274135,True,32.87959533524698
bs_02208.png,0.14801629422998847,True,31.730484044542763
bs_02209.png,0.12913867315482008,True,32.97414018132004
bs_02210.png,0.14658478258606122,True,31.162220560216536
bs_02211.png,0.06323207960380435,True,33.46880336947702
bs_02212.png,0.0681328713318209,True,36.40950357794055
bs_02213.png,0.1370450377438856,True,37.366996679661575
bs_02214.png,0.08471482502982813,True,34.42554919474119
bs_02215.png,0.14952073880644115,True,34.504676436206346
bs_02216.png,0.05136909494101527,True,38.25267485522177
bs_02217.png,0.05830907083441168,True,33.79031322590733
bs_02218.png,0.10279341762317945,True,37.63062848039819
bs_02219.png,0.14344013253273452,True,37.0485347034239
bs_02220.png,0.09795913043757402,True,32.58818673001803
bs_02221.png,0.07461145876166883,True,31.233720532977056
bs_02222.png,0.12381728120548663,True,33.67701479999816
bs_02223.png,0.1292138747401111,True,33.27440571627017
bs_02224.png,0.09679468405864725,True,34.51154630074015
bs_02225.png,0.09883903853409529,True,38.0946090210775
bs_02226.png,0.12834612667990525,True,30.308543545828574
bs_02227.png,0.06685448347517146,True,30.296635797300414
bs_02228.png,0.0937897645147076,True,34.477190845538125
bs_02229.png,0.1453361523850104,True,38.612661120230364
bs_02230.png,0.13715335331088568,True,37.184481572744176
bs_02231.png,0.08215205593212403,True,37.75701935276808
bs_02232.png,0.05151953798306929,True,32.78110901852018
bs_02233.png,0.05605507310841959,True,32.17434147919659
bs_02234.png,0.10584017796739453,True,37.936480856078624
bs_02235.png,0.09196569189528653,True,31.141157021898223
bs_02236.png,0.1449142448330586,True,32.81118345454845
bs_02237.png,0.10160626850325775,True,33.648133618274564
bs_02238.png,0.06446792271062976,True,34.67876617010409
bs_02239.png,0.08842331402858294,True,34.72899804638065
bs_02240.png,0.06784157258396462,True,34.16090349363904
bs_02241.png,0.0679751823141315,True,33.63658244150553
bs_02242.png,0.05240560439622786,True,35.815607766938186
bs_02243.png,0.061703657453926024,True,39.009127497733004
bs_02244.png,0.07322266976240324,True,30.92556756901873
bs_02245.png,0.07725392796341336,True,38.228780027292586
bs_02246.png,0.08243934637481361,True,32.182005105493246
bs_02247.png,0.1392455045402211,True,39.59234020959261
bs_02248.png,0.11774848869996786,True,30.63171790320095
bs_02249.png,0.11483357470875788,True,29.66086338773684
bs_02250.png,0.08633430124686246,True,34.72279654348629
bs_02251.png,0.14845424038744376,True,37.24226465621755
bs_02252.png,0.10692487345261657,True,35.5718574976023
bs_02253.png,0.14044090959576044,True,35.87464749930749
bs_02254.png,0.05941852821411439,True,34.42307468195887
bs_02255.png,0.06515061541561078,True,34.934711252733315
bs_02256.png,0.11611595452818796,True,35.592386553464365
bs_02257.png,0.1395151244945837,True,33.90408606102705
bs_02258.png,0.0676197935588972,True,36.218620036975366
bs_02259.png,0.09234295955674587,True,36.04989524642231
bs_02260.png,0.131343252081658,True,34.53418946693904
bs_02261.png,0.05762217311083426,True,34.86474780938302
bs_02262.png,0.1465062750277981,True,33.87492422767307
bs_02263.png,0.11419912073238789,True,38.26607869701162
bs_02264.png,0.07823969472060821,True,34.33486034324605
bs_02265.png,0.10190216814212943,True,33.33732986000614
bs_02266.png,0.07002990003633225,True,34.63108468400878
bs_02267.png,0.11648803244437418,True,35.90143131603717
bs_02268.png,0.067941897370483,True,34.00280342538529
bs_02269.png,0.053674980568083744,True,36.154805710700956
bs_02270.png,0.1259739890122843,True,35.038999230306175
bs_02271.png,0.13263216271730227,True,35.2087228016968
bs_02272.png,0.10323237770546992,True,30.5710863284395
bs_02273.png,0.06641584163171305,True,37.023273569984646
bs_02274.png,0.13312948726259594,True,32.07602383445745
bs_02275.png,0.06665791927249712,True,34.38914147224173
bs_02276.png,0.12502157642989487,True,33.123383117567165
bs_02277.png,0.07658936024880099,True,32.36758967714528
bs_02278.png,0.14721301868491227,True,34.27300261529151
bs_02279.png,0.14840108713736427,True,38.5063114470133
bs_02280.png,0.07318148129409882,True,34.55861236633525
bs_02281.png,0.127395207612384,True,30.02434899842433
bs_02282.png,0.12225130583222561,True,33.629965312039786
bs_02283.png,0.10489712010178942,True,37.85874139816044
bs_02284.png,0.11064621274587194,True,30.812832598046317
bs_02285.png,0.06042901852085578,True,34.37192562900955
bs_02286.png,0.07196462136341657,True,33.992908304168296
bs_02287.png,0.09440775120125725,True,35.45569186027211
bs_02288.png,0.09830257019516567,True,35.651846762711095
bs_02289.png,0.14399716642805982,True,30.70035207569951
bs_02290.png,0.11555162942300735,True,33.88080304876621
bs_02291.png,0.11945110548779762,True,35.25515666618895
bs_02292.png,0.05867282741303531,True,31.541049483797487
bs_02293.png,0.10945646826020622,True,35.23064780755287
bs_02294.png,0.1228083625051658,True,40.24562125864112
bs_02295.png,0.08841076912405885,True,33.47193272203023
bs_02296.png,0.13828526085245219,True,36.86638617314066
bs_02297.png,0.06465253396934444,True,34.70179407639606
bs_02298.png,0.08370869217783744,True,35.97978413403826
bs_02299.png,0.12129263857430965,True,41.550322634409476
bs_02300.png,0.07870219402258782,True,34.05347262366901
bs_02301.png,0.08927712938301757,True,32.12843581309355
bs_02302.png,0.14117983497692402,True,35.83297098969574
bs_02303.png,0.08486822676907989,True,37.269410452190144
bs_02304.png,0.13507726571641215,True,32.89766518600545
bs_02305.png,0.14517231641604447,True,35.35419347481937
bs_02306.png,0.12230561152882602,True,34.847014211475276
bs_02307.png,0.05277338177095084,True,35.51177191334409
bs_02308.png,0.05925807487120517,True,35.82886321528814
bs_02309.png,0.14992592677590055,True,29.74459522790752
bs_02310.png,0.09478243980869042,True,38.228391438934544
bs_02311.png,0.07773375682886387,True,34.808474319939
bs_02312.png,0.12888505555305257,True,32.81013485410774
bs_02313.png,0.09592231919003028,True,36.35329536962782
bs_02314.png,0.097689320363333,True,35.45086969637155
bs_02315.png,0.14089905408133746,True,34.402119584919355
bs_02316.png,0.05345965469760572,True,30.490292091223058
bs_02317.png,0.09339928676144343,True,35.308343285831846
bs_02318.png,0.11819034059776483,True,29.56243255322875
bs_02319.png,0.07020977213137136,True,35.3844930522586
bs_02320.png,0.10899953992235636,True,34.00318511444768
bs_02321.png,0.13423041622242748,True,38.40779812791786
bs_02322.png,0.06922539125495752,True,33.21253756804274
bs_02323.png,0.13571753242111387,True,30.39692905017632
bs_02324.png,0.09846370731549048,True,39.53759349989483
bs_02325.png,0.12136832233079693,True,29.886712529439983
bs_02326.png,0.07767048912967868,True,32.79263934735687
bs_02327.png,0.07816760074554216,True,34.14001593719919
bs_02328.png,0.052351720577116345,True,35.50497889498996
bs_02329.png,0.051014996391224546,True,33.04503383512464
bs_02330.png,0.11875161492452664,True,31.942538199474676
bs_02331.png,0.1450710512726635,True,35.93844053497487
bs_02332.png,0.056758454162420716,True,35.86325634882258
bs_02333.png,0.12674706355553525,True,35.328645832941596
bs_02334.png,0.052245042616678,True,33.66694486435181
bs_02335.png,0.12405899089648487,True,35.09803074951457
bs_02336.png,0.08246795122966273,True,34.762624181889564
bs_02337.png,0.12018559505524141,True,36.290834085405834
bs_02338.png,0.08772172894279806,True,36.4237744067454
bs_02339.png,0.060163059375949485,True,30.647886840222206
bs_02340.png,0.05161381566643708,True,31.39091827313431
bs_02341.png,0.07317943482407582,True,36.985357447935165
bs_02342.png,0.08778584480930628,True,29.92109990502925
bs_02343.png,0.11773205380778363,True,30.716081156515493
bs_02344.png,0.10032153687493675,True,34.76242890239247
bs_02345.png,0.11404955174309496,True,35.782443763792855
bs_02346.png,0.14795383109479454,True,34.11723965986792
bs_02347.png,0.14741393853137597,True,32.36657317011741
bs_02348.png,0.12456514200044838,True,35.11333825575641
bs_02349.png,0.07408828553183588,True,33.29005891455282
bs_02350.png,0.13709178616135137,True,36.997675225376014
bs_02351.png,0.12210832957541744,True,37.85449427862971
bs_02352.png,0.0991464601298787,True,34.35546578589721
bs_02353.png,0.05347342872824667,True,30.409922821012483
bs_02354.png,0.09153226180704763,True,32.73595979654048
bs_02355.png,0.054593196741680686,True,35.58448428500988
bs_02356.png,0.07278939849959572,True,36.47421628978883
bs_02357.png,0.1324186719952256,True,33.46870898764655
bs_02358.png,0.06729814656691845,True,32.777344273016034
bs_02359.png,0.07406443660262965,True,33.44466477172336
bs_02360.png,0.08314816320146534,True,31.3590514481061
bs_02361.png,0.11683122203651759,True,36.195948081640246
bs_02362.png,0.1174272154336204,True,33.91754832407753
bs_02363.png,0.07830110336091231,True,34.35543707745666
bs_02364.png,0.1305387641136842,True,34.60442844026479
bs_02365.png,0.13305260558102083,True,36.0237586936698
bs_02366.png,0.05736788262132273,True,38.89000766444924
bs_02367.png,0.10557031563817978,True,37.49545926474979
bs_02368.png,0.10419913003664355,True,36.98147005233398
bs_02369.png,0.09950747374742155,True,31.928233662750444
bs_02370.png,0.1361379148780526,True,37.73720833074488
bs_02371.png,0.07620295792085835,True,36.966456914341144
bs_02372.png,0.05418057239692256,True,33.23633970105571
bs_02373.png,0.14163820030814472,True,34.338655711495136
bs_02374.png,0.10175995897104098,True,31.347356101861568
bs_02375.png,0.14307589836665016,True,33.39988283006766
bs_02376.png,0.08066392474958818,True,34.714976867409256
bs_02377.png,0.12336162274823351,True,34.72391335020748
bs_02378.png,0.14056006095289109,True,36.7868792083025
bs_02379.png,0.12319099786912585,True,32.60038741461329
bs_02380.png,0.06780432660558385,True,36.40730616629569
bs_02381.png,0.08206823596440789,True,33.73319826221149
bs_02382.png,0.06697006052669244,True,33.66605664720852
bs_02383.png,0.06672872825778478,True,35.30753029516391
bs_02384.png,0.060422585877478285,True,35.13003904423505
bs_02385.png,0.13533638084798563,True,33.896395608250714
bs_02386.png,0.13737542910937456,True,32.853774860298046
bs_02387.png,0.10435937965053477,True,38.01944643450617
bs_02388.png,0.05135115113796157,True,33.96612777391855
bs_02389.png,0.05060740170628996,True,33.511686009764624
bs_02390.png,0.14285152629174763,True,35.887861924776054
bs_02391.png,0.07714293761388587,True,37.97405771389606
bs_02392.png,0.08222193153182576,True,32.385223311546
bs_02393.png,0.132659527079318,True,33.52692493083525
bs_02394.png,0.06705974611666425,True,32.85699059372136
bs_02395.png,0.08970804975448929,True,35.35657296592847
bs_02396.png,0.09996767669874188,True,34.327437801287765
bs_02397.png,0.13679486297955173,True,31.391728829101332
bs_02398.png,0.14273232207830333,True,34.18976762538924
bs_02399.png,0.09718619346810792,True,34.67896969602372
bs_02400.png,0.12702500798357585,True,31.618162219704296
bs_02401.png,0.08656928965857405,True,30.050864331987817
bs_02402.png,0.14654952612777783,True,33.69444362766851
bs_02403.png,0.08965470235607584,True,35.559307637549
bs_02404.png,0.09687479491461419,True,34.75827417493523
bs_02405.png,0.11775544090797756,True,33.72189991134373
bs_02406.png,0.14089279991807174,True,37.786660463678686
bs_02407.png,0.0650508597518436,True,33.66747519446502
bs_02408.png,0.13368073794007185,True,34.59725450803029
bs_02409.png,0.0695708411525472,True,34.58891664613968
bs_02410.png,0.052006317082910695,True,31.148691258032862
bs_02411.png,0.1003760602858734,True,31.437946808692395
bs_02412.png,0.0724821957313276,True,34.56001389269194
bs_02413.png,0.06337930111484404,True,35.144704686894414
bs_02414.png,0.0725598272549655,True,32.37404521365085
bs_02415.png,0.08579843683055807,True,37.17602861326034
bs_02416.png,0.087443072248324,True,36.67494641869158
bs_02417.png,0.14567405436928715,True,29.8335179657346
bs_02418.png,0.05773544555907687,True,30.850369729889444
bs_02419.png,0.09124611546853832,True,31.807196856219285
bs_02420.png,0.11853885401953172,True,35.55873705053968
bs_02421.png,0.07103875246573495,True,32.31892989544854
bs_02422.png,0.07856415323343288,True,32.58638450633658
bs_02423.png,0.08544654080726442,True,32.19249423060854
bs_02424.png,0.08630622327931467,True,36.971029315498065
bs_02425.png,0.13059733901124582,True,38.397556745870254
bs_02426.png,0.09136328574841349,True,31.108284255643696
bs_02427.png,0.14696050318645254,True,31.207485410339416
bs_02428.png,0.1282958300637374,True,31.62063030228218
bs_02429.png,0.08539520305466711,True,31.415616771744368
bs_02430.png,0.08761351876412442,True,36.17133380715396
bs_02431.png,0.07069575979346998,True,32.226124630164385
bs_02432.png,0.09654332414165148,True,33.869943499326006
bs_02433.png,0.1161445154279339,True,36.9646681423955
bs_02434.png,0.13472928021469294,True,38.23175659223596
bs_02435.png,0.05184755358745672,True,31.985733473952447
bs_02436.png,0.10019736424370265,True,36.822491304863945
bs_02437.png,0.08961247107199453,True,34.675064461306896
bs_02438.png,0.14497287994698616,True,32.914747667370705
bs_02439.png,0.10468685854642248,True,37.42031134126855
bs_02440.png,0.1396227516975205,True,35.82617276542928
bs_02441.png,0.12791330906079246,True,31.832627566315892
bs_02442.png,0.11173862848057942,True,31.661349306540323
bs_02443.png,0.11672068138054736,True,29.089478487040388
bs_02444.png,0.08906974937060794,True,31.101897067075402
bs_02445.png,0.09128496094689585,True,32.86806028421439
bs_02446.png,0.11693152719612303,True,32.40241728583438
bs_02447.png,0.05318102074071647,True,36.670269620821074
bs_02448.png,0.10371010022583929,True,37.44714536451978
bs_02449.png,0.06531491467581015,True,34.20400274548031
bs_02450.png,0.1266290606576244,True,37.40124678817902
bs_02451.png,0.0868316331295883,True,35.26234100952677
bs_02452.png,0.14217260069513013,True,30.20505724503345
bs_02453.png,0.08994084108284577,True,35.21689091875976
bs_02454.png,0.13832542574709467,True,31.853012131837705
bs_02455.png,0.05774742601516454,True,37.00523201794531
bs_02456.png,0.057806842866110965,True,35.54215683038278
bs_02457.png,0.0693836635973352,True,39.341985879097656
bs_02458.png,0.05011673790907228,True,35.7322662077092
bs_02459.png,0.09278457510511155,True,38.01685067219916
bs_02460.png,0.14521809106029393,True,37.39737561479711
bs_02461.png,0.05804474764856602,True,34.64670650404666
bs_02462.png,0.06250601038144711,True,35.283575719494706
bs_02463.png,0.07185518685744594,True,33.25164560557457
bs_02464.png,0.06061112343411854,True,36.09323347580802
bs_02465.png,0.10258474873251075,True,32.651685353708785
bs_02466.png,0.13524037282565726,True,34.48838077399374
bs_02467.png,0.09577237859694052,True,33.79033273990753
bs_02468.png,0.12720985310459354,True,32.435069069365674
bs_02469.png,0.11414524412521183,True,38.362575398621324
bs_02470.png,0.09525917760302408,True,35.392488517267644
bs_02471.png,0.07263708836342808,True,29.25206893802059
bs_02472.png,0.11414734393344206,True,32.20863652380935
bs_02473.png,0.13113309848369595,True,36.94966406946922
bs_02474.png,0.09263465289264744,True,30.933563728307504
bs_02475.png,0.0799756551820622,True,32.83018185813183
bs_02476.png,0.08924652287009052,True,35.17398858684055
bs_02477.png,0.0746436426947758,True,35.68964427901055
bs_02478.png,0.12290297998013876,True,34.39105420591629
bs_02479.png,0.06734025858767309,True,32.790683741466
bs_02480.png,0.14091663506921825,True,34.43525101888297
bs_02481.png,0.06046059474220253,True,37.02331636293899
bs_02482.png,0.08115296741869514,True,30.994613425039752
bs_02483.png,0.06416336019951559,True,34.536198070453764
bs_02484.png,0.0872909444928365,True,37.80387887645816
bs_02485.png,0.06493923308036129,True,36.26262219347669
bs_02486.png,0.10663345810459104,True,36.60401676965121
bs_02487.png,0.12072244404069911,True,34.25924545609773
bs_02488.png,0.12651447439715333,True,33.511734813580524
bs_02489.png,0.1337186778799911,True,31.583387677009426
bs_02490.png,0.13691592082788512,True,35.0825624098727
bs_02491.png,0.07901645762209966,True,36.405099473628596
bs_02492.png,0.0984251883571187,True,36.00234558910353
bs_02493.png,0.14936666801332338,True,35.518872153220656
bs_02494.png,0.1461557494148037,True,32.02251658352605
bs_02495.png,0.05225130973295155,True,32.8783191790251
bs_02496.png,0.1437257846574143,True,32.99707878316848
bs_02497.png,0.10858339885707657,True,35.229933046028265
bs_02498.png,0.050520456161150945,True,35.64283530922248
bs_02499.png,0.14711759563687277,True,31.046549132019507
ft_00000.png,0.08075740302470326,True,25.241070967091957
ft_00001.png,0.10722163202632401,True,25.87400569889386
ft_00002.png,0.14046264633582473,True,25.530063998441705
ft_00003.png,0.1083044083520614,True,25.202480495230517
ft_00004.png,0.05909385870435624,True,24.588990915850935
ft_00005.png,0.10137119797878501,True,24.678933379915424
ft_00006.png,0.07256287878505449,True,25.380325766084376
ft_00007.png,0.05864938816173898,True,24.988347730938436
ft_00008.png,0.0833765428201925,True,25.983877569823832
ft_00009.png,0.11538597661980074,True,24.567627788535443
ft_00010.png,0.0706325495323065,True,25.450030299953674
ft_00011.png,0.08502249837753743,True,24.593470358917084
ft_00012.png,0.146203386475585,True,25.44367086552409
ft_00013.png,0.07576243465683731,True,26.0481303127274
ft_00014.png,0.12828284370457793,True,24.55453226875719
ft_00015.png,0.14726801332113132,True,24.63734346960312
ft_00016.png,0.13327934079922427,True,24.782401259036657
ft_00017.png,0.10689372494462193,True,25.976948667382047
ft_00018.png,0.1398436707970453,True,24.288256115880955
ft_00019.png,0.14654020751711855,True,23.923787001433325
ft_00020.png,0.14559481782273295,True,25.5640033478271
ft_00021.png,0.07772559245885025,True,25.1922325247034
ft_00022.png,0.13987310496872984,True,24.77681426957154
ft_00023.png,0.12604371312417728,True,24.559322487672667
ft_00024.png,0.0896894708933182,True,25.073195143822467
ft_00025.png,0.059822661016373596,True,26.00659972618002
ft_00026.png,0.056701923897683304,True,24.929507425026035
ft_00027.png,0.11646656473200875,True,24.377644283994346
ft_00028.png,0.09640866536891313,True,25.72218609826215
ft_00029.png,0.14243387329401624,True,25.534408160291747
ft_00030.png,0.0626185523751083,True,28.12249535866315
ft_00031.png,0.09728935408479321,True,25.53533256107389
ft_00032.png,0.07832529060118862,True,26.510212224584343
ft_00033.png,0.06815592127096883,True,25.524073818694838
ft_00034.png,0.10373271901045693,True,24.96818491045233
ft_00035.png,0.05023359651214966,True,25.49969047896704
ft_00036.png,0.1437117982246387,True,25.592682799028175
ft_00037.png,0.13182820964274733,True,24.377357506838756
ft_00038.png,0.11365027342956784,True,24.522814050605586
ft_00039.png,0.1326643958339564,True,26.212385122227133
ft_00040.png,0.12838504949071006,True,26.292259700250604
ft_00041.png,0.09755724952237409,True,26.79742382206634
ft_00042.png,0.09618474551129734,True,24.819950227684142
ft_00043.png,0.14306669460062532,True,25.78434355114252
ft_00044.png,0.07628501549622234,True,24.786977719192528
ft_00045.png,0.06359057490200605,True,25.44122760788326
ft_00046.png,0.10324705198188272,True,25.161606151500862
ft_00047.png,0.1127338392280182,True,24.96877008506283
ft_00048.png,0.0995644936103561,True,26.6980009270125
ft_00049.png,0.13064566936129537,True,26.041420977859218
ft_00050.png,0.11609574498205773,True,26.087481927261656
ft_00051.png,0.12197797076788784,True,24.88375607457543
ft_00052.png,0.1433584371934412,True,26.575559713643887
ft_00053.png,0.08761798517995227,True,25.025217983182966
ft_00054.png,0.054231079253786646,True,24.436089651131997
ft_00055.png,0.09820006723156359,True,25.813358708575404
ft_00056.png,0.07943477074565329,True,24.650355862679714
ft_00057.png,0.0680855217409522,True,26.172614617206335
ft_00058.png,0.05439404088418989,True,26.743704295087845
ft_00059.png,0.06445049699578945,True,25.074679452292408
ft_00060.png,0.08579411233085853,True,25.188025742728435
ft_00061.png,0.14802029896796187,True,25.351209470551453
ft_00062.png,0.07002114297002636,True,25.328136502580264
ft_00063.png,0.14683469205520516,True,24.224917009909316
ft_00064.png,0.10834308343042776,True,24.662666796616698
ft_00065.png,0.05259890343591115,True,23.878203721371474
ft_00066.png,0.08541834169008908,True,25.311587653481933
ft_00067.png,0.11439147111188352,True,26.667803620184376
ft_00068.png,0.08243202261844428,True,24.382964216900405
ft_00069.png,0.08726234587220101,True,25.09065461726465
ft_00070.png,0.13882365084439574,True,25.145873126069752
ft_00071.png,0.12498679327145513,True,25.11672558551927
ft_00072.png,0.1188369335849557,True,25.376950923613357
ft_00073.png,0.12132398125075518,True,25.33057582857598
ft_00074.png,0.13490272179121215,True,25.56251715025077
ft_00075.png,0.08241547173835558,True,25.184807668502884
ft_00076.png,0.1323163190094906,True,25.718375276371837
ft_00077.png,0.06860265139276296,True,25.773602026589607
ft_00078.png,0.11074165284040649,True,25.45482922506311
ft_00079.png,0.07536959196202787,True,24.860976802578342
ft_00080.png,0.09589556282510707,True,26.27179051602912
ft_00081.png,0.1396349217735123,True,23.628451643680727
ft_00082.png,0.06218212865852096,True,25.600366628298282
ft_00083.png,0.10936186472288573,True,25.248196426112372
ft_00084.png,0.09015722936070796,True,25.495078926242684
ft_00085.png,0.1417975623270562,True,25.299116079909957
ft_00086.png,0.09963338513673178,True,23.824952570369042
ft_00087.png,0.10750144437874502,True,25.152489025379225
ft_00088.png,0.10217176654193005,True,25.395102863945564
ft_00089.png,0.10473026113949889,True,26.57956927593245
ft_00090.png,0.1398045654680341,True,25.408079184668306
ft_00091.png,0.1360929677879188,True,25.22607095180593
ft_00092.png,0.08667250086427822,True,25.383319524430412
ft_00093.png,0.0686975906757625,True,25.54904754829119
ft_00094.png,0.08176853277980609,True,24.91173743104101
ft_00095.png,0.1118221627550524,True,26.46279186895811
ft_00096.png,0.08043952927359475,True,24.29764711742424
ft_00097.png,0.10622621958077882,True,24.943816465755724
ft_00098.png,0.11545857975628898,True,24.764913166343963
ft_00099.png,0.14430238024208836,True,24.45527851120358
ft_00100.png,0.11029218855879508,True,26.03959329172559
ft_00101.png,0.1489131908064929,True,25.691905491989576
ft_00102.png,0.06989948327207426,True,24.5882546268745
ft_00103.png,0.14276623176898123,True,25.236598485399337
ft_00104.png,0.11019458414523692,True,26.075875704251516
ft_00105.png,0.0554251303671109,True,25.97969206095714
ft_00106.png,0.0887934741073643,True,24.417968002244347
ft_00107.png,0.07417594518350165,True,24.583077063430785
ft_00108.png,0.11969763733908471,True,24.975012799845246
ft_00109.png,0.1346931434636796,True,26.640674645202775
ft_00110.png,0.09604958059629004,True,24.983959494069712
ft_00111.png,0.14347146429330773,True,25.603436292773928
ft_00112.png,0.14679092528929377,True,25.840448963677044
ft_00113.png,0.06972288885454324,True,24.796919167291396
ft_00114.png,0.14959255365936383,True,24.858244322844104
ft_00115.png,0.10851644541536996,True,24.47694494142542
ft_00116.png,0.05459922039074582,True,24.491986398866423
ft_00117.png,0.10332838985186213,True,24.77653661882136
ft_00118.png,0.09688411693532692,True,24.724012142966764
ft_00119.png,0.12299714453249574,True,26.061560131289042
ft_00120.png,0.10194709661372733,True,25.571919382259164
ft_00121.png,0.1414846253286119,True,25.642082520487186
ft_00122.png,0.07248388033442164,True,24.66808647041987
ft_00123.png,0.08728776109734651,True,24.97939093230816
ft_00124.png,0.138196395531481,True,26.216384608470452
ft_00125.png,0.052582954679224164,True,24.92085447000177
ft_00126.png,0.14405019955106435,True,25.945433091318595
ft_00127.png,0.08541491376494476,True,24.445523762870817
ft_00128.png,0.10612408268842191,True,25.502915680439745
ft_00129.png,0.1214291418806548,True,25.906208504264793
ft_00130.png,0.07020686219434291,True,24.5974068590713
ft_00131.png,0.05434221317101613,True,26.09790197961219
ft_00132.png,0.08533871614341063,True,25.09490401364949
ft_00133.png,0.12312255407544828,True,26.3935846683125
ft_00134.png,0.14465880177199553,True,25.25876445515939
ft_00135.png,0.05486706833204122,True,26.334779307528272
ft_00136.png,0.11636685552770427,True,26.061419808762466
ft_00137.png,0.1371700277777805,True,25.0257518907946
ft_00138.png,0.1126158609788611,True,25.434570670043474
ft_00139.png,0.12202616823810425,True,26.44890351959585
ft_00140.png,0.1176256790202154,True,26.09334097645665
ft_00141.png,0.05230040524798309,True,24.139312836275696
ft_00142.png,0.11137432297418798,True,24.95481235420757
ft_00143.png,0.05497333161132002,True,24.74602102696524
ft_00144.png,0.06439463467868492,True,26.1487795148146
ft_00145.png,0.08139872142715099,True,25.527385595272797
ft_00146.png,0.10487136272072012,True,25.460638469045612
ft_00147.png,0.1269618407467537,True,25.021569372900608
ft_00148.png,0.11168285986672137,True,24.345041365089738
ft_00149.png,0.12738835595351244,True,24.279627187032773
ft_00150.png,0.0710553204188169,True,25.29509334631832
ft_00151.png,0.0700864810234106,True,25.488411361109176
ft_00152.png,0.1370314714340349,True,24.51053729811473
ft_00153.png,0.13971911216104782,True,24.153424461643436
ft_00154.png,0.1460258290441127,True,25.183165909447432
ft_00155.png,0.11341939603624755,True,26.353152338762467
ft_00156.png,0.05814358043266974,True,25.158199246305593
ft_00157.png,0.1360687867763743,True,25.567925035452916
ft_00158.png,0.06320313887311726,True,24.93427402032864
ft_00159.png,0.1317398688663884,True,26.06422121916981
ft_00160.png,0.05937963961555821,True,24.9514976288367
ft_00161.png,0.1493805411846419,True,25.415413067335262
ft_00162.png,0.0631342759581827,True,25.05951814650489
ft_00163.png,0.06552905655998083,True,26.633421296493257
ft_00164.png,0.08084463740673352,True,24.640626958355305
ft_00165.png,0.13715034542274585,True,26.45443644290227
ft_00166.png,0.12963963984312848,True,24.488185795446014
ft_00167.png,0.09233763580197069,True,25.016038259653453
ft_00168.png,0.0681508608243392,True,24.73669713498438
ft_00169.png,0.13456558038292027,True,24.602314225618976
ft_00170.png,0.13795566272054938,True,25.99962990831553
ft_00171.png,0.11542600422668202,True,24.695766079134156
ft_00172.png,0.0847593715456341,True,25.920196435579808
ft_00173.png,0.08761277570438994,True,25.163876155622198
ft_00174.png,0.07985528449572968,True,24.82403587024455
ft_00175.png,0.05408135749750137,True,24.675045322736977
ft_00176.png,0.06982692239656957,True,25.535608655826678
ft_00177.png,0.14989116601691538,True,25.045621583174373
ft_00178.png,0.12863164878017452,True,24.206073011739765
ft_00179.png,0.09734588244642503,True,25.519502058576776
ft_00180.png,0.06760770885876073,True,25.475899217668008
ft_00181.png,0.12880790603665582,True,24.89453396618769
ft_00182.png,0.058878858411220925,True,24.98604608426008
ft_00183.png,0.055419292647338,True,24.616369824889897
ft_00184.png,0.05465352657040972,True,25.99933769102349
ft_00185.png,0.05781352862292251,True,25.14481664082958
ft_00186.png,0.1194901137114788,True,24.351188746537204
ft_00187.png,0.051193683471037456,True,25.274965111037837
ft_00188.png,0.07086457754400263,True,26.1444718141011
ft_00189.png,0.13226877329981718,True,26.12069249420366
ft_00190.png,0.13426036780223277,True,24.440680470140023
ft_00191.png,0.10131170982885707,True,24.56103173865369
ft_00192.png,0.12292351050162383,True,25.617062782940557
ft_00193.png,0.0731286405731931,True,25.32605311065673
ft_00194.png,0.09777910288126915,True,25.787753183610633
ft_00195.png,0.11251392542548279,True,25.286688251093583
ft_00196.png,0.13929276627120496,True,24.790264986823175
ft_00197.png,0.06859079174601919,True,25.48996801076283
ft_00198.png,0.08928967842427518,True,25.79619537551739
ft_00199.png,0.09660895724920421,True,25.574273859891225
ft_00200.png,0.09199007050330862,True,25.2311625993379
ft_00201.png,0.0593187805626245,True,25.42100704341128
ft_00202.png,0.13251887634500586,True,25.307679505026837
ft_00203.png,0.0705671040744972,True,25.735101773135696
ft_00204.png,0.08339892837959674,True,25.378072337332092
ft_00205.png,0.05803230637908609,True,26.368171922653477
ft_00206.png,0.13665327436201796,True,26.932710763005126
ft_00207.png,0.1404591599833318,True,25.82269623606087
ft_00208.png,0.105385556425943,True,24.72340389751153
ft_00209.png,0.0780284713877269,True,26.52240386683577
ft_00210.png,0.07467782855966223,True,26.218115038355855
ft_00211.png,0.06091871240833938,True,24.90426691061575
ft_00212.png,0.12360459528521574,True,25.3216441848771
ft_00213.png,0.07765962942552304,True,26.748734687967094
ft_00214.png,0.11676022790032076,True,25.23440524134748
ft_00215.png,0.06136903039228134,True,24.596576140803098
ft_00216.png,0.12352110595163285,True,25.511272672407674
ft_00217.png,0.12853906292046716,True,25.10833170601355
ft_00218.png,0.10922492505011333,True,25.450041262064047
ft_00219.png,0.06240851904405466,True,25.65540399320277
ft_00220.png,0.056845805268955635,True,25.908154616105634
ft_00221.png,0.08175182218817831,True,25.5925008136985
ft_00222.png,0.061833492348339805,True,25.234979898250455
ft_00223.png,0.0895672267215054,True,25.001533950247484
ft_00224.png,0.09261823517845044,True,25.00562911968281
ft_00225.png,0.09017906582903404,True,25.611794122127826
ft_00226.png,0.13389542937089638,True,25.326266303452194
ft_00227.png,0.1352723922330056,True,24.285639955729344
ft_00228.png,0.081513085312117,True,25.25225448936906
ft_00229.png,0.1250847380975496,True,24.561624265139855
ft_00230.png,0.10964729644516119,True,24.992948359208526
ft_00231.png,0.05528873040202658,True,27.39870120582884
ft_00232.png,0.1442464117265549,True,24.96900473162013
ft_00233.png,0.14479286370873876,True,26.655192781906113
ft_00234.png,0.0913576450914527,True,25.373812504816925
ft_00235.png,0.07546922337993311,True,25.77411142795071
ft_00236.png,0.07142622344890866,True,25.8416243270673
ft_00237.png,0.07248571621185274,True,25.257048458375458
ft_00238.png,0.07746375095784483,True,25.186593361492267
ft_00239.png,0.10544479273279865,True,25.778485520547623
ft_00240.png,0.07245385629019196,True,23.994575129870896
ft_00241.png,0.1407940558987597,True,25.302739740260037
ft_00242.png,0.0940839231786611,True,25.887572387464488
ft_00243.png,0.09224020984371921,True,24.708600155030467
ft_00244.png,0.07950793061886002,True,27.842015875836847
ft_00245.png,0.08690447490269357,True,24.37413156819624
ft_00246.png,0.0819503950562385,True,24.908883210514805
ft_00247.png,0.11713381975499786,True,24.96355172998564
ft_00248.png,0.06313380508219515,True,26.171577614562782
ft_00249.png,0.11742860458861824,True,25.393954931139874
ft_00250.png,0.12115847435186167,True,25.900802333070093
ft_00251.png,0.07653890145053051,True,25.17015657510973
ft_00252.png,0.10606248555836373,True,25.884177925228116
ft_00253.png,0.1185395007280111,True,25.640671330960863
ft_00254.png,0.0873636606157984,True,25.160255240366837
ft_00255.png,0.07900814404882518,True,26.021261710299342
ft_00256.png,0.13995753902925356,True,25.99097247408499
ft_00257.png,0.07660522955520699,True,24.824091679523008
ft_00258.png,0.07078173055796812,True,26.684466031608626
ft_00259.png,0.09988420648371091,True,25.437188858104154
ft_00260.png,0.0986261157830394,True,24.68154352545082
ft_00261.png,0.07346383349434109,True,24.94754995600801
ft_00262.png,0.062061833985074394,True,25.748298069206186
ft_00263.png,0.05918120978223393,True,27.15160413539249
ft_00264.png,0.1387643635893039,True,24.85186829321371
ft_00265.png,0.07587904197681596,True,25.4458300358664
ft_00266.png,0.13679306506414582,True,26.352253772595603
ft_00267.png,0.08754088025470662,True,24.479175635661548
ft_00268.png,0.07439055002952413,True,26.630454761971553
ft_00269.png,0.060397098617594604,True,25.72455291764532
ft_00270.png,0.0954657351748261,True,25.163561469397358
ft_00271.png,0.11375306041560873,True,25.216781043679966
ft_00272.png,0.14193892581432827,True,26.29039667442455
ft_00273.png,0.052614918506268586,True,24.864729690730822
ft_00274.png,0.05790290869008104,True,25.67310440770923
ft_00275.png,0.07383206443705735,True,24.412230566445988
ft_00276.png,0.05528730195878109,True,25.899560630167834
ft_00277.png,0.0844391693888513,True,24.434900143206484
ft_00278.png,0.12526853736152088,True,24.436317307831295
ft_00279.png,0.05201860174819284,True,25.25364218559808
ft_00280.png,0.06016902441281278,True,24.91846116125381
ft_00281.png,0.112718766794966,True,24.749421212866167
ft_00282.png,0.07641124909424082,True,26.554614898575743
ft_00283.png,0.0806187176536261,True,25.391928966695964
ft_00284.png,0.06330233683483694,True,24.70804880367892
ft_00285.png,0.1393203441307042,True,25.798195430382265
ft_00286.png,0.06216199348647477,True,25.42619523827969
ft_00287.png,0.1406103842817475,True,25.34344082968911
ft_00288.png,0.12527377900386527,True,24.582053257686187
ft_00289.png,0.1296440952230089,True,26.736551437588993
ft_00290.png,0.13628788544632797,True,24.841323233981196
ft_00291.png,0.09416533838538896,True,25.557372222218937
ft_00292.png,0.10708515502595327,True,25.724107422579394
ft_00293.png,0.10956785096793104,True,24.237154907196455
ft_00294.png,0.05110378634357121,True,25.16580146978889
ft_00295.png,0.06672917910996087,True,25.339275213513837
ft_00296.png,0.08983130792488327,True,25.314182029785805
ft_00297.png,0.13862180272676883,True,24.72494362722502
ft_00298.png,0.11382308748042222,True,26.703766711342396
ft_00299.png,0.06748653860408403,True,25.231055874724184
ft_00300.png,0.07126734415734932,True,25.762225529787436
ft_00301.png,0.06506977894584466,True,25.793748187889165
ft_00302.png,0.1483750794029398,True,24.572135761929825
ft_00303.png,0.0961353025715716,True,24.858575910455194
ft_00304.png,0.06252288880814198,True,26.470053969684496
ft_00305.png,0.12299530007930398,True,24.9831540736114
ft_00306.png,0.10254507968508157,True,26.35094952497393
ft_00307.png,0.08663461631373974,True,25.42318066942517
ft_00308.png,0.14847770311071723,True,24.7629998144862
ft_00309.png,0.0909107548488557,True,24.891158260255843
ft_00310.png,0.09714132750961323,True,25.38139668056036
ft_00311.png,0.07302787032920928,True,26.919717111795123
ft_00312.png,0.05500585256489935,True,26.18034336813176
ft_00313.png,0.05458628393398889,True,25.051046938418388
ft_00314.png,0.08582990247403757,True,27.48965406304348
ft_00315.png,0.12074365018528686,True,25.88733663374319
ft_00316.png,0.13370601600939533,True,24.918578818575675
ft_00317.png,0.07042391755940143,True,26.99255219713494
ft_00318.png,0.14107425214424085,True,26.10274444576918
ft_00319.png,0.08006058776753074,True,25.803691804025757
ft_00320.png,0.07268516452620513,True,25.465628027828345
ft_00321.png,0.06265760312352961,True,25.00483569485062
ft_00322.png,0.14080868556110793,True,25.945399837328843
ft_00323.png,0.06775280181866998,True,26.991188276994706
ft_00324.png,0.05551776042270937,True,25.031657561644675
ft_00325.png,0.11547474345860782,True,25.100500162457266
ft_00326.png,0.09414073731840664,True,25.74909604816447
ft_00327.png,0.07833351707865154,True,26.88303762810088
ft_00328.png,0.10075813460260034,True,25.574161059050024
ft_00329.png,0.08396034969654946,True,25.282587467261983
ft_00330.png,0.14566357168818062,True,26.13399325961575
ft_00331.png,0.05901335741907714,True,25.70786047327067
ft_00332.png,0.0767370942078203,True,27.188877291800885
ft_00333.png,0.06693085905153737,True,24.5831520140869
ft_00334.png,0.08187113626416616,True,25.849525831778266
ft_00335.png,0.12854631096645472,True,24.52872480446144
ft_00336.png,0.13817650601453813,True,27.081357546193413
ft_00337.png,0.12558139204581747,True,25.726031120925605
ft_00338.png,0.10159267562475707,True,25.055836700677112
ft_00339.png,0.10177809007449606,True,25.344706668678807
ft_00340.png,0.11650437594253926,True,26.694836338221304
ft_00341.png,0.08715862053653672,True,25.101232969399426
ft_00342.png,0.1057018090399777,True,25.773808193430852
ft_00343.png,0.12768004987528803,True,25.22763742970497
ft_00344.png,0.13261312641536765,True,25.083927259127865
ft_00345.png,0.1481977959039868,True,25.890125514534738
ft_00346.png,0.08641477961569122,True,25.306822598263658
ft_00347.png,0.09835568298010186,True,24.974578219574923
ft_00348.png,0.0648188049665688,True,25.148215838689723
ft_00349.png,0.13152543619723422,True,26.4975003818992
ft_00350.png,0.07404257581578269,True,24.585964965030037
ft_00351.png,0.13662571726202957,True,25.78113655056002
ft_00352.png,0.0913806913114006,True,24.766788572534285
ft_00353.png,0.1205202289627416,True,24.68948659858489
ft_00354.png,0.12599678467293768,True,25.662522076877018
ft_00355.png,0.061217511620112866,True,24.142773042868413
ft_00356.png,0.06803199052566514,True,26.031207733326482
ft_00357.png,0.08691508040521102,True,25.89291631934014
ft_00358.png,0.07426821914543755,True,25.233276332271814
ft_00359.png,0.13731461189876076,True,25.53758132392184
ft_00360.png,0.12069210323732982,True,25.28165606280798
ft_00361.png,0.06915402942582963,True,25.10649918136906
ft_00362.png,0.05719480514086142,True,25.104076529288662
ft_00363.png,0.11802831232060176,True,24.448019996096075
ft_00364.png,0.0866193428851813,True,25.6573989754466
ft_00365.png,0.10060597973464944,True,24.84320447739051
ft_00366.png,0.11081520095134376,True,24.325507993154993
ft_00367.png,0.05677876549403287,True,24.85865868133326
ft_00368.png,0.11406873148059626,True,25.149715451294277
ft_00369.png,0.08481426505017925,True,24.874685609720977
ft_00370.png,0.09473880374344476,True,25.666655899795554
ft_00371.png,0.14135825978533756,True,25.085545178517563
ft_00372.png,0.05394019118638352,True,25.18840368480707
ft_00373.png,0.05603373926251636,True,25.22710007770217
ft_00374.png,0.13232880281126208,True,27.195434344187376
ft_00375.png,0.07768797434179883,True,24.68835491203251
ft_00376.png,0.14243029799981657,True,24.503510348265614
ft_00377.png,0.09387105904032593,True,25.53085673426631
ft_00378.png,0.1269893443172237,True,25.056166638518647
ft_00379.png,0.13028865970897424,True,26.04505843503882
ft_00380.png,0.05547516741473947,True,26.326206940919498
ft_00381.png,0.07620719060900613,True,24.038664503135685
ft_00382.png,0.0903481139340608,True,26.026536588462402
ft_00383.png,0.06466703242399498,True,26.764928500819355
ft_00384.png,0.14453577742995108,True,25.507580361862022
ft_00385.png,0.08601868357131878,True,26.14463064544824
ft_00386.png,0.0802104311147696,True,26.645817864004865
ft_00387.png,0.10663405908213672,True,25.666373100611146
ft_00388.png,0.11955099592125065,True,24.850852201874684
ft_00389.png,0.1387928940193913,True,25.25903560204354
ft_00390.png,0.06641871840473816,True,24.260343411821697
ft_00391.png,0.11912770124021431,True,25.531677175818118
ft_00392.png,0.0708042691399908,True,24.50269854570741
ft_00393.png,0.11609898706755672,True,24.67246986128243
ft_00394.png,0.06578622050677704,True,25.048728234855293
ft_00395.png,0.06751939609232673,True,27.19857097727374
ft_00396.png,0.14329106822434592,True,25.639195134515123
ft_00397.png,0.11145937618480416,True,25.24661660399783
ft_00398.png,0.0766186731014158,True,24.88985045901195
ft_00399.png,0.09486520916888994,True,25.337240806358103
ft_00400.png,0.14520858371152667,True,23.977137964594473
ft_00401.png,0.06871488683430857,True,24.635913311093482
ft_00402.png,0.05020725993509269,True,25.67148599123189
ft_00403.png,0.11868758979668538,True,24.649324894169602
ft_00404.png,0.13423627423047085,True,26.382254342247002
ft_00405.png,0.12560215201000458,True,26.294723847093206
ft_00406.png,0.1163169147253963,True,25.808305687276913
ft_00407.png,0.141162488904509,True,24.539653284557822
ft_00408.png,0.13392750473432918,True,25.75237169727209
ft_00409.png,0.10549570099947353,True,25.223889237432683
ft_00410.png,0.11321984687225736,True,25.411741211860722
ft_00411.png,0.061173451186082174,True,25.002136425728324
ft_00412.png,0.11978327710654817,True,25.810538276791313
ft_00413.png,0.10965003681903768,True,25.927294509154954
ft_00414.png,0.14985722106292482,True,24.558381992476058
ft_00415.png,0.1024169513502323,True,25.27606369928872
ft_00416.png,0.06524416377524264,True,25.166782698511977
ft_00417.png,0.09309007343465486,True,26.191920151857527
ft_00418.png,0.13166818540699646,True,25.0243243939978
ft_00419.png,0.1201930425413114,True,25.53340391152901
ft_00420.png,0.10320510391473889,True,26.612218360431932
ft_00421.png,0.08826373931246687,True,25.818261328593607
ft_00422.png,0.12303796437159721,True,25.034954140147544
ft_00423.png,0.11912014692262902,True,25.079494051094876
ft_00424.png,0.14459026572601608,True,25.727934077097384
ft_00425.png,0.05700387754381911,True,25.36493845689005
ft_00426.png,0.08878941702366722,True,24.462076122568458
ft_00427.png,0.08995617064376676,True,25.727109114840523
ft_00428.png,0.11072164994593701,True,25.12496390573569
ft_00429.png,0.06308814804877769,True,24.959753482173355
ft_00430.png,0.05027747373042815,True,25.386949685719195
ft_00431.png,0.06983007819218046,True,25.130211059221153
ft_00432.png,0.08403154107251372,True,25.60874721900635
ft_00433.png,0.11625482694059565,True,24.676271059228803
ft_00434.png,0.14761123855030478,True,24.70934718755863
ft_00435.png,0.09086601466940936,True,26.866393602549667
ft_00436.png,0.0856975948978995,True,25.17721040057762
ft_00437.png,0.06809643419071744,True,26.316956601359344
ft_00438.png,0.05169806352848001,True,24.90533215516139
ft_00439.png,0.10341390288276808,True,26.850151611000147
ft_00440.png,0.1355416118425413,True,25.852117594499383
ft_00441.png,0.10333239633308682,True,26.586316923346228
ft_00442.png,0.06124177693756658,True,24.159917502445033
ft_00443.png,0.10075352545170385,True,25.099965450849897
ft_00444.png,0.14259769974956132,True,25.364643676138222
ft_00445.png,0.14284896912992173,True,25.097469095843046
ft_00446.png,0.08113775649379215,True,24.106955317486303
ft_00447.png,0.13017749887039454,True,24.004455603622873
ft_00448.png,0.14657817881537083,True,25.458545348135452
ft_00449.png,0.11705827454166697,True,26.30147420031352
ft_00450.png,0.14501418634564933,True,25.081750865205382
ft_00451.png,0.10912801867817068,True,24.40831826013209
ft_00452.png,0.061527213759387016,True,24.628597677341034
ft_00453.png,0.10388520044294794,True,24.361834672835663
ft_00454.png,0.06658329907557282,True,24.288044022320697
ft_00455.png,0.07679593082164961,True,25.98328072091323
ft_00456.png,0.12719225366129494,True,25.660924109222925
ft_00457.png,0.07534071651309693,True,24.68290780441609
ft_00458.png,0.1432878446695709,True,24.502329725329908
ft_00459.png,0.12865091811529578,True,25.197310936997276
ft_00460.png,0.12417461516929587,True,26.447557182630582
ft_00461.png,0.11836611654455134,True,24.81183211715383
ft_00462.png,0.05855959455376142,True,25.191396186040333
ft_00463.png,0.10007177784640975,True,25.140069573679998
ft_00464.png,0.09471064095260803,True,26.669622655152665
ft_00465.png,0.1499484165914281,True,26.079422314891744
ft_00466.png,0.0529612980511972,True,25.84282270379577
ft_00467.png,0.12985842648582446,True,24.62822648963126
ft_00468.png,0.06246061847349406,True,27.62711981857536
ft_00469.png,0.0864235852372979,True,24.776331733950116
ft_00470.png,0.14001237629789748,True,25.249164026793075
ft_00471.png,0.0527908154418721,True,25.82500417378029
ft_00472.png,0.07472625933302081,True,26.44274113741567
ft_00473.png,0.12231465628865006,True,25.4507810301428
ft_00474.png,0.1332576013513024,True,25.88878509386142
ft_00475.png,0.0738834997158829,True,25.316369843441908
ft_00476.png,0.12510823127417814,True,26.294358984154115
ft_00477.png,0.05999550737571774,True,25.40597184085225
ft_00478.png,0.08276269272802199,True,24.97716711870232
ft_00479.png,0.1387693051652989,True,25.95060404527421
ft_00480.png,0.10027803946179445,True,26.89429746374863
ft_00481.png,0.07761482504041843,True,25.930723251987846
ft_00482.png,0.08336382136627118,True,25.323301766819306
ft_00483.png,0.11033637531526001,True,24.846930936297646
ft_00484.png,0.1484018427005025,True,26.563044630810637
ft_00485.png,0.05971126421611914,True,24.592216228025464
ft_00486.png,0.0980808718033972,True,26.09572906118408
ft_00487.png,0.07376644779606319,True,26.655019640593697
ft_00488.png,0.09167571385139586,True,26.699643268665618
ft_00489.png,0.07979250784520737,True,26.6992070082471
ft_00490.png,0.087387296977548,True,24.78688484784609
ft_00491.png,0.1101390067096765,True,24.650263885152675
ft_00492.png,0.0561125493500002,True,24.788271578592344
ft_00493.png,0.07210823935800609,True,24.215451074234984
ft_00494.png,0.08905146969689161,True,24.866740280964645
ft_00495.png,0.1331705590854268,True,25.4858537856563
ft_00496.png,0.10070402816041218,True,25.093565237303213
ft_00497.png,0.0927746447876123,True,24.97025987933047
ft_00498.png,0.07967292408445231,True,25.724034700800612
ft_00499.png,0.13225211722571317,True,25.97020876534334
ft_00500.png,0.09340769631510853,True,25.512302034442982
ft_00501.png,0.14852865859705272,True,24.439358088553014
ft_00502.png,0.05054176150618172,True,25.10198305635925
ft_00503.png,0.08241802142601833,True,26.05550925819736
ft_00504.png,0.12515550775865453,True,26.125689360219976
ft_00505.png,0.06025269322055637,True,24.82415945626544
ft_00506.png,0.07949972218433825,True,26.026133437298732
ft_00507.png,0.06686877636531827,True,24.491033045929782
ft_00508.png,0.1127170930154028,True,26.302478893954415
ft_00509.png,0.05212785284725696,True,25.069614415243777
ft_00510.png,0.0897368591770489,True,25.47136972149922
ft_00511.png,0.14593199150209635,True,25.89795084386931
ft_00512.png,0.05156316125213437,True,26.84795731990679
ft_00513.png,0.11728074881835483,True,25.800076549484015
ft_00514.png,0.0717215087643623,True,26.11779259466731
ft_00515.png,0.08165496235528723,True,25.59679402964339
ft_00516.png,0.05474418629797682,True,25.639836264198436
ft_00517.png,0.07947564694478015,True,24.712128793276765
ft_00518.png,0.10906398190250699,True,25.297531779423412
ft_00519.png,0.09635667509377144,True,25.7221024989682
ft_00520.png,0.1034986591698137,True,25.005343009702074
ft_00521.png,0.10611972935073025,True,24.430154411416652
ft_00522.png,0.07824335613225403,True,25.49504473402355
ft_00523.png,0.09202998857980396,True,26.123918129828148
ft_00524.png,0.05749544614300395,True,25.749815018487002
ft_00525.png,0.14021939305480657,True,26.19967501184359
ft_00526.png,0.1490758851067091,True,26.52768461933341
ft_00527.png,0.08623090058922137,True,24.75974449605889
ft_00528.png,0.13869919747500498,True,24.721074724228195
ft_00529.png,0.05973404418680968,True,25.27658504790891
ft_00530.png,0.09005846444532696,True,24.533398538666983
ft_00531.png,0.11328987444156097,True,26.20399461304008
ft_00532.png,0.1314465202420415,True,24.752038264378765
ft_00533.png,0.0857010941081069,True,25.3852285464294
ft_00534.png,0.07564532654744825,True,24.43551608086426
ft_00535.png,0.13669646767205987,True,25.84899888725552
ft_00536.png,0.05262117165308178,True,24.571157548791604
ft_00537.png,0.09579834237293598,True,24.821593446911628
ft_00538.png,0.11347955839517081,True,25.947587129985532
ft_00539.png,0.07878370905945525,True,25.05873016914697
ft_00540.png,0.12026793351180858,True,25.386810997140703
ft_00541.png,0.10200427932456316,True,25.818050057821893
ft_00542.png,0.07077022909501086,True,25.8274498064512
ft_00543.png,0.10400451579730312,True,24.960554999960856
ft_00544.png,0.14158519726360097,True,25.456360278794627
ft_00545.png,0.13731247490609616,True,24.442126258781627
ft_00546.png,0.06973736454599486,True,24.747567885385656
ft_00547.png,0.06764608452038473,True,24.43885366131849
ft_00548.png,0.1330966761739734,True,24.52017731681022
ft_00549.png,0.1331420291535917,True,25.317563787126733
ft_00550.png,0.14816744875163854,True,24.70398267805033
ft_00551.png,0.09030393937228817,True,26.71451389624217
ft_00552.png,0.13810725330644974,True,26.366565486856615
ft_00553.png,0.13975742257484602,True,26.03613631986255
ft_00554.png,0.14937384617423383,True,25.567547104031046
ft_00555.png,0.06404249857417921,True,25.364516212734905
ft_00556.png,0.0782963343445665,True,24.779828651999296
ft_00557.png,0.09522504299343118,True,24.4560897429575
ft_00558.png,0.05298537305651374,True,25.662055374009558
ft_00559.png,0.07783175086748498,True,26.85896212903778
ft_00560.png,0.10932034896596018,True,24.876536256766293
ft_00561.png,0.0870927652052951,True,24.62674185880712
ft_00562.png,0.05961697906275686,True,25.8013124780826
ft_00563.png,0.070937897467415,True,24.68610751324622
ft_00564.png,0.1181269715012612,True,26.235742350731638
ft_00565.png,0.10289119201093276,True,24.346095711498762
ft_00566.png,0.12246155995511931,True,24.936950483624393
ft_00567.png,0.052680017362550485,True,24.947159928172766
ft_00568.png,0.06378761579234474,True,24.646720962671672
ft_00569.png,0.11091762091195506,True,24.61833248944634
ft_00570.png,0.0728803350209491,True,25.502987083957805
ft_00571.png,0.08853687098499478,True,24.817050418155183
ft_00572.png,0.1264171310668179,True,25.06726221402986
ft_00573.png,0.09146512103214734,True,25.5000042130256
ft_00574.png,0.112845592617907,True,25.91841148471753
ft_00575.png,0.10110837957340955,True,25.23008878831783
ft_00576.png,0.08248366064451017,True,25.878172720273756
ft_00577.png,0.0776503639089112,True,24.757619357306222
ft_00578.png,0.062752287578248,True,24.54287019036848
ft_00579.png,0.06117484134294519,True,24.75106889607842
ft_00580.png,0.0839032358940919,True,24.40848784286782
ft_00581.png,0.12497996719702845,True,25.128472958643847
ft_00582.png,0.11293345732853344,True,25.801981095672055
ft_00583.png,0.05464544271825912,True,25.07852381302285
ft_00584.png,0.07006761480600088,True,25.146822304678473
ft_00585.png,0.07475246301186592,True,26.103553502945708
ft_00586.png,0.10513088755539184,True,26.091591174679007
ft_00587.png,0.08771258028361367,True,26.253282224223653
ft_00588.png,0.10029738503977997,True,26.642869354351305
ft_00589.png,0.13681543058480766,True,24.880876594380442
ft_00590.png,0.0809301148806082,True,26.123585287070807
ft_00591.png,0.13918562202400125,True,25.330498742109473
ft_00592.png,0.12088909497469692,True,25.401764460510925
ft_00593.png,0.0979912383566687,True,25.319205244308634
ft_00594.png,0.1394530941962352,True,24.97868545229847
ft_00595.png,0.11605913158703081,True,25.42513774494686
ft_00596.png,0.09160412803009703,True,25.218872760953296
ft_00597.png,0.10472443767841415,True,25.40599672848839
ft_00598.png,0.08087778953474735,True,27.141601396613638
ft_00599.png,0.13495515485133203,True,26.286714769947856
ft_00600.png,0.05574983649559087,True,25.46305705992633
ft_00601.png,0.07597516907844928,True,25.680809839877547
ft_00602.png,0.07859872748451938,True,26.19241758981193
ft_00603.png,0.12077633602340095,True,24.581685929118965
ft_00604.png,0.07536265189968437,True,25.234418620418694
ft_00605.png,0.12418187213073006,True,25.032736227450656
ft_00606.png,0.06662007606690881,True,25.200018794005715
ft_00607.png,0.12550106066856914,True,26.12833028838253
ft_00608.png,0.0640638017723159,True,27.34716988276906
ft_00609.png,0.07263476038277826,True,25.35454337993796
ft_00610.png,0.08096491688396298,True,24.543629094160956
ft_00611.png,0.06298445587884961,True,25.821472768179333
ft_00612.png,0.13459343717321387,True,25.091544625863186
ft_00613.png,0.08264444044785794,True,25.036985098394414
ft_00614.png,0.11633859691120026,True,24.71644528038095
ft_00615.png,0.12774004736940042,True,25.274509297949205
ft_00616.png,0.12987823411357335,True,26.032007658899346
ft_00617.png,0.09174335574428089,True,26.426251529570703
ft_00618.png,0.0717790321730514,True,25.427161840604278
ft_00619.png,0.11215758819809717,True,25.791997302071277
ft_00620.png,0.1091286774904131,True,24.798121547238395
ft_00621.png,0.05366842778918527,True,24.79237513405572
ft_00622.png,0.1043087396169676,True,25.01274124249931
ft_00623.png,0.07929852092917955,True,24.649122455488516
ft_00624.png,0.06240402147141169,True,25.039690184559408
ft_00625.png,0.07072003621190441,True,24.87829963559252
ft_00626.png,0.13743004014634103,True,24.737655007933395
ft_00627.png,0.06928780848126474,True,25.320913943461463
ft_00628.png,0.08348751788255318,True,24.460405085135047
ft_00629.png,0.12452260686752015,True,25.09201904984471
ft_00630.png,0.14999036235584756,True,27.202500040928644
ft_00631.png,0.10766994102716407,True,25.01309011856607
ft_00632.png,0.08709358339939573,True,24.580291046542648
ft_00633.png,0.12622478402983833,True,26.201385479447666
ft_00634.png,0.09312906383726816,True,24.313241977271524
ft_00635.png,0.13917093141865697,True,23.428541255581365
ft_00636.png,0.14628698535286305,True,26.189390729610412
ft_00637.png,0.09472154839584168,True,24.876792599318712
ft_00638.png,0.11688178427015784,True,24.814572906832844
ft_00639.png,0.09060355204656531,True,25.969935309163525
ft_00640.png,0.14337668002456905,True,24.90136687279721
ft_00641.png,0.12655880294908706,True,24.96973488348337
ft_00642.png,0.06257997520944723,True,23.75459507754487
ft_00643.png,0.057480487748016396,True,25.473979762883452
ft_00644.png,0.09367275067825329,True,24.882388394479765
ft_00645.png,0.14947613300327756,True,26.11269806661429
ft_00646.png,0.09667093052296694,True,24.6158113756637
ft_00647.png,0.10505439839628976,True,24.873425120078736
ft_00648.png,0.13360026461129268,True,24.455957623157637
ft_00649.png,0.1470387224712058,True,24.493482353047714
ft_00650.png,0.06350017565480334,True,26.035089266752873
ft_00651.png,0.057382594440350626,True,25.69868510014494
ft_00652.png,0.12573226389037387,True,25.463754583082867
ft_00653.png,0.10895392772013754,True,25.82208854808236
ft_00654.png,0.11818922866114541,True,25.4550643420826
ft_00655.png,0.055213953627407136,True,25.49441836575919
ft_00656.png,0.08660978221617988,True,26.361532206954816
ft_00657.png,0.08588648347507805,True,26.467866683623935
ft_00658.png,0.08192772178304696,True,26.12230633401272
ft_00659.png,0.08438526131086284,True,25.134041540881505
ft_00660.png,0.05030892896238314,True,25.779027241934813
ft_00661.png,0.057176092038251906,True,25.3116114289973
ft_00662.png,0.10798200528464824,True,25.271286555177124
ft_00663.png,0.09673880012172248,True,24.369007949476973
ft_00664.png,0.05745381077745859,True,24.998691642825555
ft_00665.png,0.07292683707866296,True,25.363974038536817
ft_00666.png,0.13759428636963988,True,24.912805246793653
ft_00667.png,0.10974800774732565,True,25.550046032831357
ft_00668.png,0.11845544118089303,True,25.349338741450225
ft_00669.png,0.1279568292827143,True,25.91251770469028
ft_00670.png,0.11319192696915725,True,25.74742865348421
ft_00671.png,0.12508185645019626,True,25.235711709380023
ft_00672.png,0.13140219310026724,True,25.467983952468334
ft_00673.png,0.06615317201284407,True,25.454889106525627
ft_00674.png,0.1096597740879908,True,24.737267606656665
ft_00675.png,0.08315233501739341,True,24.61432793497459
ft_00676.png,0.07673870021336822,True,26.000641664802302
ft_00677.png,0.11137594758067515,True,25.58641251934745
ft_00678.png,0.14848089574224455,True,25.03051598502847
ft_00679.png,0.12196067847830795,True,24.773250137960453
ft_00680.png,0.06872070173464226,True,25.365394045255915
ft_00681.png,0.07550110366114278,True,26.900943555371697
ft_00682.png,0.10104512389389073,True,24.921225263474977
ft_00683.png,0.12568111255248882,True,25.456867448239798
ft_00684.png,0.1001910402201451,True,25.460581016560916
ft_00685.png,0.07843791958307067,True,25.599979819680403
ft_00686.png,0.11836422986608718,True,24.54724344242536
ft_00687.png,0.11175435226565705,True,24.876052327449756
ft_00688.png,0.06377239774371077,True,24.207166196952414
ft_00689.png,0.11772555426603425,True,26.066486774862593
ft_00690.png,0.10042697796692755,True,25.55607766249199
ft_00691.png,0.1433783238514731,True,24.68364513675136
ft_00692.png,0.082793594509707,True,25.507393818432064
ft_00693.png,0.09376509199414029,True,25.96065486414019
ft_00694.png,0.12736645359956678,True,25.8756030839547
ft_00695.png,0.10859118039692044,True,25.94110420121721
ft_00696.png,0.10566823302279137,True,24.354108639892665
ft_00697.png,0.13828546434969108,True,25.691999976213864
ft_00698.png,0.13835595867495615,True,25.88526679381242
ft_00699.png,0.08921879345877447,True,25.162862235909074
ft_00700.png,0.13612725614779347,True,25.49768723750216
ft_00701.png,0.09884123007110046,True,24.979979222839752
ft_00702.png,0.11979286611028424,True,24.281199674892484
ft_00703.png,0.136492877689622,True,24.69245956781689
ft_00704.png,0.05142021685654729,True,25.40219564504966
ft_00705.png,0.13906158937812446,True,25.801826173951483
ft_00706.png,0.14186656675060083,True,26.384067372147758
ft_00707.png,0.07926761326885652,True,26.28257972887816
ft_00708.png,0.12643541419541837,True,26.332496145986852
ft_00709.png,0.06281494512972122,True,24.498290175442236
ft_00710.png,0.14448788495851855,True,25.19897492206833
ft_00711.png,0.06542326834297729,True,25.410674243125705
ft_00712.png,0.0526368694544397,True,25.844444149062326
ft_00713.png,0.10961752512968292,True,24.728563178511635
ft_00714.png,0.05030270212579732,True,26.118856166716277
ft_00715.png,0.11460922849454518,True,25.070693379230157
ft_00716.png,0.05510289525765982,True,23.962185254655527
ft_00717.png,0.06527845861314745,True,24.902466383918668
ft_00718.png,0.08254630459116782,True,25.384915482535916
ft_00719.png,0.053454593310760204,True,24.6221212391453
ft_00720.png,0.09075003460837919,True,25.28113112530359
ft_00721.png,0.12105841998042109,True,25.284096250431457
ft_00722.png,0.14718327637934425,True,23.892339966629024
ft_00723.png,0.07623820248905339,True,27.0917084998301
ft_00724.png,0.05058728956625874,True,25.167107107490324
ft_00725.png,0.05479229329053799,True,24.356938320337225
ft_00726.png,0.11368599024618113,True,25.25545755211712
ft_00727.png,0.0592571897940628,True,25.518377179271802
ft_00728.png,0.05117502310039456,True,24.565833801552763
ft_00729.png,0.10556835321524513,True,25.943047329798823
ft_00730.png,0.06787523069067862,True,25.30482926089309
ft_00731.png,0.06433684127894147,True,25.66467919591616
ft_00732.png,0.07173673213779076,True,24.892181102215293
ft_00733.png,0.13125155513439732,True,25.727036596783606
ft_00734.png,0.09890152112881156,True,26.13343622485222
ft_00735.png,0.13453273073047678,True,26.423877734884215
ft_00736.png,0.07565561548190738,True,23.764184253949438
ft_00737.png,0.0766053197883785,True,24.206883925498552
ft_00738.png,0.13040658829785762,True,25.367316946639725
ft_00739.png,0.07769678635351115,True,25.259479872553996
ft_00740.png,0.09733965786894094,True,25.14393497066053
ft_00741.png,0.10757360602622221,True,25.910369592640322
ft_00742.png,0.053194496391589075,True,24.760508714910276
ft_00743.png,0.11326713485176412,True,25.074138294036864
ft_00744.png,0.13432404261465591,True,24.22968880868934
ft_00745.png,0.12434950053794987,True,25.31784001713485
ft_00746.png,0.11444808610799868,True,25.76560220251686
ft_00747.png,0.10168487040945662,True,25.556885663802976
ft_00748.png,0.13108969691856742,True,24.76206440415613
ft_00749.png,0.08773359133577906,True,25.573622965796634
ft_00750.png,0.1175026400469164,True,25.938408667832093
ft_00751.png,0.0857817293476128,True,25.62976326494555
ft_00752.png,0.051298783249504466,True,25.030861964333404
ft_00753.png,0.13076577769507114,True,25.030377514480865
ft_00754.png,0.11540545330271532,True,26.117866242772287
ft_00755.png,0.13155229574441885,True,25.807074882172035
ft_00756.png,0.07379387736054688,True,26.37887816262671
ft_00757.png,0.09746613146229831,True,23.636772289655752
ft_00758.png,0.12106923349006948,True,23.883581456623148
ft_00759.png,0.12471635403668502,True,24.760876132679112
ft_00760.png,0.06600813384151202,True,25.22470629029488
ft_00761.png,0.10469966713931447,True,26.288796776241774
ft_00762.png,0.12084773470956017,True,26.206281532840904
ft_00763.png,0.14006009735067831,True,26.275881282418215
ft_00764.png,0.1343175086613751,True,25.960119488919883
ft_00765.png,0.14893973754396578,True,25.22328992175013
ft_00766.png,0.09988483350493019,True,25.33197347540373
ft_00767.png,0.12555888840892648,True,25.48724643317636
ft_00768.png,0.1233964485689746,True,25.86368646767901
ft_00769.png,0.06672138216800468,True,25.610118895369936
ft_00770.png,0.0591014249069195,True,25.921466499204353
ft_00771.png,0.08873127919871251,True,26.193105671933886
ft_00772.png,0.10767274903302236,True,25.33058533406962
ft_00773.png,0.09857095599486523,True,25.943205369828455
ft_00774.png,0.09456173880793675,True,26.203721907689683
ft_00775.png,0.09352164803560017,True,26.376594124035265
ft_00776.png,0.09760084016471024,True,25.676199827198257
ft_00777.png,0.05542990228017858,True,25.54432194338846
ft_00778.png,0.07933124400100922,True,25.090310642104164
ft_00779.png,0.11254137981163466,True,27.365911510256744
ft_00780.png,0.06424027336478168,True,25.396618651786156
ft_00781.png,0.12888566597188478,True,24.76104582226878
ft_00782.png,0.13605552083541333,True,24.3993817477438
ft_00783.png,0.13311858643707813,True,24.45432105468481
ft_00784.png,0.1497164055691816,True,24.197067485881835
ft_00785.png,0.11444661304508617,True,25.224167717208942
ft_00786.png,0.06680198127732159,True,25.550855839480448
ft_00787.png,0.06032928793622986,True,24.223496284219475
ft_00788.png,0.08296328700321262,True,24.855571439067585
ft_00789.png,0.10292970077471891,True,26.33892255529549
ft_00790.png,0.14200675683246317,True,24.692325462247343
ft_00791.png,0.10334332848656747,True,24.831246877894223
ft_00792.png,0.12657305439388072,True,24.287085900673624
ft_00793.png,0.13450582023566288,True,24.668353292378086
ft_00794.png,0.09800965432566774,True,25.66502573649572
ft_00795.png,0.07628846029195378,True,24.45247533697378
ft_00796.png,0.07905640459869764,True,24.82334733972536
ft_00797.png,0.07875332831725436,True,25.338698087797546
ft_00798.png,0.08932690395261561,True,23.89833620028797
ft_00799.png,0.12234257807605121,True,24.26478308755189
ft_00800.png,0.1362096755640457,True,26.36346673751898
ft_00801.png,0.10205570330811742,True,25.763459184554648
ft_00802.png,0.05585307997878874,True,25.79481177751532
ft_00803.png,0.11746398141120062,True,24.197815365543395
ft_00804.png,0.05599350418788063,True,25.824431879954837
ft_00805.png,0.14191333812137819,True,24.740132422284393
ft_00806.png,0.09444449595229334,True,24.21875156169401
ft_00807.png,0.05058581433981433,True,25.121600195825472
ft_00808.png,0.08629942206648426,True,25.72611416100916
ft_00809.png,0.11077231150839395,True,26.281838939132154
ft_00810.png,0.09444024868182674,True,24.907904805882627
ft_00811.png,0.05976042164739072,True,25.29506517697158
ft_00812.png,0.10865898065461563,True,24.456662529720113
ft_00813.png,0.07278081655240692,True,25.531879335631714
ft_00814.png,0.060646530003628366,True,25.627286423856702
ft_00815.png,0.14452873953997541,True,25.190294562126375
ft_00816.png,0.05920183144935392,True,23.883502122447094
ft_00817.png,0.07918272764569921,True,25.065455221776332
ft_00818.png,0.06677724467320265,True,25.72781861105443
ft_00819.png,0.06936961706710806,True,24.353146200145876
ft_00820.png,0.0896660844068473,True,26.52256036106853
ft_00821.png,0.11145381067970864,True,24.680706539179383
ft_00822.png,0.07252074139158506,True,25.3087107383582
ft_00823.png,0.09467470761158694,True,25.333929312777986
ft_00824.png,0.05344645532287008,True,24.742914584514452
ft_00825.png,0.1319433461585161,True,24.822453805349607
ft_00826.png,0.12866975504031875,True,24.965208427550518
ft_00827.png,0.05546089296651268,True,25.91230073834845
ft_00828.png,0.09726226507294887,True,25.8577063699725
ft_00829.png,0.13771557388962263,True,25.128812998342855
ft_00830.png,0.05328368980266778,True,24.99548416938599
ft_00831.png,0.06794411689457872,True,27.392616972694057
ft_00832.png,0.10997777537554965,True,25.4866509886674
ft_00833.png,0.07996432256691555,True,24.553864128171746
ft_00834.png,0.08221371469270419,True,26.380250313979356
ft_00835.png,0.08973971097280464,True,24.0076361034601
ft_00836.png,0.10932397258450069,True,24.087943969073425
ft_00837.png,0.08018806273253493,True,26.59789912137218
ft_00838.png,0.06657935901986628,True,25.693801868772216
ft_00839.png,0.09565469499909024,True,25.44461530352441
ft_00840.png,0.08753935425023703,True,25.49784698093022
ft_00841.png,0.12867853089447834,True,24.467419499879416
ft_00842.png,0.11826772709137802,True,24.405702612732142
ft_00843.png,0.06381656448573204,True,24.386749920267242
ft_00844.png,0.13410698884088085,True,25.055172765863958
ft_00845.png,0.10660202447574324,True,24.539707585469873
ft_00846.png,0.07753054762941522,True,26.957470339522402
ft_00847.png,0.14820256154692069,True,25.31087733343575
ft_00848.png,0.13646576958791057,True,24.706323884653774
ft_00849.png,0.059771207455611944,True,24.279058806696856
ft_00850.png,0.08564260232361814,True,25.622309204923486
ft_00851.png,0.061913917884393356,True,26.277099029477213
ft_00852.png,0.06751398388177812,True,25.50648077677081
ft_00853.png,0.10600393607052108,True,24.299249090304578
ft_00854.png,0.0571456606530466,True,25.078309971904996
ft_00855.png,0.055750841244443274,True,24.57733060067383
ft_00856.png,0.07770336319922015,True,24.85923333773123
ft_00857.png,0.11811029983111282,True,24.26078104084686
ft_00858.png,0.08237631307200424,True,24.890615294235804
ft_00859.png,0.11008611845117965,True,25.55005712839364
ft_00860.png,0.10503759080662306,True,25.205267598706907
ft_00861.png,0.13671571733669347,True,27.021897915591538
ft_00862.png,0.11361740199424551,True,25.592379412299543
ft_00863.png,0.10562308433359001,True,24.030437393027626
ft_00864.png,0.07094625748823333,True,25.044881492528297
ft_00865.png,0.09735904119504472,True,24.673848233272864
ft_00866.png,0.06687260862453827,True,25.978302048482096
ft_00867.png,0.14910995680592487,True,25.012916646728335
ft_00868.png,0.13474869133875078,True,24.761543033656462
ft_00869.png,0.13486794724573814,True,25.536397542616193
ft_00870.png,0.12112919793781178,True,25.282166734298595
ft_00871.png,0.11869098274615056,True,25.937618597461842
ft_00872.png,0.13747874816975164,True,28.252795262333976
ft_00873.png,0.06970673938169486,True,25.434108598142053
ft_00874.png,0.07189947978044253,True,24.793767512082788
ft_00875.png,0.145607824586776,True,26.79061177132738
ft_00876.png,0.10651436227494324,True,25.621551288664747
ft_00877.png,0.10157986156510967,True,25.562411012739894
ft_00878.png,0.05366866974277671,True,26.106660952062676
ft_00879.png,0.06365950810703086,True,25.8886775300816
ft_00880.png,0.1258032060160298,True,25.227391328498538
ft_00881.png,0.054383320043323746,True,24.770498001185047
ft_00882.png,0.09042693031552054,True,26.174460728746517
ft_00883.png,0.06642392922157955,True,25.870250473271206
ft_00884.png,0.12879829644736085,True,26.276319972156607
ft_00885.png,0.08373560458536881,True,25.4292735649047
ft_00886.png,0.05174319537880309,True,26.761245332077817
ft_00887.png,0.1207794438807912,True,26.249127030686562
ft_00888.png,0.06644676391600692,True,25.132477334117613
ft_00889.png,0.05024675809002872,True,24.934263545067992
ft_00890.png,0.11978684859829242,True,25.727969390757632
ft_00891.png,0.14833066388499955,True,24.96579607891901
ft_00892.png,0.12702447858130544,True,25.36683205023681
ft_00893.png,0.12631429941282357,True,24.685535228612427
ft_00894.png,0.13886770632664058,True,26.158037297573138
ft_00895.png,0.11342428618349003,True,24.95228699918684
ft_00896.png,0.07726150951311368,True,24.78943318870604
ft_00897.png,0.1299269693755358,True,25.264637693586923
ft_00898.png,0.08998171403932044,True,27.395126543890417
ft_00899.png,0.052744506555199,True,25.762452668045288
ft_00900.png,0.12965825393431868,True,25.580909618039218
ft_00901.png,0.08368906700440801,True,24.03449760823875
ft_00902.png,0.07736716051492573,True,24.2309376968685
ft_00903.png,0.13544982076593562,True,24.860988975278254
ft_00904.png,0.13843147913030657,True,26.00341996645287
ft_00905.png,0.12526875478453395,True,25.297235096567498
ft_00906.png,0.08259128665228341,True,25.383191159727122
ft_00907.png,0.08307824994385915,True,24.45706199912507
ft_00908.png,0.058882573688000484,True,24.771574960300864
ft_00909.png,0.08073838550751163,True,24.5898849883066
ft_00910.png,0.13115633871163213,True,23.8238956704226
ft_00911.png,0.13774143677018635,True,25.311560069430612
ft_00912.png,0.07266402152212884,True,25.67176548710996
ft_00913.png,0.06281623688980048,True,25.433638266086362
ft_00914.png,0.13961561617705415,True,25.83611258508594
ft_00915.png,0.11573216372174273,True,26.16376261627447
ft_00916.png,0.10541186191109111,True,24.96648219909078
ft_00917.png,0.13523473111221684,True,24.079380681431147
ft_00918.png,0.09835705488343391,True,24.68091115419955
ft_00919.png,0.08158931219230683,True,24.78894495125635
ft_00920.png,0.09352713238227942,True,25.859794801229988
ft_00921.png,0.058457859486460886,True,26.137655372784103
ft_00922.png,0.06444254052369033,True,26.186902735277858
ft_00923.png,0.10607028950052255,True,25.82294681365003
ft_00924.png,0.14962798680408673,True,24.26664471955132
ft_00925.png,0.12393611749586732,True,26.18566682372469
ft_00926.png,0.09357089065559182,True,26.76823224120739
ft_00927.png,0.10116963513890709,True,24.813027520582946
ft_00928.png,0.0950173324105712,True,24.277214494462168
ft_00929.png,0.0760088355968734,True,25.60286580307008
ft_00930.png,0.0929043137169539,True,25.84283457314809
ft_00931.png,0.1442629212191928,True,24.748596186267385
ft_00932.png,0.12661796967830452,True,25.31157611201655
ft_00933.png,0.102007518833788,True,24.753654460686345
ft_00934.png,0.12871565113285394,True,26.61557869886281
ft_00935.png,0.11129830077473893,True,24.355128242203104
ft_00936.png,0.05120569970880393,True,25.34814057073112
ft_00937.png,0.11968824428055551,True,24.436299664718106
ft_00938.png,0.12124380988402653,True,25.24392999744591
ft_00939.png,0.061317178918121655,True,25.4238416153077
ft_00940.png,0.05140483202689514,True,25.117110616383826
ft_00941.png,0.11953634949597933,True,26.041131805778484
ft_00942.png,0.09781014951418548,True,25.123239507653167
ft_00943.png,0.07649783679854263,True,25.26278116743852
ft_00944.png,0.09159211924904122,True,24.641465849621525
ft_00945.png,0.11931946005688124,True,25.912369392377798
ft_00946.png,0.07153449737011952,True,24.744992727774402
ft_00947.png,0.13253676079384202,True,26.89168501505947
ft_00948.png,0.12341292751296302,True,24.895373033227376
ft_00949.png,0.131713302785186,True,25.06729352614814
ft_00950.png,0.11378627709267464,True,25.157368767003852
ft_00951.png,0.08715799854362534,True,25.850243592834353
ft_00952.png,0.1293963358125737,True,25.386498523695643
ft_00953.png,0.1453039298539988,True,25.605028308447842
ft_00954.png,0.09006943172179581,True,25.737962745416375
ft_00955.png,0.1426783281514677,True,24.471376685043577
ft_00956.png,0.12760616815552123,True,25.77786522651825
ft_00957.png,0.11887845248247371,True,25.850571942085633
ft_00958.png,0.10795683558630847,True,25.686771161810043
ft_00959.png,0.06561145367520696,True,24.741718381495005
ft_00960.png,0.0914367175021513,True,24.80275023269006
ft_00961.png,0.11839855658017152,True,24.494326091614106
ft_00962.png,0.13150072663516102,True,24.6133723087437
ft_00963.png,0.11361964925797394,True,24.807611176627567
ft_00964.png,0.060237541096309015,True,24.39694537622204
ft_00965.png,0.12469903176726216,True,26.665364712627063
ft_00966.png,0.11550127334994215,True,25.63410667065903
ft_00967.png,0.13249135946260118,True,23.94949637954014
ft_00968.png,0.12946382516828708,True,25.50505214252396
ft_00969.png,0.09115960019663226,True,24.968875461130267
ft_00970.png,0.11921170489594636,True,25.641956860821374
ft_00971.png,0.12737996092547554,True,25.795608544018936
ft_00972.png,0.0715578699723222,True,25.778723792520353
ft_00973.png,0.12339355830266933,True,24.165684598109436
ft_00974.png,0.09710130785841846,True,26.742826933937888
ft_00975.png,0.14221002259596274,True,24.3341959417458
ft_00976.png,0.053466851782873984,True,25.380170990827274
ft_00977.png,0.07043878277542119,True,25.263712641643387
ft_00978.png,0.05936517314743278,True,23.985602681191878
ft_00979.png,0.10483397181663107,True,26.178640743538555
ft_00980.png,0.08199674706759143,True,25.55218726981011
ft_00981.png,0.14105111171747742,True,25.220811766101097
ft_00982.png,0.07002128975810318,True,25.294322836819294
ft_00983.png,0.05944534155748792,True,24.945704239751603
ft_00984.png,0.1369255562376927,True,26.311426127034885
ft_00985.png,0.05045016458034546,True,24.771646101182135
ft_00986.png,0.11752414127258548,True,25.32971508804227
ft_00987.png,0.08739752284427735,True,26.534310776262547
ft_00988.png,0.1134110979293041,True,24.97368057359626
ft_00989.png,0.08141377076978604,True,26.24926424134163
ft_00990.png,0.10386172556795595,True,26.25269419725865
ft_00991.png,0.13222771606946815,True,25.12261204088409
ft_00992.png,0.1269567546961852,True,26.01102344254872
ft_00993.png,0.060603297463463095,True,28.474557791690316
ft_00994.png,0.11086384322724077,True,26.190580363725395
ft_00995.png,0.12838610711156545,True,25.207123694849464
ft_00996.png,0.11280744777294414,True,25.952255407537464
ft_00997.png,0.12892675747134946,True,24.931231014570294
ft_00998.png,0.053719147955221584,True,25.835671775879852
ft_00999.png,0.1244767249006585,True,25.91021804186196
ft_01000.png,0.059558125880639745,True,26.864085483902812
ft_01001.png,0.057221828799977593,True,26.692082595463663
ft_01002.png,0.12435135007378655,True,24.392604707722057
ft_01003.png,0.09198174534171585,True,25.83974611407701
ft_01004.png,0.07805572196451172,True,25.30480759670302
ft_01005.png,0.08168215825722178,True,24.95387435472432
ft_01006.png,0.060838525655446896,True,24.919067826437544
ft_01007.png,0.0709925711856493,True,26.206306634674128
ft_01008.png,0.07461123359789759,True,25.11017194583552
ft_01009.png,0.08733485934490978,True,24.65086633371376
ft_01010.png,0.09605899604571319,True,26.894394503619633
ft_01011.png,0.12887466962631033,True,27.49305431646774
ft_01012.png,0.09781559455766684,True,24.550449801648977
ft_01013.png,0.126940486816055,True,26.502583296785623
ft_01014.png,0.1479091979391493,True,26.0830546715324
ft_01015.png,0.08940404595680494,True,25.75075297367059
ft_01016.png,0.13633470318419827,True,25.474255459314943
ft_01017.png,0.1446862426595154,True,24.683043117442125
ft_01018.png,0.08034514362629394,True,25.107456530034305
ft_01019.png,0.11986474123109565,True,26.71822783494452
ft_01020.png,0.13562308477240917,True,25.003503643623382
ft_01021.png,0.1202956396422503,True,24.680661624977468
ft_01022.png,0.08232954572559664,True,25.12913912065054
ft_01023.png,0.07784292628149347,True,24.436839935011303
ft_01024.png,0.09978302248609078,True,25.247397914098684
ft_01025.png,0.1168700030236237,True,26.423790658771694
ft_01026.png,0.05015881922199388,True,25.777307333133347
ft_01027.png,0.1406413344159066,True,24.801533332013555
ft_01028.png,0.0830247691094629,True,25.519575914698535
ft_01029.png,0.08987364088888877,True,24.739473960418895
ft_01030.png,0.06460994135132142,True,25.45968468900918
ft_01031.png,0.1488116146488463,True,25.481868403786926
ft_01032.png,0.07589802398727269,True,26.31890208284846
ft_01033.png,0.07691281774901357,True,25.406283477370945
ft_01034.png,0.13014580358262617,True,24.922857764154248
ft_01035.png,0.09227426643824885,True,25.866447607819815
ft_01036.png,0.10237516807616404,True,26.39369527652251
ft_01037.png,0.14277991253294198,True,24.629769039765893
ft_01038.png,0.056069153543260676,True,25.1374971765034
ft_01039.png,0.12271618460773194,True,24.90593782998003
ft_01040.png,0.09204313588797097,True,25.500004092493374
ft_01041.png,0.14774499231990473,True,25.506155349113996
ft_01042.png,0.11000124232763567,True,25.450153267820937
ft_01043.png,0.11800612395059477,True,25.19965513682616
ft_01044.png,0.06691074807322231,True,24.989546111109036
ft_01045.png,0.11725573981354534,True,24.46240907838773
ft_01046.png,0.14742084593867472,True,25.01591847128202
ft_01047.png,0.08180681973236738,True,25.627024793018613
ft_01048.png,0.052219712111110345,True,26.20236898110596
ft_01049.png,0.06855463552434368,True,24.888416782085976
ft_01050.png,0.1307714185248859,True,27.183830910948302
ft_01051.png,0.07262698725938128,True,25.610390142305338
ft_01052.png,0.09804821233306327,True,25.364081276414904
ft_01053.png,0.14503261245450733,True,26.723854552009318
ft_01054.png,0.08231611868164275,True,25.36872132407774
ft_01055.png,0.1467042219011238,True,24.4759251879617
ft_01056.png,0.08664196973981898,True,25.914598056803975
ft_01057.png,0.08559937368198635,True,26.447005213654148
ft_01058.png,0.08423873676132264,True,25.777890154795383
ft_01059.png,0.06001050857333532,True,25.22314335703422
ft_01060.png,0.07095164314555175,True,24.66383227313269
ft_01061.png,0.12932066163690142,True,25.79538405161884
ft_01062.png,0.06781530186837796,True,24.317916860607177
ft_01063.png,0.09198072356652531,True,24.734643167898966
ft_01064.png,0.12283199194072471,True,24.685241371220688
ft_01065.png,0.14754707322474675,True,25.02976169856491
ft_01066.png,0.07464474841451912,True,25.536151904051607
ft_01067.png,0.09543038819273186,True,24.80806729124034
ft_01068.png,0.09701739079552306,True,25.329997075948015
ft_01069.png,0.06218871270018727,True,26.163375029696336
ft_01070.png,0.09951898789151258,True,25.0715870599878
ft_01071.png,0.050573670932841125,True,25.17222427461213
ft_01072.png,0.12476871661152773,True,24.94720492551515
ft_01073.png,0.05787029925852029,True,25.028845545986414
ft_01074.png,0.11841691809374576,True,26.38031142664019
ft_01075.png,0.1200051743345726,True,26.031662032651383
ft_01076.png,0.06184469864361282,True,24.783654100164227
ft_01077.png,0.09886488083511039,True,25.264467463756553
ft_01078.png,0.08953326522940926,True,25.50858831794838
ft_01079.png,0.12958695143973678,True,25.697599883487364
ft_01080.png,0.07402852142152413,True,25.545938477517293
ft_01081.png,0.054124004666499026,True,24.71328087175833
ft_01082.png,0.0808698207649369,True,26.381024766512787
ft_01083.png,0.11764319850124458,True,24.526006944747362
ft_01084.png,0.14561329959112473,True,25.547203820312866
ft_01085.png,0.14072139335660921,True,24.578301529311343
ft_01086.png,0.12585650869049014,True,25.379262618162358
ft_01087.png,0.07385685620586033,True,25.159366753210783
ft_01088.png,0.12939011048977128,True,25.19366014028894
ft_01089.png,0.08784942730399445,True,25.022416395505573
ft_01090.png,0.08656910717115701,True,24.16738299152759
ft_01091.png,0.11708620940990544,True,25.377976707063393
ft_01092.png,0.11775582744611336,True,25.036417959276122
ft_01093.png,0.14870713030925392,True,26.266931258773447
ft_01094.png,0.10855550637137815,True,25.60375896984883
ft_01095.png,0.06953834625835241,True,25.300619910713888
ft_01096.png,0.14942092624779046,True,24.793138766477174
ft_01097.png,0.0666805198512114,True,25.30071730646002
ft_01098.png,0.1347114447845797,True,23.562313414619837
ft_01099.png,0.11529756141658269,True,26.3887634377854
ft_01100.png,0.08891951547983215,True,25.201730180015154
ft_01101.png,0.05160892706163368,True,24.472723981141
ft_01102.png,0.10478250995999319,True,25.576575759479745
ft_01103.png,0.0763632866130593,True,24.120324550454125
ft_01104.png,0.11229274865187555,True,25.652147466760464
ft_01105.png,0.14933088432214175,True,24.653205553957847
ft_01106.png,0.0864538516379715,True,24.907085711412087
ft_01107.png,0.14805629217437621,True,28.051136626293154
ft_01108.png,0.12147305226047611,True,25.96425357427243
ft_01109.png,0.0707936053135472,True,25.72018675285207
ft_01110.png,0.051904973237849185,True,26.103008806142203
ft_01111.png,0.1247846629627149,True,24.466207701028402
ft_01112.png,0.10777546450343442,True,25.431096600454687
ft_01113.png,0.11618455110335658,True,25.129328143364585
ft_01114.png,0.08000810434158936,True,25.525573347528056
ft_01115.png,0.08511414682395275,True,25.49520088870988
ft_01116.png,0.06193119319450139,True,25.230263452860395
ft_01117.png,0.07753970960409108,True,25.252383140346467
ft_01118.png,0.07527501803451636,True,25.125392347978845
ft_01119.png,0.055887206347259445,True,26.036888052129466
ft_01120.png,0.07599268125871163,True,26.29647636894795
ft_01121.png,0.11704245391661316,True,24.929232098871623
ft_01122.png,0.1008394770148701,True,24.919639565213572
ft_01123.png,0.12069229034805617,True,26.2494366917784
ft_01124.png,0.11835830614889427,True,26.28065823747236
ft_01125.png,0.06563261384441703,True,25.851491269109715
ft_01126.png,0.12186191508550248,True,24.93520324472754
ft_01127.png,0.10328621156133394,True,23.778071016282304
ft_01128.png,0.08584848347480034,True,25.359894074424876
ft_01129.png,0.13447518569737227,True,24.16882353329784
ft_01130.png,0.0721470306851901,True,24.915677745351132
ft_01131.png,0.050394714725780144,True,25.535062923853488
ft_01132.png,0.09897200286405099,True,24.36187844826556
ft_01133.png,0.1449569559562462,True,24.48138850501551
ft_01134.png,0.14613909834554117,True,25.721893317497777
ft_01135.png,0.07444669847827898,True,25.798021021364328
ft_01136.png,0.14411308269007117,True,25.334539452603913
ft_01137.png,0.08423358475827566,True,24.71874095954236
ft_01138.png,0.14892578221973685,True,24.531318613061632
ft_01139.png,0.1154259998161252,True,25.29398510657543
ft_01140.png,0.10173414042079719,True,24.850895070561528
ft_01141.png,0.06820307256856073,True,24.664508201928612
ft_01142.png,0.05438739033797029,True,25.0436213057155
ft_01143.png,0.13442393318020807,True,25.618220950640172
ft_01144.png,0.1430274819576548,True,24.325123844928846
ft_01145.png,0.10687925488717613,True,26.616830845144484
ft_01146.png,0.09025712682241117,True,24.669462953923897
ft_01147.png,0.12104885707864052,True,25.106459438620604
ft_01148.png,0.0761621187977333,True,24.783647865720656
ft_01149.png,0.12520855731275476,True,27.113487742154927
ft_01150.png,0.13392641321860518,True,25.154352416617915
ft_01151.png,0.14201288658356814,True,24.498671382690112
ft_01152.png,0.11790984600973776,True,25.53867494900061
ft_01153.png,0.05682213197222651,True,25.164935502805076
ft_01154.png,0.07139963903822744,True,26.785931334205408
ft_01155.png,0.06297198507039614,True,24.660229989261694
ft_01156.png,0.09373530302495958,True,24.621398806627603
ft_01157.png,0.13397863422817718,True,25.505498291332138
ft_01158.png,0.14486954294038465,True,24.41317634738064
ft_01159.png,0.12654905345421258,True,24.928115225265092
ft_01160.png,0.14619554294410242,True,25.069297207372053
ft_01161.png,0.12825362663166917,True,25.18428780625198
ft_01162.png,0.1395453085502033,True,24.762147796701047
ft_01163.png,0.07840071443636168,True,24.194074756024733
ft_01164.png,0.11593837532266928,True,24.813172505812165
ft_01165.png,0.09164878035187261,True,24.561553278107738
ft_01166.png,0.09313563266667893,True,26.613837141997926
ft_01167.png,0.09350255414792508,True,25.351661757147113
ft_01168.png,0.07796914786745059,True,24.315678352316112
ft_01169.png,0.10198632959844262,True,25.0724914109909
ft_01170.png,0.14889474160718053,True,26.466418088808773
ft_01171.png,0.13310282580789193,True,24.489146832258648
ft_01172.png,0.05520281590322926,True,27.253720245623867
ft_01173.png,0.06296651096658021,True,24.89883902162951
ft_01174.png,0.063025729942802,True,26.28189868253939
ft_01175.png,0.11363716714969246,True,25.168113867329094
ft_01176.png,0.08033933085534208,True,24.121303874016235
ft_01177.png,0.07955221645935366,True,25.87725772021321
ft_01178.png,0.11221658007572144,True,26.572613911307414
ft_01179.png,0.08534352810721849,True,25.72057439970388
ft_01180.png,0.10585353736450342,True,24.34376459132558
ft_01181.png,0.05776570567008356,True,25.786417591606924
ft_01182.png,0.14024035990308115,True,25.3867718926942
ft_01183.png,0.12466167028651105,True,24.676144531659
ft_01184.png,0.06819701214720572,True,25.526035675341614
ft_01185.png,0.145868790576406,True,24.552637758601108
ft_01186.png,0.0902410785277859,True,25.98068908476549
ft_01187.png,0.14388047519144828,True,25.461726387498974
ft_01188.png,0.08546499463820319,True,26.10805426220001
ft_01189.png,0.13082552300441408,True,25.606694037027555
ft_01190.png,0.13301343310264013,True,24.756464903880158
ft_01191.png,0.12319039002793554,True,24.7559605553575
ft_01192.png,0.0789406031539667,True,26.013643288618322
ft_01193.png,0.1272895037406467,True,25.67042635238938
ft_01194.png,0.050747651518079084,True,24.830592536758527
ft_01195.png,0.1425761577998408,True,24.669185511955515
ft_01196.png,0.06321052029775134,True,24.26333276150325
ft_01197.png,0.10037609790158672,True,25.13704292566876
ft_01198.png,0.08173819071280888,True,25.327765317626586
ft_01199.png,0.13243098773235196,True,25.728762753523718
ft_01200.png,0.1130056041208182,True,28.213513223153427
ft_01201.png,0.07794013231260369,True,25.90325268126221
ft_01202.png,0.09365482143445851,True,25.098705225431928
ft_01203.png,0.10296783590330777,True,25.100016126901462
ft_01204.png,0.06405096047921877,True,26.62440502907089
ft_01205.png,0.09859225187203972,True,24.967799316336375
ft_01206.png,0.08431071354278646,True,26.05097762152006
ft_01207.png,0.11535446866856812,True,24.84612077186305
ft_01208.png,0.14284579419434013,True,24.521836297982922
ft_01209.png,0.08695307854283683,True,25.628371466429964
ft_01210.png,0.08066775361561239,True,25.346806360799853
ft_01211.png,0.09635845670940084,True,25.65339094738528
ft_01212.png,0.07399481612619283,True,25.04594401469703
ft_01213.png,0.13491552748655006,True,24.41780998020741
ft_01214.png,0.08579004844189367,True,26.913175423677735
ft_01215.png,0.11216794131186963,True,26.05484742655888
ft_01216.png,0.091284078789632,True,25.18141858698829
ft_01217.png,0.0926066979662301,True,26.42030561853234
ft_01218.png,0.13968762959517825,True,24.857386409307722
ft_01219.png,0.13720658803741792,True,24.626704892474205
ft_01220.png,0.1070222828415947,True,26.303793610423863
ft_01221.png,0.10807746734360545,True,25.028800019184988
ft_01222.png,0.10707997646209663,True,25.077408345414206
ft_01223.png,0.057271165032348664,True,25.994188509284413
ft_01224.png,0.12250621109093303,True,23.789603870220066
ft_01225.png,0.055262642823635855,True,26.012509143549355
ft_01226.png,0.061027022592657076,True,25.050727388425848
ft_01227.png,0.06831399082973844,True,25.433883397463003
ft_01228.png,0.10241868876228269,True,25.177577890410276
ft_01229.png,0.07870961000922806,True,25.03732931807766
ft_01230.png,0.11135487237936069,True,26.705962677490056
ft_01231.png,0.05591161791417855,True,26.633036541570092
ft_01232.png,0.0660329365682647,True,24.91306342326716
ft_01233.png,0.11339880486074114,True,25.46872738178784
ft_01234.png,0.10086305316734649,True,25.85192113922989
ft_01235.png,0.0713868305730655,True,25.624032053544852
ft_01236.png,0.06501942182940788,True,26.458369791769208
ft_01237.png,0.11354271539100831,True,26.04666764642996
ft_01238.png,0.06959979530175567,True,27.13349019033921
ft_01239.png,0.14270383773510958,True,25.188129956776066
ft_01240.png,0.10557032410705025,True,24.652383331899227
ft_01241.png,0.1006885715448203,True,27.657827509537803
ft_01242.png,0.12298929126000548,True,26.177504105821193
ft_01243.png,0.08126506491186611,True,25.280788116360043
ft_01244.png,0.14612175309296543,True,24.902516592715056
ft_01245.png,0.11196725922345102,True,24.807672941484956
ft_01246.png,0.13478793051306578,True,25.55273454797976
ft_01247.png,0.05589361946259322,True,25.894762364494348
ft_01248.png,0.07918289014079802,True,24.82795530070497
ft_01249.png,0.08418634237058241,True,24.50411894040952
ft_01250.png,0.055196231580991184,True,24.526006366844722
ft_01251.png,0.09065203282234666,True,26.406084624841295
ft_01252.png,0.10086750704281985,True,25.462626363053612
ft_01253.png,0.12601720988809056,True,25.177536932330117
ft_01254.png,0.10776438071678318,True,27.396595078731366
ft_01255.png,0.0846682514802565,True,24.71024206779745
ft_01256.png,0.14850707258077273,True,25.687135325479154
ft_01257.png,0.1404905348834126,True,25.31449511758222
ft_01258.png,0.11460653610873198,True,25.637457055172085
ft_01259.png,0.13831981635101495,True,26.011792672797498
ft_01260.png,0.056442202532576737,True,26.075220531604057
ft_01261.png,0.07146165645521242,True,25.667065853540343
ft_01262.png,0.12937099065716284,True,25.11112349203284
ft_01263.png,0.1468093305829734,True,26.098554219375476
ft_01264.png,0.0942388622092301,True,26.04531165427172
ft_01265.png,0.094734408673975,True,26.860987528801736
ft_01266.png,0.11772036496679333,True,24.250613893904006
ft_01267.png,0.12109862468301953,True,25.656800984367962
ft_01268.png,0.07489674087328368,True,25.539011092800955
ft_01269.png,0.09984770215223374,True,25.256611160321132
ft_01270.png,0.12507043449094624,True,24.61292498712985
ft_01271.png,0.07690504753244745,True,26.29432511901783
ft_01272.png,0.05639370964833025,True,24.976795578690556
ft_01273.png,0.13010931535197023,True,24.58159666272551
ft_01274.png,0.0649447456029304,True,24.812626341119483
ft_01275.png,0.1060602087611544,True,24.970830074733875
ft_01276.png,0.1422129669646587,True,27.12417510626134
ft_01277.png,0.07525780352818912,True,24.70760638705515
ft_01278.png,0.09689458784468795,True,26.523945107874685
ft_01279.png,0.1155237203095969,True,25.421128126964607
ft_01280.png,0.08015579287628208,True,24.313182548192884
ft_01281.png,0.0828888656003182,True,25.15539452372152
ft_01282.png,0.06940368793846972,True,24.876404593418357
ft_01283.png,0.08006315614480801,True,26.293638321573304
ft_01284.png,0.06005679851293251,True,24.14286113760521
ft_01285.png,0.14759000231430391,True,24.805684369285817
ft_01286.png,0.06124329678257034,True,25.40330013938039
ft_01287.png,0.1472531632776722,True,26.026949302717675
ft_01288.png,0.08446840015347132,True,25.292221588198608
ft_01289.png,0.09498734437585374,True,26.361855720302636
ft_01290.png,0.05078172396508999,True,25.405180346878318
ft_01291.png,0.09309718244245774,True,24.812438574287185
ft_01292.png,0.11913661489677584,True,25.694349010823892
ft_01293.png,0.1406189882342861,True,26.26658454127118
ft_01294.png,0.14428450374509155,True,25.962069671230385
ft_01295.png,0.10902490644894908,True,25.401604559553657
ft_01296.png,0.06855189927879997,True,25.093984665185566
ft_01297.png,0.09620821746092703,True,25.39497815067142
ft_01298.png,0.09728849666348136,True,24.42200044849697
ft_01299.png,0.1308991589155371,True,25.1189625299949
ft_01300.png,0.1094643005784752,True,24.265373367637753
ft_01301.png,0.07787021358977907,True,24.955889432563293
ft_01302.png,0.11919699065139688,True,24.935727257914508
ft_01303.png,0.09821996053094315,True,25.268627731660537
ft_01304.png,0.08705526049095447,True,26.416461800867435
ft_01305.png,0.0777912969529299,True,26.68942268853977
ft_01306.png,0.07855943838036518,True,26.421965593404177
ft_01307.png,0.10410676584612594,True,25.335196095478558
ft_01308.png,0.09345883562998861,True,24.285241366453466
ft_01309.png,0.09296100164351409,True,24.78604909508601
ft_01310.png,0.12177475601246142,True,24.74269042321684
ft_01311.png,0.14340895532089626,True,25.67808257571263
ft_01312.png,0.053434872067125716,True,25.572656061216442
ft_01313.png,0.09034938504778953,True,24.882638809077964
ft_01314.png,0.0550133713405837,True,24.796253679767286
ft_01315.png,0.05724159812866589,True,26.447892115984754
ft_01316.png,0.12494939689430785,True,25.169539383739448
ft_01317.png,0.10200926099905426,True,24.734546962549835
ft_01318.png,0.07190604968568678,True,26.5160480438769
ft_01319.png,0.09858119564409833,True,24.820723363174046
ft_01320.png,0.11087324583907081,True,25.803773886374472
ft_01321.png,0.10422076579288495,True,24.243912266861734
ft_01322.png,0.10793495902820548,True,24.45534863506812
ft_01323.png,0.10587137384896189,True,25.965396518038503
ft_01324.png,0.08409027231819899,True,25.03940258073733
ft_01325.png,0.09538202615426687,True,25.607688319651324
ft_01326.png,0.08900940471203592,True,24.90944329963574
ft_01327.png,0.10415347027885395,True,25.082820366796945
ft_01328.png,0.10388157155693639,True,25.264593166025122
ft_01329.png,0.14547305364606627,True,25.678449402397383
ft_01330.png,0.1078026230225224,True,24.632416618600367
ft_01331.png,0.06588974740982072,True,24.811666294934582
ft_01332.png,0.054964537769318436,True,25.29149409413318
ft_01333.png,0.08309784667789291,True,26.05415871922526
ft_01334.png,0.07980498803262141,True,25.003411077590265
ft_01335.png,0.09944507862555922,True,24.695806041782994
ft_01336.png,0.14139504639399997,True,24.02826888099311
ft_01337.png,0.12822485348414142,True,25.76144472060801
ft_01338.png,0.0953533705612892,True,24.9747135339598
ft_01339.png,0.0688101234030509,True,25.904671929092515
ft_01340.png,0.05699353069163593,True,25.333012465954216
ft_01341.png,0.0975416907104622,True,25.36284458032096
ft_01342.png,0.06178205836473758,True,25.776126125702866
ft_01343.png,0.14393764215163163,True,24.61900511242324
ft_01344.png,0.06390163350404067,True,24.788703769316683
ft_01345.png,0.06002683512958232,True,25.01535644809197
ft_01346.png,0.1098917145305714,True,24.508821226729467
ft_01347.png,0.13141316840418377,True,24.324497894988593
ft_01348.png,0.1401009051432871,True,25.449532982875166
ft_01349.png,0.05486208482960773,True,24.88352536142747
ft_01350.png,0.1429868657180316,True,25.38348239114172
ft_01351.png,0.14380526517785575,True,25.528881050762088
ft_01352.png,0.13758291191680588,True,25.759728944324042
ft_01353.png,0.11014863564177718,True,25.653202155113984
ft_01354.png,0.08662984561044137,True,25.544397562285845
ft_01355.png,0.10921745899692453,True,26.666797806939204
ft_01356.png,0.09267047859791293,True,26.23071558126776
ft_01357.png,0.1416197503899487,True,26.08379444012396
ft_01358.png,0.12806465858558597,True,26.004128830219926
ft_01359.png,0.0675804858546469,True,24.33281364144177
ft_01360.png,0.08113974324696213,True,24.886872425567216
ft_01361.png,0.05868346691768161,True,25.726226026384168
ft_01362.png,0.13560417425169885,True,24.71728374810647
ft_01363.png,0.05831512391123205,True,24.141726624667264
ft_01364.png,0.13176142408821848,True,24.835094636902152
ft_01365.png,0.14931414196125176,True,24.991864625187624
ft_01366.png,0.13688393389717865,True,25.207415862588434
ft_01367.png,0.05803364777457255,True,26.070989817142042
ft_01368.png,0.07411126728449985,True,24.727889718812722
ft_01369.png,0.11056179392057577,True,25.246115893496352
ft_01370.png,0.12709862721862192,True,25.914390268461954
ft_01371.png,0.05878819568629532,True,26.55880633982633
ft_01372.png,0.07957042205833383,True,24.462513962859465
ft_01373.png,0.11638785042002962,True,25.674796457595612
ft_01374.png,0.1344756212332519,True,25.691427055436698
ft_01375.png,0.06332459532964956,True,25.1877466543445
ft_01376.png,0.08843900809971852,True,25.513359448220385
ft_01377.png,0.06141840453815154,True,26.482902047031814
ft_01378.png,0.08928248483538029,True,29.038412227744725
ft_01379.png,0.07374561620007158,True,25.514383863097127
ft_01380.png,0.06013580870684429,True,24.624732923687702
ft_01381.png,0.07584700008704962,True,25.212489734343766
ft_01382.png,0.08465752685430962,True,25.698020464224456
ft_01383.png,0.09186213807839376,True,24.258753549646865
ft_01384.png,0.11017593033032744,True,25.077653966491894
ft_01385.png,0.06635580150358764,True,25.328739456122037
ft_01386.png,0.14326184106249734,True,23.613809723878994
ft_01387.png,0.12292940972678143,True,26.100467929035496
ft_01388.png,0.12485557057813701,True,23.95223149314311
ft_01389.png,0.11769825917922214,True,25.149216338204646
ft_01390.png,0.1120955877441609,True,25.418419999921586
ft_01391.png,0.1096338370321128,True,26.0922351457379
ft_01392.png,0.08675558449185267,True,25.06387354814532
ft_01393.png,0.0633800468135691,True,25.021525325765843
ft_01394.png,0.06555304305694261,True,25.554245227690263
ft_01395.png,0.13532184392271468,True,25.588758384712712
ft_01396.png,0.05479508364375482,True,25.00651058597495
ft_01397.png,0.11548619330586835,True,25.59638856051603
ft_01398.png,0.12415560546113528,True,24.024669713684226
ft_01399.png,0.13740021722397575,True,25.623807327748835
ft_01400.png,0.12601916599103286,True,24.27139385218061
ft_01401.png,0.05341976465858653,True,26.05878401441376
ft_01402.png,0.10868012110842745,True,25.375994728241643
ft_01403.png,0.14016812588272692,True,25.201385058286657
ft_01404.png,0.13994668898806714,True,25.719462654773373
ft_01405.png,0.0914033490260352,True,24.59802581565784
ft_01406.png,0.07725284531164177,True,25.43757497990036
ft_01407.png,0.08480223056380287,True,24.90622860913006
ft_01408.png,0.11920495951157871,True,24.983606421989514
ft_01409.png,0.10192737622231307,True,25.707512141571005
ft_01410.png,0.12818559594236045,True,25.221176634046397
ft_01411.png,0.06087895474895763,True,25.808316427466885
ft_01412.png,0.0870946721495086,True,25.23414027619935
ft_01413.png,0.08414013602375546,True,24.96395314064657
ft_01414.png,0.08137421334515467,True,26.622925287130656
ft_01415.png,0.14033867318402482,True,26.269883433185676
ft_01416.png,0.06836569150578806,True,25.621381228144912
ft_01417.png,0.09513261397221304,True,25.498361187456055
ft_01418.png,0.09918652884546295,True,26.258002224885594
ft_01419.png,0.11386731202649297,True,25.553587809991072
ft_01420.png,0.08222784246761808,True,24.732662192062392
ft_01421.png,0.08620425598200826,True,25.305607169109905
ft_01422.png,0.14406966568719046,True,24.338664475293562
ft_01423.png,0.07540981640982092,True,25.90580340011712
ft_01424.png,0.0652492145885193,True,25.818225143367396
ft_01425.png,0.07279006770768326,True,24.759694081453702
ft_01426.png,0.05461102982984972,True,25.428252785757792
ft_01427.png,0.07635126198378298,True,24.178398625668976
ft_01428.png,0.14514370896611065,True,26.094467544326708
ft_01429.png,0.06754950878391262,True,24.445278416162218
ft_01430.png,0.06327437749465503,True,24.872496813854518
ft_01431.png,0.13412416209323494,True,25.282143807242804
ft_01432.png,0.10497719246386543,True,24.771323632363558
ft_01433.png,0.09022251304238947,True,24.409544392138717
ft_01434.png,0.10196650667862003,True,24.802962835263607
ft_01435.png,0.08817047612871749,True,24.721777153719398
ft_01436.png,0.0870992605069806,True,24.64936046806976
ft_01437.png,0.13307743856588072,True,27.01537146619207
ft_01438.png,0.10846616552803662,True,24.99010748335646
ft_01439.png,0.12467161999659337,True,26.304132432660946
ft_01440.png,0.07603130731568017,True,25.176593772374577
ft_01441.png,0.10882970909426845,True,24.23927530321397
ft_01442.png,0.0853892460214538,True,25.359778537290882
ft_01443.png,0.13820095883859368,True,24.634265285577214
ft_01444.png,0.09068963155910287,True,24.385146306581046
ft_01445.png,0.10760032947643258,True,24.363744322407364
ft_01446.png,0.09034199546574925,True,26.412630602803496
ft_01447.png,0.06374674273689734,True,24.601832658447634
ft_01448.png,0.06882829903426603,True,24.873968862901087
ft_01449.png,0.10141182617292266,True,25.30877948057541
ft_01450.png,0.13317661012178794,True,24.61445493517967
ft_01451.png,0.07513720940593119,True,25.602180993486776
ft_01452.png,0.1455024933681895,True,25.086378143598964
ft_01453.png,0.10173973823607539,True,25.686171251767455
ft_01454.png,0.11195803916121766,True,26.25433576854675
ft_01455.png,0.08150442305115527,True,25.018901764522617
ft_01456.png,0.08608369082399062,True,25.75975901512703
ft_01457.png,0.12136145225153508,True,25.811247291888026
ft_01458.png,0.14112099800470046,True,24.88932755348585
ft_01459.png,0.09035452524909662,True,25.794449307455807
ft_01460.png,0.07411158378169745,True,25.086130056261858
ft_01461.png,0.09484993064934075,True,26.12047836197915
ft_01462.png,0.13522357853258338,True,23.928582527241694
ft_01463.png,0.13034656029236547,True,24.436331837507733
ft_01464.png,0.05535728084959346,True,24.494560455345326
ft_01465.png,0.08523438543447508,True,24.777287163639258
ft_01466.png,0.14110735472028435,True,23.980786035114598
ft_01467.png,0.06892042277711477,True,25.266056991896292
ft_01468.png,0.10024951272667036,True,26.50872632759121
ft_01469.png,0.14208430872478506,True,24.065932067966394
ft_01470.png,0.11976469338098153,True,25.233796650570458
ft_01471.png,0.11676734233329818,True,27.193806703551836
ft_01472.png,0.13142390055793807,True,26.317646951088847
ft_01473.png,0.10343945272956825,True,26.341773826565827
ft_01474.png,0.10904257150593841,True,24.517249766588435
ft_01475.png,0.05009600631403242,True,25.062744180546016
ft_01476.png,0.1496602876571671,True,25.165726583607086
ft_01477.png,0.053063626767961475,True,24.992254721124617
ft_01478.png,0.11356827971407692,True,24.543341395222434
ft_01479.png,0.092437227471637,True,27.08363917673499
ft_01480.png,0.1082775048561817,True,24.563722353831338
ft_01481.png,0.10863802997176646,True,25.7898002487398
ft_01482.png,0.07957714877021792,True,25.076175747367206
ft_01483.png,0.11035445274911151,True,25.723452843507815
ft_01484.png,0.1287782958253399,True,25.678581774032892
ft_01485.png,0.10015917740215224,True,26.199979042594506
ft_01486.png,0.05635708825465437,True,25.342834553032976
ft_01487.png,0.055381237338780864,True,25.40325287055742
ft_01488.png,0.11947946272249445,True,25.787211531713098
ft_01489.png,0.13221050151208757,True,27.472809173540863
ft_01490.png,0.14753046619019794,True,24.963425817406772
ft_01491.png,0.06587496766414877,True,26.184317251526892
ft_01492.png,0.10537519269510585,True,25.95492542149605
ft_01493.png,0.0800130181727858,True,24.719545227484577
ft_01494.png,0.07577049597826738,True,26.189925176927712
ft_01495.png,0.11424687042995808,True,24.688807871254497
ft_01496.png,0.12436258263048103,True,25.51974457773165
ft_01497.png,0.05721425161332327,True,25.65105859001305
ft_01498.png,0.12680210671047656,True,24.357203833501675
ft_01499.png,0.14478015671382233,True,24.93595790302554
ft_01500.png,0.1369118814945844,True,24.025592594302836
ft_01501.png,0.13031811823585895,True,24.852487324383354
ft_01502.png,0.07221107159042843,True,25.428561519758098
ft_01503.png,0.13156185103358087,True,24.75813304297563
ft_01504.png,0.09574274817323952,True,25.737964782548154
ft_01505.png,0.1474092386271365,True,23.698806451280184
ft_01506.png,0.13997387754031537,True,25.549295136422895
ft_01507.png,0.0559207008838373,True,26.888498616820378
ft_01508.png,0.08341863168314131,True,26.48815856378637
ft_01509.png,0.0689885543274161,True,25.408409619055462
ft_01510.png,0.12701212894530464,True,24.62173622880311
ft_01511.png,0.12597639918185705,True,24.587910416734196
ft_01512.png,0.1160980731270514,True,25.855252146736667
ft_01513.png,0.09123821659151722,True,24.859663287845276
ft_01514.png,0.12440996268914843,True,25.13522418086889
ft_01515.png,0.11646857691317444,True,24.66212452522583
ft_01516.png,0.09856702032157058,True,26.70302251406148
ft_01517.png,0.14629253442780915,True,26.2056051143424
ft_01518.png,0.11588343728553867,True,26.059357741448537
ft_01519.png,0.071572904571821,True,25.287131227956813
ft_01520.png,0.14831416240772197,True,25.653609841820305
ft_01521.png,0.058048131932223745,True,25.267402379066528
ft_01522.png,0.13867536419124243,True,25.222256949489132
ft_01523.png,0.14262043280327275,True,24.480125435903908
ft_01524.png,0.11865995937158533,True,25.30644112621795
ft_01525.png,0.11523415496454742,True,24.61193872322079
ft_01526.png,0.1254632949682305,True,25.424978639665113
ft_01527.png,0.09241115487735006,True,26.215305695856514
ft_01528.png,0.06082240781652986,True,25.629426480568142
ft_01529.png,0.10162814625965792,True,24.982220952957995
ft_01530.png,0.06093494997649687,True,25.949769375339237
ft_01531.png,0.14372781960911185,True,25.862714763699994
ft_01532.png,0.09363662025634045,True,24.525964083843288
ft_01533.png,0.10649967422921477,True,25.698479440729756
ft_01534.png,0.12100395468285438,True,25.55014113857076
ft_01535.png,0.08471295136521903,True,24.2600171667835
ft_01536.png,0.09157223693276664,True,26.03915371889618
ft_01537.png,0.1085635405182046,True,25.409009067602536
ft_01538.png,0.09493676489909772,True,25.529594081592208
ft_01539.png,0.12391200522995685,True,24.26272091162701
ft_01540.png,0.09598879959569745,True,25.416747359177045
ft_01541.png,0.08155896768244128,True,26.080886549317228
ft_01542.png,0.12525941281320585,True,25.744137348798763
ft_01543.png,0.05691560464494308,True,24.50690732710532
ft_01544.png,0.055326695265190955,True,26.377574747358903
ft_01545.png,0.06303731564384309,True,24.778091528382767
ft_01546.png,0.07645179585617418,True,25.89110178888393
ft_01547.png,0.052723745966821126,True,25.568093505278405
ft_01548.png,0.10867713548008273,True,25.93693636749086
ft_01549.png,0.1303094072298968,True,24.60246567595593
ft_01550.png,0.05759072770694627,True,25.28076233161713
ft_01551.png,0.0878196496593204,True,25.836927516246945
ft_01552.png,0.08581730816929342,True,25.70579630456789
ft_01553.png,0.1250640429012035,True,24.490849699745066
ft_01554.png,0.05709477036747022,True,25.249849759154518
ft_01555.png,0.13791310617034122,True,24.55338741860604
ft_01556.png,0.05857820328162494,True,25.403516922442936
ft_01557.png,0.09737285783995467,True,24.73889652256135
ft_01558.png,0.08038235709413098,True,25.173772676669238
ft_01559.png,0.053025421961412515,True,27.15009223565536
ft_01560.png,0.10352561116431636,True,24.463159936191442
ft_01561.png,0.1271569927266067,True,24.31870200695399
ft_01562.png,0.08641846249210691,True,25.017934288598195
ft_01563.png,0.05622787035958415,True,25.632164106916996
ft_01564.png,0.12636122756634502,True,26.099265223883712
ft_01565.png,0.123929762742887,True,25.550134798123338
ft_01566.png,0.07604717872710728,True,23.935180062954736
ft_01567.png,0.1400646432757579,True,26.20992905942821
ft_01568.png,0.10533106148777191,True,26.525582598679055
ft_01569.png,0.08088503341043034,True,26.05744122739687
ft_01570.png,0.05794618277934769,True,25.588767365241566
ft_01571.png,0.12791963701369832,True,24.449135981483387
ft_01572.png,0.12149805818145722,True,25.036027775901818
ft_01573.png,0.07849331710229515,True,24.87188921353188
ft_01574.png,0.08689514173883386,True,26.987703950156558
ft_01575.png,0.1248915502163831,True,25.76479542025912
ft_01576.png,0.07101695698030853,True,25.21640073701481
ft_01577.png,0.11055458356960896,True,25.45630646264229
ft_01578.png,0.10841300931045247,True,25.331198482361266
ft_01579.png,0.13103240763433024,True,24.95662855003461
ft_01580.png,0.09191829166050125,True,24.80396562614211
ft_01581.png,0.07022173796217904,True,25.00162937782459
ft_01582.png,0.0643226163899935,True,26.321124810520363
ft_01583.png,0.10822873780162662,True,24.849251935266366
ft_01584.png,0.1049840431450447,True,25.64362124329938
ft_01585.png,0.09394274546839773,True,26.176885258612774
ft_01586.png,0.05258713898340211,True,25.173518204924882
ft_01587.png,0.09520066487341006,True,24.68848329567674
ft_01588.png,0.10937285318853295,True,24.199850250033666
ft_01589.png,0.06811259715570907,True,25.827223792094472
ft_01590.png,0.05937708420747678,True,24.564229835547838
ft_01591.png,0.06489342793124026,True,25.05222295443204
ft_01592.png,0.07718015579362406,True,25.071793471348016
ft_01593.png,0.059920717340466806,True,25.27509798446586
ft_01594.png,0.06082210433261801,True,25.21583237161531
ft_01595.png,0.11594670819435322,True,25.14215252028987
ft_01596.png,0.052957420606076,True,26.70093562560906
ft_01597.png,0.11583577568668518,True,25.05649627493495
ft_01598.png,0.054954206463203197,True,24.828832927764118
ft_01599.png,0.131838100031545,True,24.1560581228753
ft_01600.png,0.08624771235996408,True,25.778629844458752
ft_01601.png,0.12177468752883659,True,26.65189971962147
ft_01602.png,0.14109708983919161,True,25.18125842013147
ft_01603.png,0.06362638182356993,True,24.306938499343094
ft_01604.png,0.12980107146406428,True,24.648666383728287
ft_01605.png,0.132965221169568,True,24.98906185455811
ft_01606.png,0.05528557146894613,True,25.919026165206702
ft_01607.png,0.1384008379479254,True,25.605647988100948
ft_01608.png,0.08873848635423881,True,25.288713575121804
ft_01609.png,0.13603902643220606,True,24.40668042613661
ft_01610.png,0.05787440911314992,True,23.634987228709083
ft_01611.png,0.11685622412964579,True,25.625823330441115
ft_01612.png,0.14049159447958393,True,26.142336404208834
ft_01613.png,0.14448077551758054,True,25.791678249869626
ft_01614.png,0.12382560304728361,True,24.853545758507494
ft_01615.png,0.12451684256491144,True,25.315131987714157
ft_01616.png,0.05690073531670641,True,25.503030023125135
ft_01617.png,0.14666254493462802,True,24.546154119292357
ft_01618.png,0.12375842373495131,True,25.289325318004895
ft_01619.png,0.057265273094167894,True,25.744430357943443
ft_01620.png,0.12150184196785097,True,25.74750074724529
ft_01621.png,0.09001623999594333,True,24.50969894457589
ft_01622.png,0.14365618562201016,True,25.037989880224288
ft_01623.png,0.13374592641727917,True,25.69705863810347
ft_01624.png,0.09657955093050494,True,26.147320195212842
ft_01625.png,0.14454231970282522,True,25.280446853358004
ft_01626.png,0.11358971222642741,True,24.875662613006178
ft_01627.png,0.052163695263424695,True,26.204554393002745
ft_01628.png,0.1004718827580313,True,26.688481900286916
ft_01629.png,0.1343690112531955,True,24.566359612249627
ft_01630.png,0.06561474155862967,True,25.771856419387507
ft_01631.png,0.08538697023763461,True,24.82071542600866
ft_01632.png,0.11155278690317338,True,24.866072862610253
ft_01633.png,0.06042339037323139,True,24.5712468928484
ft_01634.png,0.08111017024173774,True,24.790205004417366
ft_01635.png,0.07278060558914437,True,25.51338810243363
ft_01636.png,0.11713168062947858,True,24.20189574259984
ft_01637.png,0.14640503689467346,True,24.717671988028084
ft_01638.png,0.06673850679354312,True,27.026241319081237
ft_01639.png,0.07060228571898317,True,25.321330465616533
ft_01640.png,0.14048270606096336,True,25.262523709015873
ft_01641.png,0.056403024606047104,True,24.767215270544742
ft_01642.png,0.11804620626732329,True,24.86343200870648
ft_01643.png,0.13452791207105072,True,25.09250000013148
ft_01644.png,0.0660701760907345,True,24.62686764527282
ft_01645.png,0.12369420529689361,True,25.022074759372472
ft_01646.png,0.06051353593427557,True,24.536309676053733
ft_01647.png,0.13395007586084906,True,25.82584313748093
ft_01648.png,0.11507096687497084,True,24.523509100956918
ft_01649.png,0.06783996020986095,True,25.40646301469261
ft_01650.png,0.14157398252785575,True,26.12057944775912
ft_01651.png,0.1136425255405711,True,24.790251577715164
ft_01652.png,0.05281000170991162,True,24.13240112265802
ft_01653.png,0.056518960448903734,True,25.782445050107476
ft_01654.png,0.0630432918216538,True,25.208176740240113
ft_01655.png,0.09585413287977544,True,25.190089399545116
ft_01656.png,0.06135288693684894,True,24.946086497734644
ft_01657.png,0.05398430577806493,True,24.89259179462199
ft_01658.png,0.09849048250170421,True,25.670178530491555
ft_01659.png,0.13954874052027955,True,24.87440841462865
ft_01660.png,0.1397326221776198,True,24.634884579842982
ft_01661.png,0.1312013487890299,True,25.180753317194707
ft_01662.png,0.14791786862667433,True,24.84053047595988
ft_01663.png,0.14203123172074,True,24.484643904441597
ft_01664.png,0.10322515060117973,True,25.130069262590638
ft_01665.png,0.10977261730557314,True,25.298125436059912
ft_01666.png,0.11814482805690707,True,25.767540399189762
ft_01667.png,0.054997575254761316,True,25.966856086672404
ft_01668.png,0.08016395236716505,True,26.499578382002515
ft_01669.png,0.11614760785566429,True,25.283085979670233
ft_01670.png,0.08048861724594909,True,25.408061601542933
ft_01671.png,0.0886603936645127,True,24.68855138854233
ft_01672.png,0.0822212658055345,True,25.040984691727175
ft_01673.png,0.10397881640193721,True,25.678680490231788
ft_01674.png,0.14470938851312093,True,25.033413087153676
ft_01675.png,0.09986991128499395,True,26.174541538684014
ft_01676.png,0.08490785427803806,True,26.01100785053637
ft_01677.png,0.0917193846170691,True,24.890737227828865
ft_01678.png,0.11860666860480358,True,27.460119390124373
ft_01679.png,0.0549499210147546,True,24.789133649393076
ft_01680.png,0.07423473514178067,True,25.550016648017653
ft_01681.png,0.10517834723842842,True,24.91830523858522
ft_01682.png,0.11662550981280023,True,25.129820548535776
ft_01683.png,0.10977129278810174,True,26.04712206206472
ft_01684.png,0.14862982369844369,True,25.925448545108058
ft_01685.png,0.06714445078075484,True,27.102866885219235
ft_01686.png,0.1377830373066523,True,25.719642305038843
ft_01687.png,0.125181753707217,True,24.811249298550617
ft_01688.png,0.14480922044540007,True,24.47715903531423
ft_01689.png,0.08467822375003717,True,25.580214264738697
ft_01690.png,0.11382761243009831,True,25.31077855564144
ft_01691.png,0.10069089550179143,True,25.339140245870087
ft_01692.png,0.12616548294520494,True,26.95019204049406
ft_01693.png,0.07718502748850278,True,25.25470019334049
ft_01694.png,0.11202883279525871,True,26.07891162273592
ft_01695.png,0.08830772698426305,True,26.478649255058073
ft_01696.png,0.11079087014778943,True,25.762220792531974
ft_01697.png,0.063491355674586,True,25.281898266064733
ft_01698.png,0.13751806924366838,True,24.54485746871882
ft_01699.png,0.10547360599580019,True,25.457971253654325
ft_01700.png,0.07541108168216566,True,25.676850711882416
ft_01701.png,0.1097074502141955,True,25.680033479923388
ft_01702.png,0.07148471708694523,True,26.478432278103217
ft_01703.png,0.09797499396886852,True,25.83108376664413
ft_01704.png,0.11810517184840548,True,26.801980187693584
ft_01705.png,0.12491522918520168,True,24.540972544374515
ft_01706.png,0.08294252706228868,True,25.37729798017861
ft_01707.png,0.07416809970300356,True,25.764339885750154
ft_01708.png,0.13064058262301506,True,24.787892628555774
ft_01709.png,0.10626602343139499,True,25.14554907735426
ft_01710.png,0.09604894727650504,True,26.286220859006356
ft_01711.png,0.13821800598980477,True,25.178896253065357
ft_01712.png,0.07983408826594776,True,25.4803493304502
ft_01713.png,0.10315307941098845,True,25.06905926209875
ft_01714.png,0.1467120676230408,True,27.64649214872769
ft_01715.png,0.10486496545841736,True,25.285522152666484
ft_01716.png,0.054285983141521305,True,25.85468487775342
ft_01717.png,0.12996190382435235,True,24.80973028502757
ft_01718.png,0.14965060726737694,True,26.118842128592945
ft_01719.png,0.1428963447423841,True,25.36232363349204
ft_01720.png,0.14409012506658297,True,24.55771762544377
ft_01721.png,0.05525881732014154,True,24.346984957969802
ft_01722.png,0.10870235933155067,True,24.96959183018406
ft_01723.png,0.054427716009038896,True,24.310984152124206
ft_01724.png,0.1309409669403737,True,24.9393639638801
ft_01725.png,0.1209196730032757,True,25.046738905216642
ft_01726.png,0.11258669436084566,True,24.370684513737324
ft_01727.png,0.10062080242476976,True,26.981882541459356
ft_01728.png,0.09089709153621132,True,24.049501831947918
ft_01729.png,0.06382407293113337,True,25.060706263240963
ft_01730.png,0.09156060878600863,True,26.698466768552315
ft_01731.png,0.0527847065860561,True,24.954775463954817
ft_01732.png,0.11099622048837375,True,24.972084042393647
ft_01733.png,0.08393358352245699,True,25.65830467942774
ft_01734.png,0.13517434787673033,True,24.84934594240991
ft_01735.png,0.0694509685770647,True,25.882957157778577
ft_01736.png,0.05958602829922263,True,24.444032231080218
ft_01737.png,0.05182329360614553,True,25.844352030473758
ft_01738.png,0.052139917580492225,True,25.01652661205653
ft_01739.png,0.07658966838708184,True,26.19379372167996
ft_01740.png,0.061526671926052136,True,26.414119830571945
ft_01741.png,0.08230716114076218,True,25.604366492399087
ft_01742.png,0.12449233847414251,True,25.27272999059383
ft_01743.png,0.053151758920577434,True,26.896312316697966
ft_01744.png,0.0742445692458101,True,25.238510013832776
ft_01745.png,0.06340241086573242,True,24.84644241383625
ft_01746.png,0.05087975171551367,True,24.888553940544902
ft_01747.png,0.05168046775278499,True,25.576160643033834
ft_01748.png,0.11777774296298905,True,25.477516498718778
ft_01749.png,0.0947366778852047,True,24.30999987858908
ft_01750.png,0.13169602861787222,True,25.161598458211166
ft_01751.png,0.08375134995405616,True,24.63636379726386
ft_01752.png,0.07766740353908555,True,25.350934603950634
ft_01753.png,0.13860703802798735,True,25.38648044061437
ft_01754.png,0.09290975818702943,True,26.838363585116994
ft_01755.png,0.08114698066790287,True,25.815238372857415
ft_01756.png,0.10372947007361259,True,24.60341900307691
ft_01757.png,0.0961823037360701,True,24.89856311416011
ft_01758.png,0.06939765720486435,True,25.005188346064976
ft_01759.png,0.09186064828135354,True,25.41203849820878
ft_01760.png,0.05965847689614369,True,25.07818823483642
ft_01761.png,0.08772023542850817,True,26.00412964242732
ft_01762.png,0.08738750716284792,True,25.585556472348404
ft_01763.png,0.07077638055513834,True,24.96390157732774
ft_01764.png,0.08645778928890195,True,23.7440598686847
ft_01765.png,0.1365106379726269,True,24.51644721291131
ft_01766.png,0.13377789368448548,True,25.2189633694531
ft_01767.png,0.08789527453000129,True,24.495782774900995
ft_01768.png,0.06990242640148178,True,25.012555179540147
ft_01769.png,0.0941233717056088,True,24.632063363482537
ft_01770.png,0.058762150807663595,True,27.23146031396649
ft_01771.png,0.08831420873519494,True,26.544521567860176
ft_01772.png,0.05301133756045419,True,25.260799952497493
ft_01773.png,0.05010585163501901,True,24.380070500642418
ft_01774.png,0.09554861491117694,True,24.776207460884127
ft_01775.png,0.05293683030948441,True,25.034385858552078
ft_01776.png,0.14224899083154438,True,25.31224256647574
ft_01777.png,0.10130622526880166,True,24.273447974049226
ft_01778.png,0.13916908426085983,True,25.785961714632833
ft_01779.png,0.12223579191028415,True,25.382837648397448
ft_01780.png,0.11380147946080683,True,24.720344305969096
ft_01781.png,0.10688946457495974,True,27.228052038236914
ft_01782.png,0.09019985824833451,True,24.976084751054056
ft_01783.png,0.0677286185069581,True,25.85709978337428
ft_01784.png,0.09409334797739388,True,26.03768970682948
ft_01785.png,0.09787305463357035,True,28.369246950649185
ft_01786.png,0.11405830205782393,True,25.335146080838914
ft_01787.png,0.1350213045461735,True,25.264981941299514
ft_01788.png,0.1370808781015041,True,25.097699813326088
ft_01789.png,0.06848937314961806,True,25.877530398729995
ft_01790.png,0.11394749088053259,True,25.814528835528805
ft_01791.png,0.07458296250418055,True,25.435506243109206
ft_01792.png,0.08849914943697977,True,25.935934145032697
ft_01793.png,0.11058792508568777,True,24.89662963007217
ft_01794.png,0.055687930345909666,True,26.291727118979384
ft_01795.png,0.11033367582148221,True,25.36986272254278
ft_01796.png,0.09502179974360905,True,25.346638348067874
ft_01797.png,0.1372852771044103,True,25.0319980045292
ft_01798.png,0.11164394217723331,True,24.972377896709332
ft_01799.png,0.08319133410875544,True,25.647841109527043
ft_01800.png,0.13373422166682125,True,25.679240552466908
ft_01801.png,0.09711921622380192,True,25.280682227992358
ft_01802.png,0.06515428724603795,True,24.36720611374517
ft_01803.png,0.12488315365645503,True,24.5523313414393
ft_01804.png,0.06373724556510361,True,25.469125293798662
ft_01805.png,0.1067687292270457,True,24.782209992421585
ft_01806.png,0.09827343590555476,True,25.049794197931217
ft_01807.png,0.07873165141368356,True,25.076864004128737
ft_01808.png,0.08885644689749289,True,25.406491915940563
ft_01809.png,0.07100247081447553,True,24.144251489780828
ft_01810.png,0.06211130140676943,True,25.709486812341108
ft_01811.png,0.14102089199648574,True,26.025428590943548
ft_01812.png,0.08030710460716238,True,24.466405115483344
ft_01813.png,0.1251075964882352,True,26.195662441255024
ft_01814.png,0.14113034032619964,True,26.094744255966617
ft_01815.png,0.1371500300787546,True,25.455470429052856
ft_01816.png,0.06986448997726644,True,25.222656426757204
ft_01817.png,0.13131862166683447,True,25.91986357673658
ft_01818.png,0.050591609298208606,True,24.822954178452147
ft_01819.png,0.12107805477552776,True,25.98532206806009
ft_01820.png,0.07592447164630581,True,24.89442241037309
ft_01821.png,0.1484354240160007,True,25.066141890615377
ft_01822.png,0.0590790087374024,True,25.46105714263698
ft_01823.png,0.11919783921397033,True,25.86256512881176
ft_01824.png,0.061419161092300584,True,24.987141005698422
ft_01825.png,0.1202069265506403,True,27.497087930141426
ft_01826.png,0.07298623180709297,True,25.722272616980128
ft_01827.png,0.12779608828930375,True,24.74915220270431
ft_01828.png,0.09723752614418185,True,24.659609156339148
ft_01829.png,0.05465195820053725,True,26.126712677257856
ft_01830.png,0.1293162918101426,True,25.5705170840367
ft_01831.png,0.12400875933577774,True,24.163760909262425
ft_01832.png,0.10865282824837022,True,24.553866939343084
ft_01833.png,0.09782252497055516,True,24.6742111823339
ft_01834.png,0.14177801457193157,True,25.161809972892573
ft_01835.png,0.14296342220844832,True,25.898202630887717
ft_01836.png,0.135225379829378,True,24.917417988085052
ft_01837.png,0.052260190240567196,True,24.847890823663086
ft_01838.png,0.11411442356856556,True,25.496454061814823
ft_01839.png,0.12876223612786403,True,25.257370790159953
ft_01840.png,0.1101549227022646,True,23.950510646043554
ft_01841.png,0.05026806046732388,True,24.52035209376288
ft_01842.png,0.09164059612780687,True,24.78946307213505
ft_01843.png,0.10654538205449987,True,25.379720766894636
ft_01844.png,0.0600653430243972,True,26.067481537957825
ft_01845.png,0.13147141740691362,True,25.19581064759974
ft_01846.png,0.14802891057930478,True,24.69422634494098
ft_01847.png,0.054485444567004306,True,26.61703271232225
ft_01848.png,0.07222587736477024,True,27.150297739908375
ft_01849.png,0.11952621924760028,True,26.30984257427546
ft_01850.png,0.11070593589871806,True,25.39513498407632
ft_01851.png,0.07768624007534462,True,24.84300388311457
ft_01852.png,0.09076153569253514,True,25.725413956848108
ft_01853.png,0.08879049130456282,True,25.402347671670093
ft_01854.png,0.0697066351714766,True,25.579585927128583
ft_01855.png,0.11412642341976609,True,23.976156328165757
ft_01856.png,0.06386556261541629,True,25.64017871178054
ft_01857.png,0.0836703709682016,True,25.17643870600501
ft_01858.png,0.11723881002011632,True,25.684989666324146
ft_01859.png,0.13192906999136905,True,25.75806040507984
ft_01860.png,0.05745692233235947,True,26.848699972530564
ft_01861.png,0.10773367360730618,True,25.293065620222897
ft_01862.png,0.13774964014139746,True,25.283286065714673
ft_01863.png,0.1016646771108668,True,26.09656253236499
ft_01864.png,0.0568101923417583,True,26.34288828225277
ft_01865.png,0.1135447717774712,True,25.572966408243754
ft_01866.png,0.14476556042174804,True,25.540491578303467
ft_01867.png,0.12012961529994098,True,25.302576303041477
ft_01868.png,0.05776684601090967,True,25.99690362658667
ft_01869.png,0.12211217814982835,True,24.801500697166134
ft_01870.png,0.06622268974589592,True,25.55833756207064
ft_01871.png,0.07282443933220921,True,24.834556256214007
ft_01872.png,0.1165807740406663,True,26.39173791262518
ft_01873.png,0.14987723181024376,True,25.385691786226193
ft_01874.png,0.12234382254776391,True,26.199874817266057
ft_01875.png,0.11487816914591835,True,25.925687706317476
ft_01876.png,0.13490734441138064,True,24.693136063442452
ft_01877.png,0.07032765303033905,True,25.735760782830305
ft_01878.png,0.13383918960489627,True,25.27819012758166
ft_01879.png,0.08140097963090835,True,25.29772125752119
ft_01880.png,0.09552883750541945,True,24.818656273251165
ft_01881.png,0.14785106799317219,True,26.023890733350772
ft_01882.png,0.10828539538801618,True,24.66026595062376
ft_01883.png,0.08005242127250958,True,25.099483892979457
ft_01884.png,0.06569912496140225,True,26.387751894125397
ft_01885.png,0.13441335128604381,True,24.483622341817615
ft_01886.png,0.12831510042128863,True,25.483062385727827
ft_01887.png,0.1463255969163252,True,28.274232912414263
ft_01888.png,0.07948382578793177,True,25.75938192952705
ft_01889.png,0.051129685156174415,True,24.255078559280484
ft_01890.png,0.08813565950096866,True,26.522533515653244
ft_01891.png,0.053098879472626107,True,25.738424307503426
ft_01892.png,0.10245357032222208,True,25.46441695130964
ft_01893.png,0.1311814044858759,True,25.150704396088827
ft_01894.png,0.11925453054242946,True,24.916112793349384
ft_01895.png,0.09364790228423106,True,25.003686523780864
ft_01896.png,0.058502408562973375,True,25.18660973402154
ft_01897.png,0.09459617797842884,True,24.56781819765805
ft_01898.png,0.09835817733339729,True,25.673526260732274
ft_01899.png,0.05057720467144377,True,24.832243405754852
ft_01900.png,0.14394034827437213,True,24.46811410408216
ft_01901.png,0.11530377382542246,True,24.136987571821336
ft_01902.png,0.059382724810319455,True,25.26623048208229
ft_01903.png,0.1427536464921442,True,24.054482349709755
ft_01904.png,0.11388563917402215,True,26.60886186478178
ft_01905.png,0.08610364614217537,True,25.333324710369443
ft_01906.png,0.06128090009997342,True,27.770827377182464
ft_01907.png,0.14708942866369415,True,24.646664415857458
ft_01908.png,0.05718859068444883,True,24.812095779289788
ft_01909.png,0.13859552527833147,True,26.75015553938526
ft_01910.png,0.08482608051271748,True,24.86029997092322
ft_01911.png,0.1039179244464931,True,26.070647122834497
ft_01912.png,0.1289300872941221,True,25.23963846805742
ft_01913.png,0.11707771991041052,True,25.790078057180494
ft_01914.png,0.06635948929078875,True,25.617350809910103
ft_01915.png,0.09233754836402605,True,25.15710946274336
ft_01916.png,0.14067000715655792,True,24.80175911440473
ft_01917.png,0.14400639282943722,True,25.336213803808278
ft_01918.png,0.08353643923462159,True,24.833778276490666
ft_01919.png,0.13912035260746358,True,24.1609754861398
ft_01920.png,0.12417343713958143,True,26.282929890901016
ft_01921.png,0.07902817553668587,True,25.810215270491828
ft_01922.png,0.13044650756498077,True,26.372563179920053
ft_01923.png,0.13084573733038873,True,25.739684717343504
ft_01924.png,0.13851006409959077,True,24.781284838658507
ft_01925.png,0.0633247483727988,True,24.481837354273978
ft_01926.png,0.06746263455885794,True,25.033645081736765
ft_01927.png,0.11495983222458821,True,25.384060687713653
ft_01928.png,0.08685384185332909,True,26.71642565328707
ft_01929.png,0.07773306208114403,True,24.71313566367765
ft_01930.png,0.11554638403137431,True,26.42048097369539
ft_01931.png,0.09433452455377764,True,26.540459518946292
ft_01932.png,0.09642039094231863,True,25.026338497635273
ft_01933.png,0.10492780428835424,True,25.05358591376259
ft_01934.png,0.05758290828246402,True,25.958784219719313
ft_01935.png,0.11560524414224585,True,25.886709293363353
ft_01936.png,0.08679767772801673,True,24.840839173538892
ft_01937.png,0.08725812247443357,True,25.93879148901888
ft_01938.png,0.12047862717562116,True,25.303785008552158
ft_01939.png,0.1002357311165219,True,24.248218435854323
ft_01940.png,0.1444852732607106,True,24.53122565072909
ft_01941.png,0.08270543484878731,True,24.84105499527816
ft_01942.png,0.09684383382931276,True,24.840183282123803
ft_01943.png,0.06378267649325828,True,24.661073371530158
ft_01944.png,0.10163509926988679,True,25.199705077425026
ft_01945.png,0.11552204009287936,True,24.63466237033863
ft_01946.png,0.11227269613570551,True,26.405753345591663
ft_01947.png,0.1372241587537525,True,25.3455500296606
ft_01948.png,0.09811834970074726,True,26.157441691695034
ft_01949.png,0.08541252185563035,True,24.91567964180874
ft_01950.png,0.14866012438195875,True,25.270774417324798
ft_01951.png,0.08581226141133487,True,25.91591105283568
ft_01952.png,0.12830072652169988,True,24.280065034390155
ft_01953.png,0.11105333942851042,True,25.750473711002947
ft_01954.png,0.14637283787635125,True,24.729473433320134
ft_01955.png,0.09677429439059546,True,26.688335158229222
ft_01956.png,0.09022878533242276,True,25.21861529400055
ft_01957.png,0.06826234928064537,True,25.638005480466962
ft_01958.png,0.055600931672883984,True,24.62453684999407
ft_01959.png,0.11730930014821213,True,24.951995776007184
ft_01960.png,0.1449808525518631,True,23.581673237209564
ft_01961.png,0.12772026183611185,True,25.570555795847962
ft_01962.png,0.078071908874738,True,26.37092124077703
ft_01963.png,0.09071547391942686,True,25.469168856906602
ft_01964.png,0.07709538475451308,True,24.96970917407927
ft_01965.png,0.10356671766235762,True,24.532302747165815
ft_01966.png,0.13340642055081203,True,24.01711501498906
ft_01967.png,0.11414121525538236,True,25.39282917413216
ft_01968.png,0.0809612937793456,True,25.29837787976989
ft_01969.png,0.06861390165962748,True,25.636619620948093
ft_01970.png,0.0631655389348055,True,26.938657618557954
ft_01971.png,0.0729843063817074,True,24.415817817437233
ft_01972.png,0.07497371126502839,True,26.06542551513071
ft_01973.png,0.0852492367701427,True,25.14944292777087
ft_01974.png,0.10474428913493422,True,25.977064897100494
ft_01975.png,0.07304460256055531,True,26.85361813280258
ft_01976.png,0.09397439423344894,True,25.488821660341387
ft_01977.png,0.09901075558931448,True,25.004836662747056
ft_01978.png,0.13637833372869712,True,25.556256052147454
ft_01979.png,0.09565174782547596,True,24.000228285273842
ft_01980.png,0.09735243761506394,True,24.379842513776104
ft_01981.png,0.1429210745449973,True,25.846697226401222
ft_01982.png,0.05305730652442356,True,25.57424406547127
ft_01983.png,0.14118298600412743,True,25.572181390833823
ft_01984.png,0.11105294558472062,True,24.905895991342994
ft_01985.png,0.0739313185891552,True,24.903695195603753
ft_01986.png,0.14736083991280668,True,26.23263507311885
ft_01987.png,0.059328509978270494,True,25.847969479080376
ft_01988.png,0.05969196909822288,True,25.300379193718978
ft_01989.png,0.12001385123274984,True,25.37146134834947
ft_01990.png,0.05983025073603846,True,25.345004867802366
ft_01991.png,0.0755500868226891,True,24.710462148564325
ft_01992.png,0.09285041647934461,True,25.071671043108815
ft_01993.png,0.05040517034901779,True,24.94516406463418
ft_01994.png,0.053762925395025446,True,25.750106112764946
ft_01995.png,0.10140268122683088,True,25.63559121093238
ft_01996.png,0.10309641740248701,True,24.591602401255415
ft_01997.png,0.07605956078173202,True,25.16116431116497
ft_01998.png,0.051832175729980945,True,25.421083386020875
ft_01999.png,0.08603241966743738,True,24.825385809985676
ft_02000.png,0.058622548404759084,True,25.618283127915397
ft_02001.png,0.12734440435218483,True,24.80591108669551
ft_02002.png,0.11655704220740488,True,26.282960491726715
ft_02003.png,0.09437697645598159,True,25.965508950587587
ft_02004.png,0.1203137341962135,True,24.796766010019674
ft_02005.png,0.050561362479074036,True,25.48022274498893
ft_02006.png,0.1482325799659661,True,24.334138252639907
ft_02007.png,0.11188493150788603,True,24.689945977268696
ft_02008.png,0.14717654363413435,True,24.725375712591436
ft_02009.png,0.13268560147133618,True,26.17925053905106
ft_02010.png,0.055983565687070504,True,25.21713800668856
ft_02011.png,0.13039495042487684,True,25.560037291741512
ft_02012.png,0.07241748027670519,True,25.354064452964153
ft_02013.png,0.053465869679162815,True,24.923670550321113
ft_02014.png,0.14911190489516513,True,25.04742446719376
ft_02015.png,0.14601687358325477,True,25.473076713040953
ft_02016.png,0.05772592856365593,True,25.488887422422057
ft_02017.png,0.0933156972948506,True,25.031283494816364
ft_02018.png,0.08155885316408831,True,25.093417278168427
ft_02019.png,0.10338470086808302,True,24.49710015891281
ft_02020.png,0.13235861843699798,True,24.639371792272826
ft_02021.png,0.07673777516716297,True,26.55918042084626
ft_02022.png,0.08620379824948739,True,25.69200073209595
ft_02023.png,0.07128739367522899,True,24.799304668671294
ft_02024.png,0.06461147663929057,True,26.581341360613493
ft_02025.png,0.05615383746968228,True,24.614259521542607
ft_02026.png,0.0879927971572448,True,25.842237102409587
ft_02027.png,0.08730856848138865,True,25.548893833761458
ft_02028.png,0.1458660326249374,True,25.13268300494053
ft_02029.png,0.08173890386631397,True,25.51065688803662
ft_02030.png,0.12695238583681762,True,26.58421465097684
ft_02031.png,0.058257011767541216,True,24.503394791512708
ft_02032.png,0.05324294910897727,True,25.046556483383245
ft_02033.png,0.1346898875560129,True,24.970541019841246
ft_02034.png,0.07923020690828805,True,25.15365622224199
ft_02035.png,0.07733438703056986,True,24.887192808487967
ft_02036.png,0.050288393273744236,True,25.37228943947049
ft_02037.png,0.13638625166037877,True,25.05443985705249
ft_02038.png,0.07366704363793977,True,24.937647521728827
ft_02039.png,0.1485156402385748,True,25.491601607922338
ft_02040.png,0.10476750674698107,True,24.921977602074406
ft_02041.png,0.06341348200442012,True,25.8442800071027
ft_02042.png,0.05683695395605053,True,25.574353803130908
ft_02043.png,0.08384745052172414,True,24.54148317418054
ft_02044.png,0.06044309496249143,True,24.47615646598272
ft_02045.png,0.09127789273060155,True,25.18926043042122
ft_02046.png,0.12561031362063402,True,25.19865464619185
ft_02047.png,0.05570592745312202,True,25.46675882220352
ft_02048.png,0.11435005677602296,True,26.139019564862917
ft_02049.png,0.11389858129995353,True,25.00922495603595
ft_02050.png,0.13185957136432389,True,25.624656311540154
ft_02051.png,0.05884870467107787,True,25.109398740819575
ft_02052.png,0.05240198526232314,True,24.471510130802802
ft_02053.png,0.10994058368081609,True,24.598117770697634
ft_02054.png,0.11482933057309153,True,24.527233620095068
ft_02055.png,0.10077597797614951,True,24.317175825894882
ft_02056.png,0.1497890569223665,True,25.420441203052036
ft_02057.png,0.11398243086955766,True,25.37786010192566
ft_02058.png,0.07138189729616222,True,25.11824803070544
ft_02059.png,0.1396691209723956,True,26.269097179877384
ft_02060.png,0.05554307349198594,True,24.62192193541288
ft_02061.png,0.061717159376319136,True,24.721834888562398
ft_02062.png,0.05411898663780978,True,26.650742521747578
ft_02063.png,0.07858307862334651,True,25.24907437873162
ft_02064.png,0.11023342858342265,True,25.032549522363233
ft_02065.png,0.09413108645277916,True,25.6114441357723
ft_02066.png,0.13061477278980335,True,26.36888989647779
ft_02067.png,0.09181715432962587,True,24.77759690960886
ft_02068.png,0.06061377254292827,True,25.701033462152036
ft_02069.png,0.09829832200664285,True,24.61258412204344
ft_02070.png,0.12388509130305964,True,25.833005606201827
ft_02071.png,0.11341234781667905,True,25.3843147729545
ft_02072.png,0.09608218388878567,True,25.94977271744261
ft_02073.png,0.12689024764300294,True,26.577531128943313
ft_02074.png,0.08483465903724391,True,26.21058499991252
ft_02075.png,0.14737880255198482,True,23.97721461388588
ft_02076.png,0.09001255500921695,True,25.447581319454958
ft_02077.png,0.08404937857097151,True,26.388935305313318
ft_02078.png,0.09443855423897812,True,25.25982952807134
ft_02079.png,0.10595204569032171,True,23.74539170869425
ft_02080.png,0.10248479314879491,True,25.59546130001236
ft_02081.png,0.10403632044085995,True,25.714274514780723
ft_02082.png,0.08976301465319411,True,24.940490198145472
ft_02083.png,0.0679596643763776,True,24.920028922119137
ft_02084.png,0.07526737202552,True,24.37879837883135
ft_02085.png,0.12037174668140022,True,28.233403959176027
ft_02086.png,0.05610804966891552,True,24.789341185878342
ft_02087.png,0.13608461959366508,True,25.43997683422718
ft_02088.png,0.08304256353499653,True,25.778939456633587
ft_02089.png,0.11521634166438882,True,25.638689740612428
ft_02090.png,0.12749080963242698,True,24.759350647528784
ft_02091.png,0.0906490925611449,True,25.154033967579377
ft_02092.png,0.14791064553802208,True,25.01864218191825
ft_02093.png,0.1258024127006301,True,25.233993684969644
ft_02094.png,0.09542666026751312,True,25.027794117601267
ft_02095.png,0.08429229421809917,True,25.350190571441843
ft_02096.png,0.11387099804902442,True,25.44111416735805
ft_02097.png,0.08572061042834625,True,25.911457098100776
ft_02098.png,0.0999578779628332,True,25.40077192068634
ft_02099.png,0.1388797692022298,True,26.482331362080114
ft_02100.png,0.06708058596499804,True,26.31310909397568
ft_02101.png,0.09707922167224442,True,26.36698238190116
ft_02102.png,0.14965842839508844,True,25.4380135370908
ft_02103.png,0.08169115762690086,True,25.70370254687163
ft_02104.png,0.06756789384672726,True,26.491802854362497
ft_02105.png,0.05838983166011407,True,25.781898014872155
ft_02106.png,0.11055768455763018,True,25.418166040627344
ft_02107.png,0.07923909471836724,True,25.135447049218552
ft_02108.png,0.06974669084943708,True,27.202263868635953
ft_02109.png,0.05190991358502615,True,25.55537260056059
ft_02110.png,0.0804654985831539,True,25.443087432320937
ft_02111.png,0.08732786974291842,True,26.249624046026984
ft_02112.png,0.14614377759634317,True,23.67611438382234
ft_02113.png,0.1141804858059117,True,26.219932653852123
ft_02114.png,0.08126278774256687,True,25.578743130060037
ft_02115.png,0.0901922490134895,True,25.521136873063853
ft_02116.png,0.06123747017422807,True,25.556323575947914
ft_02117.png,0.06686246834175356,True,24.69119793830614
ft_02118.png,0.13208556379670772,True,24.30796073454873
ft_02119.png,0.07197835982841012,True,25.03111665214066
ft_02120.png,0.07656906691834316,True,24.76723868873333
ft_02121.png,0.14552610187202186,True,24.415432170428424
ft_02122.png,0.14076693827395564,True,24.290268510935498
ft_02123.png,0.10799448850168003,True,25.371228022751477
ft_02124.png,0.12784305812168545,True,24.990255501377284
ft_02125.png,0.0661524608379924,True,25.305242053501573
ft_02126.png,0.06654850705423646,True,25.835570597923606
ft_02127.png,0.08318920674191829,True,24.23583972370251
ft_02128.png,0.06395976065345785,True,24.67679106741905
ft_02129.png,0.07419553170138532,True,28.2856859047084
ft_02130.png,0.10667772807275383,True,24.55170016308871
ft_02131.png,0.09464875190442204,True,24.788221547926767
ft_02132.png,0.1417615965956427,True,26.541380574812262
ft_02133.png,0.12231481410297866,True,25.061011078246107
ft_02134.png,0.06786217215440414,True,26.861092896536736
ft_02135.png,0.13176471444357327,True,24.66439663361625
ft_02136.png,0.10311790730032783,True,25.42167499796814
ft_02137.png,0.0810724825347634,True,26.017135075255702
ft_02138.png,0.08033990345473137,True,25.576042028099515
ft_02139.png,0.12062328889832828,True,26.287232866177582
ft_02140.png,0.1206580913421589,True,25.264066177046992
ft_02141.png,0.1345605398748851,True,26.47771664807982
ft_02142.png,0.14060733122311858,True,24.16729634896359
ft_02143.png,0.0995627855128457,True,24.93745352996715
ft_02144.png,0.14920017112769574,True,24.559648520491795
ft_02145.png,0.14380498301964517,True,25.79741948663411
ft_02146.png,0.11582286328713312,True,24.50379427065907
ft_02147.png,0.14932886802505096,True,24.710088218871
ft_02148.png,0.05973684979870129,True,25.76042792038773
ft_02149.png,0.10045022370070747,True,23.996184110046958
ft_02150.png,0.13379736258146926,True,25.114182303960753
ft_02151.png,0.13280413066189112,True,25.98538312516765
ft_02152.png,0.14900399403805636,True,25.109823005980786
ft_02153.png,0.06268173444400749,True,26.243184442302606
ft_02154.png,0.07308087538785478,True,24.302225372455368
ft_02155.png,0.1417478165132229,True,24.9909742268434
ft_02156.png,0.06970088204587584,True,25.814959987133577
ft_02157.png,0.11023441672083775,True,24.200338746344876
ft_02158.png,0.10684524290296196,True,26.025010716374567
ft_02159.png,0.0587882043088164,True,24.961238376097306
ft_02160.png,0.07794616689341088,True,24.326531021355578
ft_02161.png,0.09413173532551977,True,24.601705046706396
ft_02162.png,0.08694176349488254,True,25.433612507321325
ft_02163.png,0.14605105645271893,True,24.52291077924262
ft_02164.png,0.06302806112411143,True,26.366154075846403
ft_02165.png,0.08303285051229808,True,26.654501673195465
ft_02166.png,0.05495152565512337,True,25.37578294573958
ft_02167.png,0.08844959134842725,True,26.324744490515307
ft_02168.png,0.05043585990645492,True,25.221868814444765
ft_02169.png,0.06988198995955927,True,26.20797460075429
ft_02170.png,0.07251767203947658,True,23.704791571769288
ft_02171.png,0.09607252566386774,True,26.568889333377452
ft_02172.png,0.14157964173872967,True,24.602189246308743
ft_02173.png,0.1286991078369037,True,26.03040305224601
ft_02174.png,0.14906830783444386,True,25.962641756781363
ft_02175.png,0.07596493095924296,True,25.83049337282189
ft_02176.png,0.12250644545895692,True,26.237229120710023
ft_02177.png,0.08344931292594827,True,25.831399612815172
ft_02178.png,0.133321518839588,True,24.378700245101182
ft_02179.png,0.14123300578774067,True,24.89173870031476
ft_02180.png,0.05382564956661023,True,24.28451153441261
ft_02181.png,0.11738892696887414,True,25.630862590687187
ft_02182.png,0.13066109514439977,True,25.669850254060947
ft_02183.png,0.1495263739704623,True,26.437320899974004
ft_02184.png,0.06892028392870318,True,26.114307688258677
ft_02185.png,0.14900668718247612,True,26.095126041927237
ft_02186.png,0.11612504440837351,True,26.161639038228724
ft_02187.png,0.12209518554910968,True,25.65622931439937
ft_02188.png,0.05682051304975429,True,24.253773678403586
ft_02189.png,0.10823979645403448,True,24.60644576208075
ft_02190.png,0.05353302072356954,True,25.55638804811508
ft_02191.png,0.139862038468391,True,25.222675423477984
ft_02192.png,0.13389467715036363,True,25.47900627284188
ft_02193.png,0.1163345342545395,True,27.143953976703674
ft_02194.png,0.05506740035122534,True,24.502674307978207
ft_02195.png,0.11809759754292788,True,25.04133801315774
ft_02196.png,0.08310299031728947,True,25.484973007449515
ft_02197.png,0.08704993541601952,True,24.62757186046511
ft_02198.png,0.10011104954809988,True,25.566466869199633
ft_02199.png,0.05072582532351014,True,25.55603321884465
ft_02200.png,0.07261976985404729,True,25.277038559913755
ft_02201.png,0.09321188273247082,True,24.529397570881116
ft_02202.png,0.14240411555165033,True,24.98516790489368
ft_02203.png,0.11999535257481457,True,26.796476080920428
ft_02204.png,0.09695464931606479,True,24.52392266105125
ft_02205.png,0.05913900057678581,True,26.004393888629913
ft_02206.png,0.06211431320828589,True,24.513278719038833
ft_02207.png,0.09500952866294227,True,24.639361016066363
ft_02208.png,0.05047435467237546,True,24.670461274426824
ft_02209.png,0.09852481447608379,True,25.20876270237728
ft_02210.png,0.06379222193159012,True,24.120776194553216
ft_02211.png,0.11342227432902213,True,25.787738759289425
ft_02212.png,0.10915604570440333,True,25.910888005173618
ft_02213.png,0.12672459569304756,True,26.244760611309314
ft_02214.png,0.08979892833482078,True,25.86816317544191
ft_02215.png,0.12849310794464872,True,25.885870082367653
ft_02216.png,0.12058092551887019,True,25.852852648693986
ft_02217.png,0.12101543185181174,True,25.137971435355414
ft_02218.png,0.0653013858813969,True,27.26818313776
ft_02219.png,0.056024578712117135,True,26.533880870572926
ft_02220.png,0.11018989892140321,True,24.73800087695492
ft_02221.png,0.1033249398510113,True,24.74615284922597
ft_02222.png,0.06357908798128167,True,26.05745123131775
ft_02223.png,0.09217511835844377,True,25.98690767458708
ft_02224.png,0.0772166991283231,True,25.14471012903286
ft_02225.png,0.10655832688852127,True,25.801477587985573
ft_02226.png,0.1162156466538067,True,24.39610248979446
ft_02227.png,0.12441421934514359,True,24.326998096099274
ft_02228.png,0.07227482399551002,True,25.73827953088728
ft_02229.png,0.11936614477053716,True,27.202953156661074
ft_02230.png,0.05277007303680614,True,25.74479161009128
ft_02231.png,0.1480696670816653,True,26.111331848687755
ft_02232.png,0.10921709373711119,True,24.734912796767034
ft_02233.png,0.06549365410798776,True,24.506140910352304
ft_02234.png,0.11605113832599459,True,25.471946188758295
ft_02235.png,0.12240193523050459,True,24.8714077832378
ft_02236.png,0.07684919870564182,True,25.368000429210795
ft_02237.png,0.1012895288039096,True,25.403125683436215
ft_02238.png,0.11446501628198803,True,26.02493304945837
ft_02239.png,0.058344427901168096,True,25.379961935733185
ft_02240.png,0.114536498943842,True,24.503296771901187
ft_02241.png,0.05359471859342418,True,25.073569997469093
ft_02242.png,0.07283435161008615,True,25.779513242155453
ft_02243.png,0.11534196990989537,True,25.120290936715442
ft_02244.png,0.10735412651038244,True,24.77205421551709
ft_02245.png,0.14451657006356255,True,26.520900528277778
ft_02246.png,0.050217268627651496,True,23.940910759538173
ft_02247.png,0.09508300551732643,True,26.09879176134841
ft_02248.png,0.07408198111921023,True,25.105970665583605
ft_02249.png,0.1065720133127907,True,24.898140943545858
ft_02250.png,0.07247818450439457,True,25.43539354569098
ft_02251.png,0.059815674363276616,True,26.711045573973887
ft_02252.png,0.12081185396549547,True,25.456868760990506
ft_02253.png,0.09249842923289536,True,25.810879563254634
ft_02254.png,0.1421789663673123,True,25.566094938903888
ft_02255.png,0.09112230270130246,True,26.076926994299022
ft_02256.png,0.11777376378698202,True,25.476725166618294
ft_02257.png,0.14011409680047077,True,24.45320023180139
ft_02258.png,0.066758361018906,True,25.91920019226322
ft_02259.png,0.11889655649004399,True,25.722019028137613
ft_02260.png,0.051335143296153275,True,25.59440046110074
ft_02261.png,0.05575401702479328,True,26.034376558751077
ft_02262.png,0.09896799879952739,True,25.071135937881035
ft_02263.png,0.11825065982725776,True,25.837778166880554
ft_02264.png,0.0671496796668736,True,26.14866475526609
ft_02265.png,0.0799759027181884,True,24.55600376197345
ft_02266.png,0.07916871745660993,True,26.84873532444927
ft_02267.png,0.058687523686052984,True,26.159262564373414
ft_02268.png,0.13859460313659344,True,24.837394416470776
ft_02269.png,0.062396924904503215,True,25.29751314268001
ft_02270.png,0.10545393706619237,True,25.676774257689825
ft_02271.png,0.12060824406259077,True,24.795533977331424
ft_02272.png,0.08618927639128077,True,25.080550411906675
ft_02273.png,0.14996790203743343,True,25.718612301150905
ft_02274.png,0.1067042564764093,True,24.78398862695687
ft_02275.png,0.09172119507243187,True,24.706789566364534
ft_02276.png,0.07371262743329036,True,24.849658172790544
ft_02277.png,0.14917851622608913,True,25.01346930256539
ft_02278.png,0.07125079367695827,True,25.27452543312176
ft_02279.png,0.12180675634881628,True,25.907615479228273
ft_02280.png,0.10008032223183982,True,25.831086628409118
ft_02281.png,0.14895029271454324,True,25.54637824772337
ft_02282.png,0.09060652930266686,True,25.37730981480436
ft_02283.png,0.09303562951638615,True,27.573128944730176
ft_02284.png,0.07900919920390989,True,24.72588458983033
ft_02285.png,0.13123225534884353,True,25.988233816624277
ft_02286.png,0.06302043656670693,True,26.766095236328727
ft_02287.png,0.10182674018989588,True,25.676590973973397
ft_02288.png,0.13371941387483838,True,26.335128736847825
ft_02289.png,0.09499683511730758,True,24.590942612227234
ft_02290.png,0.10383291580039478,True,26.29647043240025
ft_02291.png,0.14609371402901428,True,25.75025383780675
ft_02292.png,0.07720923335194976,True,24.53802041971177
ft_02293.png,0.12186464884802845,True,25.694097425314265
ft_02294.png,0.07124250214613334,True,26.47687148087179
ft_02295.png,0.1461042431921435,True,24.864707198716015
ft_02296.png,0.10457711170814088,True,25.893020029696984
ft_02297.png,0.0805266828154889,True,26.251263740560688
ft_02298.png,0.14574578075303568,True,25.682256508741514
ft_02299.png,0.09404342233103452,True,25.5809500189955
ft_02300.png,0.08063419518159469,True,24.851771532142266
ft_02301.png,0.1336537799510831,True,24.94162944335264
ft_02302.png,0.0779819529278445,True,25.882930697572924
ft_02303.png,0.12403005360223783,True,25.37896147148644
ft_02304.png,0.05420642434908222,True,24.92083115801327
ft_02305.png,0.08972540661885149,True,25.90272764138737
ft_02306.png,0.12384069757526392,True,25.994982049906117
ft_02307.png,0.07787083747983062,True,25.71198061885482
ft_02308.png,0.14049702654725726,True,25.46673310546901
ft_02309.png,0.060271709905373394,True,23.545495527818787
ft_02310.png,0.07663558809662471,True,26.239352981241474
ft_02311.png,0.06430828566998018,True,25.53676693819151
ft_02312.png,0.09254429390048552,True,25.027589786834636
ft_02313.png,0.1454833964594956,True,25.92815200645322
ft_02314.png,0.13870187011083995,True,25.45858629809409
ft_02315.png,0.12333565436029341,True,25.986458437023494
ft_02316.png,0.0847162735205051,True,24.910875095381435
ft_02317.png,0.06951654148860154,True,25.01904396971756
ft_02318.png,0.08988476556328037,True,24.904876850954437
ft_02319.png,0.10512498833231729,True,25.233474816712842
ft_02320.png,0.14480263954024947,True,26.75846479266555
ft_02321.png,0.10120326622229822,True,25.195414193801057
ft_02322.png,0.07148626215572458,True,25.125054787242135
ft_02323.png,0.05148018115442983,True,24.80812412906755
ft_02324.png,0.05676049109896747,True,26.574462965644997
ft_02325.png,0.06793135241998907,True,25.117044510921968
ft_02326.png,0.05094096461172906,True,25.080469102170007
ft_02327.png,0.1474886803946756,True,24.78671997541427
ft_02328.png,0.07673325035356478,True,26.851737669893968
ft_02329.png,0.11917713774181553,True,24.3734038489154
ft_02330.png,0.12318259418962357,True,25.499746161190984
ft_02331.png,0.07872163002405218,True,25.311455736360813
ft_02332.png,0.13300916682251912,True,25.824605664341593
ft_02333.png,0.09496675611175417,True,25.411628184607725
ft_02334.png,0.05094198509693557,True,25.227685542196063
ft_02335.png,0.07517815836145611,True,26.059777151646912
ft_02336.png,0.05175947688939608,True,25.320343647039497
ft_02337.png,0.09678670320235983,True,26.011815726044652
ft_02338.png,0.06591046338168004,True,25.88211090600215
ft_02339.png,0.1372172436297951,True,24.7353526470987
ft_02340.png,0.0643070966762283,True,24.53194133841635
ft_02341.png,0.08748741834618894,True,26.124287320132794
ft_02342.png,0.05050277646559616,True,24.139490649518063
ft_02343.png,0.12697962578910907,True,25.035851544099003
ft_02344.png,0.0887803661310354,True,26.131856302917488
ft_02345.png,0.12391810236643122,True,24.74714777532419
ft_02346.png,0.10665230393894545,True,25.83004611091105
ft_02347.png,0.1478147548539686,True,24.07853118892745
ft_02348.png,0.11018130084396205,True,25.419358962085944
ft_02349.png,0.12053326229507048,True,25.154138259572495
ft_02350.png,0.08292421007370687,True,26.225623254874883
ft_02351.png,0.10690036493450593,True,25.243598322034927
ft_02352.png,0.09010554991226949,True,25.605573518135465
ft_02353.png,0.08303084050097048,True,24.076875086836168
ft_02354.png,0.1266020985573032,True,24.565635897802707
ft_02355.png,0.09985307084077405,True,25.702957068667196
ft_02356.png,0.06093933730483573,True,26.17410611197264
ft_02357.png,0.09526577014480078,True,24.65375940939382
ft_02358.png,0.13404473570426512,True,25.03872684632865
ft_02359.png,0.05972860437889779,True,24.69169972435831
ft_02360.png,0.12052088103738746,True,24.858872894698646
ft_02361.png,0.07494410619683944,True,24.971450289909626
ft_02362.png,0.12128748263568358,True,26.122875994093718
ft_02363.png,0.08461483277203455,True,25.488206646746615
ft_02364.png,0.08004704678297594,True,26.47754862799748
ft_02365.png,0.0840857007239711,True,25.646318593127585
ft_02366.png,0.06841205889662953,True,25.227749391124906
ft_02367.png,0.1299701687966745,True,26.04930142975343
ft_02368.png,0.1048250796966608,True,26.33905429794661
ft_02369.png,0.09431977089252877,True,24.423020691200705
ft_02370.png,0.07260300473398591,True,26.882252460581846
ft_02371.png,0.0627605010251988,True,26.078962028190183
ft_02372.png,0.06785363372309565,True,24.46036381551533
ft_02373.png,0.06695858870246556,True,25.838141795954215
ft_02374.png,0.1270289875417025,True,24.342365300840395
ft_02375.png,0.09662235430647073,True,25.13598559334788
ft_02376.png,0.12240380667700924,True,24.9979900001808
ft_02377.png,0.10136083490589759,True,25.29114969140523
ft_02378.png,0.050216860472974356,True,25.489833208110095
ft_02379.png,0.0861799844401223,True,25.224480377846007
ft_02380.png,0.11089224340559015,True,26.63156902782565
ft_02381.png,0.1370039792605281,True,25.435294032383116
ft_02382.png,0.1240886586955339,True,25.109320855042245
ft_02383.png,0.050435940998912424,True,25.821154658087117
ft_02384.png,0.08113929771607281,True,25.253932716256756
ft_02385.png,0.08328103544304001,True,25.160934210759432
ft_02386.png,0.09903692632935615,True,25.163455054613813
ft_02387.png,0.13855467689145717,True,25.351908828255098
ft_02388.png,0.10265700117155938,True,25.82229079838759
ft_02389.png,0.1323058874484203,True,25.126302333664306
ft_02390.png,0.0758025660860118,True,25.867562734949153
ft_02391.png,0.09668557591295199,True,27.635973664534767
ft_02392.png,0.05613571611178867,True,24.809081850394694
ft_02393.png,0.11054337716356258,True,25.939136336991282
ft_02394.png,0.12685799566173517,True,24.510710439817846
ft_02395.png,0.08374508132027716,True,25.80610269829434
ft_02396.png,0.14349576844369732,True,25.060157258016513
ft_02397.png,0.055219773344238776,True,25.195538812140956
ft_02398.png,0.13867653320866669,True,25.461372279369186
ft_02399.png,0.14239435190126648,True,24.580125543707865
ft_02400.png,0.10662260844803337,True,24.504595926977032
ft_02401.png,0.08190623468024545,True,24.10716093552242
ft_02402.png,0.10693545007453341,True,25.62995613295164
ft_02403.png,0.08704090238965907,True,25.240417615352996
ft_02404.png,0.07277217136973879,True,24.908079707666886
ft_02405.png,0.1117181283234013,True,25.45916978740979
ft_02406.png,0.12290409241226506,True,26.432565040999418
ft_02407.png,0.10437486865852201,True,25.1219382615291
ft_02408.png,0.09130697677273102,True,25.545970514673826
ft_02409.png,0.13680589928942755,True,24.93577795856593
ft_02410.png,0.14798250498444912,True,24.555376607327123
ft_02411.png,0.14796662212625195,True,24.548151226848173
ft_02412.png,0.05094120995290135,True,25.61714054586329
ft_02413.png,0.11061895058163837,True,25.784655115298115
ft_02414.png,0.09969417230871408,True,25.602966022144066
ft_02415.png,0.06870133856898264,True,25.088720988406735
ft_02416.png,0.057288397911812276,True,26.24122182588294
ft_02417.png,0.13774714895771523,True,23.977215972025054
ft_02418.png,0.09385023349703922,True,24.493959128851714
ft_02419.png,0.09290014843311453,True,25.561502102540693
ft_02420.png,0.06782297681909705,True,26.157061118892145
ft_02421.png,0.13727189827901792,True,24.960880758628008
ft_02422.png,0.12907030831843144,True,25.540894052041516
ft_02423.png,0.13423213899710051,True,25.48571166219295
ft_02424.png,0.11785628221349757,True,26.263651708418003
ft_02425.png,0.09630226396054468,True,26.51267356611616
ft_02426.png,0.07146987481853659,True,25.179482308069808
ft_02427.png,0.08590852499585999,True,24.61972380061756
ft_02428.png,0.06853461058571962,True,24.266896875020045
ft_02429.png,0.14020111589843332,True,25.22570918025824
ft_02430.png,0.06965581135760367,True,25.261513651656266
ft_02431.png,0.10819055863642527,True,24.86945893224481
ft_02432.png,0.14934249131524518,True,25.436867155759852
ft_02433.png,0.06919184414352492,True,25.76226291587672
ft_02434.png,0.11680103454742868,True,25.72411808346606
ft_02435.png,0.10981293561284075,True,24.715293468950506
ft_02436.png,0.0679834465225024,True,25.63042349771368
ft_02437.png,0.08063787040796708,True,26.184674960915718
ft_02438.png,0.06677963507865901,True,25.240216656221563
ft_02439.png,0.12021675286423299,True,25.50424142028994
ft_02440.png,0.09188806994256309,True,25.231444491821257
ft_02441.png,0.10873294273449073,True,24.86825071058159
ft_02442.png,0.11773125969983445,True,24.564655454678114
ft_02443.png,0.13671727527479322,True,24.37017963663174
ft_02444.png,0.08087270986313405,True,24.849875989860543
ft_02445.png,0.08957875563146153,True,25.079379282802478
ft_02446.png,0.055193693183182985,True,25.748697678536594
ft_02447.png,0.05801485512321434,True,25.840887520201285
ft_02448.png,0.11793667777669045,True,28.70748560665418
ft_02449.png,0.14776003101050353,True,25.596774186656205
ft_02450.png,0.054898290866923785,True,26.19849590807821
ft_02451.png,0.09513553765201974,True,25.44978830649944
ft_02452.png,0.05034810849200926,True,24.097284258228623
ft_02453.png,0.1318943675457998,True,25.514823352136673
ft_02454.png,0.13908683829066334,True,24.88936881392113
ft_02455.png,0.07266429606305295,True,25.77755324966647
ft_02456.png,0.08468087693103746,True,25.59023267033783
ft_02457.png,0.14423013813733515,True,26.608137174894853
ft_02458.png,0.0752900007020313,True,26.345445470087366
ft_02459.png,0.053172245755481184,True,26.07086156135274
ft_02460.png,0.12761652139913143,True,26.385349535048093
ft_02461.png,0.05490018910838265,True,25.582945974825698
ft_02462.png,0.05676517252672847,True,26.592735107720145
ft_02463.png,0.08596193923258898,True,24.70591035537032
ft_02464.png,0.14657354119097743,True,25.73798629981094
ft_02465.png,0.0630721546451245,True,24.722243487790912
ft_02466.png,0.05511059353481921,True,25.46293539926692
ft_02467.png,0.11178625351495201,True,24.434110776566374
ft_02468.png,0.06963912932452407,True,24.565858880373156
ft_02469.png,0.08309365314379649,True,25.219046862001125
ft_02470.png,0.0626459485910861,True,24.492921130618374
ft_02471.png,0.09491232805853447,True,24.820566684150826
ft_02472.png,0.09456351028992654,True,24.51536068584092
ft_02473.png,0.06088378300721525,True,25.355086359816454
ft_02474.png,0.13018841829056318,True,24.647688809678087
ft_02475.png,0.10703843291670506,True,25.61653086245084
ft_02476.png,0.1498120743040213,True,25.05490241179085
ft_02477.png,0.07582712662177148,True,24.987839719270752
ft_02478.png,0.09247450210699032,True,26.031345857088837
ft_02479.png,0.08720519138496888,True,24.989761841801542
ft_02480.png,0.1385371781906563,True,25.06408995023543
ft_02481.png,0.08520449976004199,True,25.97306846134943
ft_02482.png,0.07182452665650946,True,24.72085551533562
ft_02483.png,0.14511446494225527,True,24.489451784348795
ft_02484.png,0.07726231013900485,True,27.018989904428295
ft_02485.png,0.053309491642483026,True,25.414687335531045
ft_02486.png,0.14966873396542263,True,26.87568253890629
ft_02487.png,0.09213199470527708,True,25.791619340572
ft_02488.png,0.10339112336065576,True,25.468013026742913
ft_02489.png,0.13470728804980914,True,25.620659908423853
ft_02490.png,0.067217465429928,True,25.787725365319773
ft_02491.png,0.08313554399177102,True,25.28618163735014
ft_02492.png,0.07529135648839547,True,24.89306163915235
ft_02493.png,0.06934064722617975,True,24.26403845864115
ft_02494.png,0.07585369270310233,True,25.254291265398884
ft_02495.png,0.08344288317860553,True,24.35891143579478
ft_02496.png,0.14308750864432218,True,24.27363818096397
ft_02497.png,0.09448404306221135,True,25.873638003788635
ft_02498.png,0.0730546958215084,True,25.631064451716057
ft_02499.png,0.07650893163426913,True,24.558509599064354
